"StudyID","SnapshotDate","GroupLevel","GroupID","MetricID","State","AssignedTo","RiskSignalID","RiskSignalURL","SignalDescription","RecommendedAction","ActionTaken","CTMSID","CreatedDate","ResolvedDate","ExtractionDate","RiskSignalDuplicateFlag","RelevantSnapshotDate","RelevantSnapshotFlag","RiskSignalAge","FunctionalArea","GroupLabel","MetricLabel","MetricAbbreviation","Country"
"AA-AA-000-0000",2025-02-01,"Site","0X1257","Analysis_kri0001","No Action",,900001,"https://dev.azure.com/Gilead-RND-CDS-RBQM/AA-AA-000-0000/_workitems/edit/900001","Synthetic risk signal for Analysis_kri0001 at 0X1257","Review the synthetic risk signal.","Synthetic triage found no action required.",,2025-02-02,2025-02-08,2025-04-15,FALSE,2025-02-01,TRUE,8,"Central Monitoring","Doe","Adverse Event Rate","AE","Japan"
"AA-AA-000-0000",2025-02-01,"Site","0X1750","Analysis_kri0002","Awaiting Triage",,900002,"https://dev.azure.com/Gilead-RND-CDS-RBQM/AA-AA-000-0000/_workitems/edit/900002","Synthetic risk signal for Analysis_kri0002 at 0X1750","Review the synthetic risk signal.",,,2025-02-02,,2025-04-15,FALSE,2025-02-01,TRUE,74,"Central Monitoring","Smith","Serious Adverse Event Rate","SAE","US"
"AA-AA-000-0000",2025-02-01,"Site","0X1750","Analysis_kri0014","No Action",,900003,"https://dev.azure.com/Gilead-RND-CDS-RBQM/AA-AA-000-0000/_workitems/edit/900003","Synthetic risk signal for Analysis_kri0014 at 0X1750","Review the synthetic risk signal.","Synthetic triage found no action required.",,2025-02-02,2025-02-08,2025-04-15,FALSE,2025-02-01,TRUE,8,"Central Monitoring","Smith","Ineligibility","IE","US"
"AA-AA-000-0000",2025-02-01,"Site","0X1910","Analysis_kri0004","No Action",,900004,"https://dev.azure.com/Gilead-RND-CDS-RBQM/AA-AA-000-0000/_workitems/edit/900004","Synthetic risk signal for Analysis_kri0004 at 0X1910","Review the synthetic risk signal.","Synthetic triage found no action required.",,2025-02-02,2025-02-08,2025-04-15,FALSE,2025-02-01,TRUE,8,"Central Monitoring","Deer","Important Protocol Deviation Rate","IPD","US"
"AA-AA-000-0000",2025-02-01,"Site","0X1910","Analysis_kri0014","Closed Action","Synthetic Monitor",900005,"https://dev.azure.com/Gilead-RND-CDS-RBQM/AA-AA-000-0000/_workitems/edit/900005","Synthetic risk signal for Analysis_kri0014 at 0X1910","Review the synthetic risk signal.","Synthetic action completed.",,2025-02-02,2025-02-08,2025-04-15,FALSE,2025-04-01,FALSE,8,"Central Monitoring","Deer","Ineligibility","IE","US"
"AA-AA-000-0000",2025-02-01,"Site","0X213","Analysis_kri0014","Closed Action","Synthetic Monitor",900006,"https://dev.azure.com/Gilead-RND-CDS-RBQM/AA-AA-000-0000/_workitems/edit/900006","Synthetic risk signal for Analysis_kri0014 at 0X213","Review the synthetic risk signal.","Synthetic action completed.",,2025-02-02,2025-02-08,2025-04-15,FALSE,2025-04-01,FALSE,8,"Central Monitoring","Smith","Ineligibility","IE","UK"
"AA-AA-000-0000",2025-02-01,"Site","0X2170","Analysis_kri0002","Closed Action","Synthetic Monitor",900007,"https://dev.azure.com/Gilead-RND-CDS-RBQM/AA-AA-000-0000/_workitems/edit/900007","Synthetic risk signal for Analysis_kri0002 at 0X2170","Review the synthetic risk signal.","Synthetic action completed.",,2025-02-02,2025-02-08,2025-04-15,FALSE,2025-02-01,TRUE,8,"Central Monitoring","Deer","Serious Adverse Event Rate","SAE","Japan"
"AA-AA-000-0000",2025-02-01,"Site","0X2192","Analysis_kri0002","Open Action","Synthetic Monitor",900008,"https://dev.azure.com/Gilead-RND-CDS-RBQM/AA-AA-000-0000/_workitems/edit/900008","Synthetic risk signal for Analysis_kri0002 at 0X2192","Review the synthetic risk signal.",,,2025-02-02,,2025-04-15,FALSE,2025-02-01,TRUE,74,"Central Monitoring","Deer","Serious Adverse Event Rate","SAE","UK"
"AA-AA-000-0000",2025-02-01,"Site","0X2192","Analysis_kri0014","Open Action","Synthetic Monitor",900009,"https://dev.azure.com/Gilead-RND-CDS-RBQM/AA-AA-000-0000/_workitems/edit/900009","Synthetic risk signal for Analysis_kri0014 at 0X2192","Review the synthetic risk signal.",,,2025-02-02,,2025-04-15,FALSE,2025-02-01,TRUE,74,"Central Monitoring","Deer","Ineligibility","IE","UK"
"AA-AA-000-0000",2025-02-01,"Site","0X2532","Analysis_kri0002","Awaiting Triage",,900010,"https://dev.azure.com/Gilead-RND-CDS-RBQM/AA-AA-000-0000/_workitems/edit/900010","Synthetic risk signal for Analysis_kri0002 at 0X2532","Review the synthetic risk signal.",,,2025-02-02,,2025-04-15,FALSE,2025-02-01,TRUE,74,"Central Monitoring","Doe","Serious Adverse Event Rate","SAE","US"
"AA-AA-000-0000",2025-02-01,"Site","0X2532","Analysis_kri0004","Open Action","Synthetic Monitor",900011,"https://dev.azure.com/Gilead-RND-CDS-RBQM/AA-AA-000-0000/_workitems/edit/900011","Synthetic risk signal for Analysis_kri0004 at 0X2532","Review the synthetic risk signal.",,,2025-02-02,,2025-04-15,FALSE,2025-02-01,TRUE,74,"Central Monitoring","Doe","Important Protocol Deviation Rate","IPD","US"
"AA-AA-000-0000",2025-02-01,"Site","0X2532","Analysis_kri0014","Open Action","Synthetic Monitor",900012,"https://dev.azure.com/Gilead-RND-CDS-RBQM/AA-AA-000-0000/_workitems/edit/900012","Synthetic risk signal for Analysis_kri0014 at 0X2532","Review the synthetic risk signal.",,,2025-02-02,,2025-04-15,FALSE,2025-02-01,TRUE,74,"Central Monitoring","Doe","Ineligibility","IE","US"
"AA-AA-000-0000",2025-02-01,"Site","0X3090","Analysis_kri0011","Closed Action","Synthetic Monitor",900013,"https://dev.azure.com/Gilead-RND-CDS-RBQM/AA-AA-000-0000/_workitems/edit/900013","Synthetic risk signal for Analysis_kri0011 at 0X3090","Review the synthetic risk signal.","Synthetic action completed.",,2025-02-02,2025-02-08,2025-04-15,FALSE,2025-04-01,FALSE,8,"Central Monitoring","Smith","Data Change Rate","CDAT","US"
"AA-AA-000-0000",2025-02-01,"Site","0X3909","Analysis_kri0014","Open Action","Synthetic Monitor",900014,"https://dev.azure.com/Gilead-RND-CDS-RBQM/AA-AA-000-0000/_workitems/edit/900014","Synthetic risk signal for Analysis_kri0014 at 0X3909","Review the synthetic risk signal.",,,2025-02-02,,2025-04-15,FALSE,2025-02-01,TRUE,74,"Central Monitoring","Smith","Ineligibility","IE","Japan"
"AA-AA-000-0000",2025-02-01,"Site","0X3989","Analysis_kri0014","Awaiting Triage",,900015,"https://dev.azure.com/Gilead-RND-CDS-RBQM/AA-AA-000-0000/_workitems/edit/900015","Synthetic risk signal for Analysis_kri0014 at 0X3989","Review the synthetic risk signal.",,,2025-02-02,,2025-04-15,FALSE,2025-03-01,FALSE,74,"Central Monitoring","Smith","Ineligibility","IE","US"
"AA-AA-000-0000",2025-02-01,"Site","0X4323","Analysis_kri0013","No Action",,900016,"https://dev.azure.com/Gilead-RND-CDS-RBQM/AA-AA-000-0000/_workitems/edit/900016","Synthetic risk signal for Analysis_kri0013 at 0X4323","Review the synthetic risk signal.","Synthetic triage found no action required.",,2025-02-02,2025-02-08,2025-04-15,FALSE,2025-02-01,TRUE,8,"Central Monitoring","Smith","PK Collection Compliance Rate","PK","US"
"AA-AA-000-0000",2025-02-01,"Site","0X4323","Analysis_kri0014","Open Action","Synthetic Monitor",900017,"https://dev.azure.com/Gilead-RND-CDS-RBQM/AA-AA-000-0000/_workitems/edit/900017","Synthetic risk signal for Analysis_kri0014 at 0X4323","Review the synthetic risk signal.",,,2025-02-02,,2025-04-15,FALSE,2025-02-01,TRUE,74,"Central Monitoring","Smith","Ineligibility","IE","US"
"AA-AA-000-0000",2025-02-01,"Site","0X4485","Analysis_kri0014","No Action",,900018,"https://dev.azure.com/Gilead-RND-CDS-RBQM/AA-AA-000-0000/_workitems/edit/900018","Synthetic risk signal for Analysis_kri0014 at 0X4485","Review the synthetic risk signal.","Synthetic triage found no action required.",,2025-02-02,2025-02-08,2025-04-15,FALSE,2025-02-01,TRUE,8,"Central Monitoring","Doe","Ineligibility","IE","US"
"AA-AA-000-0000",2025-02-01,"Site","0X4590","Analysis_kri0013","Closed Action","Synthetic Monitor",900019,"https://dev.azure.com/Gilead-RND-CDS-RBQM/AA-AA-000-0000/_workitems/edit/900019","Synthetic risk signal for Analysis_kri0013 at 0X4590","Review the synthetic risk signal.","Synthetic action completed.",,2025-02-02,2025-02-08,2025-04-15,FALSE,2025-03-01,FALSE,8,"Central Monitoring","Smith","PK Collection Compliance Rate","PK","US"
"AA-AA-000-0000",2025-02-01,"Site","0X4629","Analysis_kri0005","No Action",,900020,"https://dev.azure.com/Gilead-RND-CDS-RBQM/AA-AA-000-0000/_workitems/edit/900020","Synthetic risk signal for Analysis_kri0005 at 0X4629","Review the synthetic risk signal.","Synthetic triage found no action required.",,2025-02-02,2025-02-08,2025-04-15,FALSE,2025-02-01,TRUE,8,"Central Monitoring","Doe","Grade 3+ Lab Abnormality Rate","LB","Japan"
"AA-AA-000-0000",2025-02-01,"Site","0X4959","Analysis_kri0014","No Action",,900021,"https://dev.azure.com/Gilead-RND-CDS-RBQM/AA-AA-000-0000/_workitems/edit/900021","Synthetic risk signal for Analysis_kri0014 at 0X4959","Review the synthetic risk signal.","Synthetic triage found no action required.",,2025-02-02,2025-02-08,2025-04-15,FALSE,2025-02-01,TRUE,8,"Central Monitoring","Doe","Ineligibility","IE","US"
"AA-AA-000-0000",2025-02-01,"Site","0X4959","Analysis_kri0015","No Action",,900022,"https://dev.azure.com/Gilead-RND-CDS-RBQM/AA-AA-000-0000/_workitems/edit/900022","Synthetic risk signal for Analysis_kri0015 at 0X4959","Review the synthetic risk signal.","Synthetic triage found no action required.",,2025-02-02,2025-02-08,2025-04-15,FALSE,2025-02-01,TRUE,8,"Central Monitoring","Doe","Premature Death Rate","DTH90","US"
"AA-AA-000-0000",2025-02-01,"Site","0X5895","Analysis_kri0014","Open Action","Synthetic Monitor",900023,"https://dev.azure.com/Gilead-RND-CDS-RBQM/AA-AA-000-0000/_workitems/edit/900023","Synthetic risk signal for Analysis_kri0014 at 0X5895","Review the synthetic risk signal.",,,2025-02-02,,2025-04-15,FALSE,2025-02-01,TRUE,74,"Central Monitoring","Deer","Ineligibility","IE","Japan"
"AA-AA-000-0000",2025-02-01,"Site","0X6405","Analysis_kri0014","Open Action","Synthetic Monitor",900024,"https://dev.azure.com/Gilead-RND-CDS-RBQM/AA-AA-000-0000/_workitems/edit/900024","Synthetic risk signal for Analysis_kri0014 at 0X6405","Review the synthetic risk signal.",,,2025-02-02,,2025-04-15,FALSE,2025-02-01,TRUE,74,"Central Monitoring","Doe","Ineligibility","IE","US"
"AA-AA-000-0000",2025-02-01,"Site","0X6405","Analysis_kri0019","Closed Action","Synthetic Monitor",900025,"https://dev.azure.com/Gilead-RND-CDS-RBQM/AA-AA-000-0000/_workitems/edit/900025","Synthetic risk signal for Analysis_kri0019 at 0X6405","Review the synthetic risk signal.","Synthetic action completed.",,2025-02-02,2025-02-08,2025-04-15,FALSE,2025-03-01,FALSE,8,"Central Monitoring","Doe","IP Non-Starter Rate","IPNS","US"
"AA-AA-000-0000",2025-02-01,"Site","0X6603","Analysis_kri0014","No Action",,900026,"https://dev.azure.com/Gilead-RND-CDS-RBQM/AA-AA-000-0000/_workitems/edit/900026","Synthetic risk signal for Analysis_kri0014 at 0X6603","Review the synthetic risk signal.","Synthetic triage found no action required.",,2025-02-02,2025-02-08,2025-04-15,FALSE,2025-02-01,TRUE,8,"Central Monitoring","Smith","Ineligibility","IE","UK"
"AA-AA-000-0000",2025-02-01,"Site","0X6900","Analysis_kri0014","Open Action","Synthetic Monitor",900027,"https://dev.azure.com/Gilead-RND-CDS-RBQM/AA-AA-000-0000/_workitems/edit/900027","Synthetic risk signal for Analysis_kri0014 at 0X6900","Review the synthetic risk signal.",,,2025-02-02,,2025-04-15,FALSE,2025-02-01,TRUE,74,"Central Monitoring","Deer","Ineligibility","IE","Japan"
"AA-AA-000-0000",2025-02-01,"Site","0X759","Analysis_kri0012","Awaiting Triage",,900028,"https://dev.azure.com/Gilead-RND-CDS-RBQM/AA-AA-000-0000/_workitems/edit/900028","Synthetic risk signal for Analysis_kri0012 at 0X759","Review the synthetic risk signal.",,,2025-02-02,,2025-04-15,FALSE,2025-02-01,TRUE,74,"Central Monitoring","Smith","Screen Failure Rate","SF","US"
"AA-AA-000-0000",2025-02-01,"Site","0X7809","Analysis_kri0002","No Action",,900029,"https://dev.azure.com/Gilead-RND-CDS-RBQM/AA-AA-000-0000/_workitems/edit/900029","Synthetic risk signal for Analysis_kri0002 at 0X7809","Review the synthetic risk signal.","Synthetic triage found no action required.",,2025-02-02,2025-02-08,2025-04-15,FALSE,2025-02-01,TRUE,8,"Central Monitoring","Deer","Serious Adverse Event Rate","SAE","Japan"
"AA-AA-000-0000",2025-02-01,"Site","0X7809","Analysis_kri0014","No Action",,900030,"https://dev.azure.com/Gilead-RND-CDS-RBQM/AA-AA-000-0000/_workitems/edit/900030","Synthetic risk signal for Analysis_kri0014 at 0X7809","Review the synthetic risk signal.","Synthetic triage found no action required.",,2025-02-02,2025-02-08,2025-04-15,FALSE,2025-02-01,TRUE,8,"Central Monitoring","Deer","Ineligibility","IE","Japan"
"AA-AA-000-0000",2025-02-01,"Site","0X8091","Analysis_kri0014","Open Action","Synthetic Monitor",900031,"https://dev.azure.com/Gilead-RND-CDS-RBQM/AA-AA-000-0000/_workitems/edit/900031","Synthetic risk signal for Analysis_kri0014 at 0X8091","Review the synthetic risk signal.",,,2025-02-02,,2025-04-15,FALSE,2025-02-01,TRUE,74,"Central Monitoring","Smith","Ineligibility","IE","UK"
"AA-AA-000-0000",2025-02-01,"Site","0X8351","Analysis_kri0002","Awaiting Triage",,900032,"https://dev.azure.com/Gilead-RND-CDS-RBQM/AA-AA-000-0000/_workitems/edit/900032","Synthetic risk signal for Analysis_kri0002 at 0X8351","Review the synthetic risk signal.",,,2025-02-02,,2025-04-15,FALSE,2025-03-01,FALSE,74,"Central Monitoring","Deer","Serious Adverse Event Rate","SAE","UK"
"AA-AA-000-0000",2025-02-01,"Site","0X8354","Analysis_kri0001","No Action",,900033,"https://dev.azure.com/Gilead-RND-CDS-RBQM/AA-AA-000-0000/_workitems/edit/900033","Synthetic risk signal for Analysis_kri0001 at 0X8354","Review the synthetic risk signal.","Synthetic triage found no action required.",,2025-02-02,2025-02-08,2025-04-15,FALSE,2025-02-01,TRUE,8,"Central Monitoring","Deer","Adverse Event Rate","AE","Japan"
"AA-AA-000-0000",2025-02-01,"Site","0X8354","Analysis_kri0002","No Action",,900034,"https://dev.azure.com/Gilead-RND-CDS-RBQM/AA-AA-000-0000/_workitems/edit/900034","Synthetic risk signal for Analysis_kri0002 at 0X8354","Review the synthetic risk signal.","Synthetic triage found no action required.",,2025-02-02,2025-02-08,2025-04-15,FALSE,2025-02-01,TRUE,8,"Central Monitoring","Deer","Serious Adverse Event Rate","SAE","Japan"
"AA-AA-000-0000",2025-02-01,"Site","0X8354","Analysis_kri0012","Open Action","Synthetic Monitor",900035,"https://dev.azure.com/Gilead-RND-CDS-RBQM/AA-AA-000-0000/_workitems/edit/900035","Synthetic risk signal for Analysis_kri0012 at 0X8354","Review the synthetic risk signal.",,,2025-02-02,,2025-04-15,FALSE,2025-02-01,TRUE,74,"Central Monitoring","Deer","Screen Failure Rate","SF","Japan"
"AA-AA-000-0000",2025-02-01,"Site","0X8625","Analysis_kri0014","Closed Action","Synthetic Monitor",900036,"https://dev.azure.com/Gilead-RND-CDS-RBQM/AA-AA-000-0000/_workitems/edit/900036","Synthetic risk signal for Analysis_kri0014 at 0X8625","Review the synthetic risk signal.","Synthetic action completed.",,2025-02-02,2025-02-08,2025-04-15,FALSE,2025-04-01,FALSE,8,"Central Monitoring","Deer","Ineligibility","IE","US"
"AA-AA-000-0000",2025-02-01,"Site","0X8633","Analysis_kri0014","No Action",,900037,"https://dev.azure.com/Gilead-RND-CDS-RBQM/AA-AA-000-0000/_workitems/edit/900037","Synthetic risk signal for Analysis_kri0014 at 0X8633","Review the synthetic risk signal.","Synthetic triage found no action required.",,2025-02-02,2025-02-08,2025-04-15,FALSE,2025-02-01,TRUE,8,"Central Monitoring","Smith","Ineligibility","IE","Japan"
"AA-AA-000-0000",2025-02-01,"Site","0X8764","Analysis_kri0002","No Action",,900038,"https://dev.azure.com/Gilead-RND-CDS-RBQM/AA-AA-000-0000/_workitems/edit/900038","Synthetic risk signal for Analysis_kri0002 at 0X8764","Review the synthetic risk signal.","Synthetic triage found no action required.",,2025-02-02,2025-02-08,2025-04-15,FALSE,2025-02-01,TRUE,8,"Central Monitoring","Smith","Serious Adverse Event Rate","SAE","Japan"
"AA-AA-000-0000",2025-02-01,"Site","0X8764","Analysis_kri0014","No Action",,900039,"https://dev.azure.com/Gilead-RND-CDS-RBQM/AA-AA-000-0000/_workitems/edit/900039","Synthetic risk signal for Analysis_kri0014 at 0X8764","Review the synthetic risk signal.","Synthetic triage found no action required.",,2025-02-02,2025-02-08,2025-04-15,FALSE,2025-02-01,TRUE,8,"Central Monitoring","Smith","Ineligibility","IE","Japan"
"AA-AA-000-0000",2025-02-01,"Site","0X8799","Analysis_kri0014","Open Action","Synthetic Monitor",900040,"https://dev.azure.com/Gilead-RND-CDS-RBQM/AA-AA-000-0000/_workitems/edit/900040","Synthetic risk signal for Analysis_kri0014 at 0X8799","Review the synthetic risk signal.",,,2025-02-02,,2025-04-15,FALSE,2025-02-01,TRUE,74,"Central Monitoring","Doe","Ineligibility","IE","UK"
"AA-AA-000-0000",2025-02-01,"Site","0X9142","Analysis_kri0014","Awaiting Triage",,900041,"https://dev.azure.com/Gilead-RND-CDS-RBQM/AA-AA-000-0000/_workitems/edit/900041","Synthetic risk signal for Analysis_kri0014 at 0X9142","Review the synthetic risk signal.",,,2025-02-02,,2025-04-15,FALSE,2025-04-01,FALSE,74,"Central Monitoring","Smith","Ineligibility","IE","Japan"
"AA-AA-000-0000",2025-02-01,"Site","0X9346","Analysis_kri0001","Awaiting Triage",,900042,"https://dev.azure.com/Gilead-RND-CDS-RBQM/AA-AA-000-0000/_workitems/edit/900042","Synthetic risk signal for Analysis_kri0001 at 0X9346","Review the synthetic risk signal.",,,2025-02-02,,2025-04-15,FALSE,2025-03-01,FALSE,74,"Central Monitoring","Doe","Adverse Event Rate","AE","UK"
"AA-AA-000-0000",2025-02-01,"Site","0X9360","Analysis_kri0001","No Action",,900043,"https://dev.azure.com/Gilead-RND-CDS-RBQM/AA-AA-000-0000/_workitems/edit/900043","Synthetic risk signal for Analysis_kri0001 at 0X9360","Review the synthetic risk signal.","Synthetic triage found no action required.",,2025-02-02,2025-02-08,2025-04-15,FALSE,2025-02-01,TRUE,8,"Central Monitoring","Smith","Adverse Event Rate","AE","Japan"
"AA-AA-000-0000",2025-02-01,"Site","0X958","Analysis_kri0014","No Action",,900044,"https://dev.azure.com/Gilead-RND-CDS-RBQM/AA-AA-000-0000/_workitems/edit/900044","Synthetic risk signal for Analysis_kri0014 at 0X958","Review the synthetic risk signal.","Synthetic triage found no action required.",,2025-02-02,2025-02-08,2025-04-15,FALSE,2025-02-01,TRUE,8,"Central Monitoring","Deer","Ineligibility","IE","UK"
"AA-AA-000-0000",2025-02-01,"Site","0X9580","Analysis_kri0002","Awaiting Triage",,900045,"https://dev.azure.com/Gilead-RND-CDS-RBQM/AA-AA-000-0000/_workitems/edit/900045","Synthetic risk signal for Analysis_kri0002 at 0X9580","Review the synthetic risk signal.",,,2025-02-02,,2025-04-15,FALSE,2025-03-01,FALSE,74,"Central Monitoring","Deer","Serious Adverse Event Rate","SAE","UK"
"AA-AA-000-0000",2025-02-01,"Site","0X9580","Analysis_kri0014","Awaiting Triage",,900046,"https://dev.azure.com/Gilead-RND-CDS-RBQM/AA-AA-000-0000/_workitems/edit/900046","Synthetic risk signal for Analysis_kri0014 at 0X9580","Review the synthetic risk signal.",,,2025-02-02,,2025-04-15,FALSE,2025-03-01,FALSE,74,"Central Monitoring","Deer","Ineligibility","IE","UK"
"AA-AA-000-0000",2025-02-01,"Site","0X9858","Analysis_kri0014","No Action",,900047,"https://dev.azure.com/Gilead-RND-CDS-RBQM/AA-AA-000-0000/_workitems/edit/900047","Synthetic risk signal for Analysis_kri0014 at 0X9858","Review the synthetic risk signal.","Synthetic triage found no action required.",,2025-02-02,2025-02-08,2025-04-15,FALSE,2025-02-01,TRUE,8,"Central Monitoring","Doe","Ineligibility","IE","UK"
"AA-AA-000-0000",2025-03-01,"Site","0X101","Analysis_kri0002","No Action",,900048,"https://dev.azure.com/Gilead-RND-CDS-RBQM/AA-AA-000-0000/_workitems/edit/900048","Synthetic risk signal for Analysis_kri0002 at 0X101","Review the synthetic risk signal.","Synthetic triage found no action required.",,2025-03-02,2025-03-08,2025-04-15,FALSE,2025-03-01,TRUE,8,"Central Monitoring","Deer","Serious Adverse Event Rate","SAE","UK"
"AA-AA-000-0000",2025-03-01,"Site","0X1043","Analysis_kri0014","Closed Action","Synthetic Monitor",900049,"https://dev.azure.com/Gilead-RND-CDS-RBQM/AA-AA-000-0000/_workitems/edit/900049","Synthetic risk signal for Analysis_kri0014 at 0X1043","Review the synthetic risk signal.","Synthetic action completed.",,2025-03-02,2025-03-08,2025-04-15,FALSE,2025-04-01,FALSE,8,"Central Monitoring","Doe","Ineligibility","IE","US"
"AA-AA-000-0000",2025-03-01,"Site","0X1257","Analysis_kri0001","No Action",,900050,"https://dev.azure.com/Gilead-RND-CDS-RBQM/AA-AA-000-0000/_workitems/edit/900050","Synthetic risk signal for Analysis_kri0001 at 0X1257","Review the synthetic risk signal.","Synthetic triage found no action required.",,2025-03-02,2025-03-08,2025-04-15,FALSE,2025-02-01,FALSE,8,"Central Monitoring","Doe","Adverse Event Rate","AE","Japan"
"AA-AA-000-0000",2025-03-01,"Site","0X1476","Analysis_kri0014","Awaiting Triage",,900051,"https://dev.azure.com/Gilead-RND-CDS-RBQM/AA-AA-000-0000/_workitems/edit/900051","Synthetic risk signal for Analysis_kri0014 at 0X1476","Review the synthetic risk signal.",,,2025-03-02,,2025-04-15,FALSE,2025-03-01,TRUE,46,"Central Monitoring","Smith","Ineligibility","IE","US"
"AA-AA-000-0000",2025-03-01,"Site","0X1750","Analysis_kri0014","No Action",,900052,"https://dev.azure.com/Gilead-RND-CDS-RBQM/AA-AA-000-0000/_workitems/edit/900052","Synthetic risk signal for Analysis_kri0014 at 0X1750","Review the synthetic risk signal.","Synthetic triage found no action required.",,2025-03-02,2025-03-08,2025-04-15,FALSE,2025-02-01,FALSE,8,"Central Monitoring","Smith","Ineligibility","IE","US"
"AA-AA-000-0000",2025-03-01,"Site","0X1910","Analysis_kri0014","Closed Action","Synthetic Monitor",900053,"https://dev.azure.com/Gilead-RND-CDS-RBQM/AA-AA-000-0000/_workitems/edit/900053","Synthetic risk signal for Analysis_kri0014 at 0X1910","Review the synthetic risk signal.","Synthetic action completed.",,2025-03-02,2025-03-08,2025-04-15,FALSE,2025-04-01,FALSE,8,"Central Monitoring","Deer","Ineligibility","IE","US"
"AA-AA-000-0000",2025-03-01,"Site","0X1982","Analysis_kri0014","Open Action","Synthetic Monitor",900054,"https://dev.azure.com/Gilead-RND-CDS-RBQM/AA-AA-000-0000/_workitems/edit/900054","Synthetic risk signal for Analysis_kri0014 at 0X1982","Review the synthetic risk signal.",,,2025-03-02,,2025-04-15,FALSE,2025-03-01,TRUE,46,"Central Monitoring","Smith","Ineligibility","IE","US"
"AA-AA-000-0000",2025-03-01,"Site","0X213","Analysis_kri0014","Closed Action","Synthetic Monitor",900055,"https://dev.azure.com/Gilead-RND-CDS-RBQM/AA-AA-000-0000/_workitems/edit/900055","Synthetic risk signal for Analysis_kri0014 at 0X213","Review the synthetic risk signal.","Synthetic action completed.",,2025-03-02,2025-03-08,2025-04-15,FALSE,2025-04-01,FALSE,8,"Central Monitoring","Smith","Ineligibility","IE","UK"
"AA-AA-000-0000",2025-03-01,"Site","0X2170","Analysis_kri0012","Closed Action","Synthetic Monitor",900056,"https://dev.azure.com/Gilead-RND-CDS-RBQM/AA-AA-000-0000/_workitems/edit/900056","Synthetic risk signal for Analysis_kri0012 at 0X2170","Review the synthetic risk signal.","Synthetic action completed.",,2025-03-02,2025-03-08,2025-04-15,FALSE,2025-03-01,TRUE,8,"Central Monitoring","Deer","Screen Failure Rate","SF","Japan"
"AA-AA-000-0000",2025-03-01,"Site","0X2192","Analysis_kri0014","Closed Action","Synthetic Monitor",900057,"https://dev.azure.com/Gilead-RND-CDS-RBQM/AA-AA-000-0000/_workitems/edit/900057","Synthetic risk signal for Analysis_kri0014 at 0X2192","Review the synthetic risk signal.","Synthetic action completed.",,2025-03-02,2025-03-08,2025-04-15,FALSE,2025-02-01,FALSE,8,"Central Monitoring","Deer","Ineligibility","IE","UK"
"AA-AA-000-0000",2025-03-01,"Site","0X2323","Analysis_kri0002","Open Action","Synthetic Monitor",900058,"https://dev.azure.com/Gilead-RND-CDS-RBQM/AA-AA-000-0000/_workitems/edit/900058","Synthetic risk signal for Analysis_kri0002 at 0X2323","Review the synthetic risk signal.",,,2025-03-02,,2025-04-15,FALSE,2025-03-01,TRUE,46,"Central Monitoring","Smith","Serious Adverse Event Rate","SAE","Japan"
"AA-AA-000-0000",2025-03-01,"Site","0X2323","Analysis_kri0005","No Action",,900059,"https://dev.azure.com/Gilead-RND-CDS-RBQM/AA-AA-000-0000/_workitems/edit/900059","Synthetic risk signal for Analysis_kri0005 at 0X2323","Review the synthetic risk signal.","Synthetic triage found no action required.",,2025-03-02,2025-03-08,2025-04-15,FALSE,2025-03-01,TRUE,8,"Central Monitoring","Smith","Grade 3+ Lab Abnormality Rate","LB","Japan"
"AA-AA-000-0000",2025-03-01,"Site","0X2323","Analysis_kri0014","Awaiting Triage",,900060,"https://dev.azure.com/Gilead-RND-CDS-RBQM/AA-AA-000-0000/_workitems/edit/900060","Synthetic risk signal for Analysis_kri0014 at 0X2323","Review the synthetic risk signal.",,,2025-03-02,,2025-04-15,FALSE,2025-04-01,FALSE,46,"Central Monitoring","Smith","Ineligibility","IE","Japan"
"AA-AA-000-0000",2025-03-01,"Site","0X2323","Analysis_kri0019","Awaiting Triage",,900061,"https://dev.azure.com/Gilead-RND-CDS-RBQM/AA-AA-000-0000/_workitems/edit/900061","Synthetic risk signal for Analysis_kri0019 at 0X2323","Review the synthetic risk signal.",,,2025-03-02,,2025-04-15,FALSE,2025-03-01,TRUE,46,"Central Monitoring","Smith","IP Non-Starter Rate","IPNS","Japan"
"AA-AA-000-0000",2025-03-01,"Site","0X2413","Analysis_kri0014","Closed Action","Synthetic Monitor",900062,"https://dev.azure.com/Gilead-RND-CDS-RBQM/AA-AA-000-0000/_workitems/edit/900062","Synthetic risk signal for Analysis_kri0014 at 0X2413","Review the synthetic risk signal.","Synthetic action completed.",,2025-03-02,2025-03-08,2025-04-15,FALSE,2025-03-01,TRUE,8,"Central Monitoring","Smith","Ineligibility","IE","Japan"
"AA-AA-000-0000",2025-03-01,"Site","0X2532","Analysis_kri0004","Open Action","Synthetic Monitor",900063,"https://dev.azure.com/Gilead-RND-CDS-RBQM/AA-AA-000-0000/_workitems/edit/900063","Synthetic risk signal for Analysis_kri0004 at 0X2532","Review the synthetic risk signal.",,,2025-03-02,,2025-04-15,FALSE,2025-02-01,FALSE,46,"Central Monitoring","Doe","Important Protocol Deviation Rate","IPD","US"
"AA-AA-000-0000",2025-03-01,"Site","0X2532","Analysis_kri0014","Closed Action","Synthetic Monitor",900064,"https://dev.azure.com/Gilead-RND-CDS-RBQM/AA-AA-000-0000/_workitems/edit/900064","Synthetic risk signal for Analysis_kri0014 at 0X2532","Review the synthetic risk signal.","Synthetic action completed.",,2025-03-02,2025-03-08,2025-04-15,FALSE,2025-02-01,FALSE,8,"Central Monitoring","Doe","Ineligibility","IE","US"
"AA-AA-000-0000",2025-03-01,"Site","0X2532","Analysis_kri0019","No Action",,900065,"https://dev.azure.com/Gilead-RND-CDS-RBQM/AA-AA-000-0000/_workitems/edit/900065","Synthetic risk signal for Analysis_kri0019 at 0X2532","Review the synthetic risk signal.","Synthetic triage found no action required.",,2025-03-02,2025-03-08,2025-04-15,FALSE,2025-03-01,TRUE,8,"Central Monitoring","Doe","IP Non-Starter Rate","IPNS","US"
"AA-AA-000-0000",2025-03-01,"Site","0X3090","Analysis_kri0011","Closed Action","Synthetic Monitor",900066,"https://dev.azure.com/Gilead-RND-CDS-RBQM/AA-AA-000-0000/_workitems/edit/900066","Synthetic risk signal for Analysis_kri0011 at 0X3090","Review the synthetic risk signal.","Synthetic action completed.",,2025-03-02,2025-03-08,2025-04-15,FALSE,2025-04-01,FALSE,8,"Central Monitoring","Smith","Data Change Rate","CDAT","US"
"AA-AA-000-0000",2025-03-01,"Site","0X3090","Analysis_kri0014","Awaiting Triage",,900067,"https://dev.azure.com/Gilead-RND-CDS-RBQM/AA-AA-000-0000/_workitems/edit/900067","Synthetic risk signal for Analysis_kri0014 at 0X3090","Review the synthetic risk signal.",,,2025-03-02,,2025-04-15,FALSE,2025-04-01,FALSE,46,"Central Monitoring","Smith","Ineligibility","IE","US"
"AA-AA-000-0000",2025-03-01,"Site","0X3127","Analysis_kri0001","No Action",,900068,"https://dev.azure.com/Gilead-RND-CDS-RBQM/AA-AA-000-0000/_workitems/edit/900068","Synthetic risk signal for Analysis_kri0001 at 0X3127","Review the synthetic risk signal.","Synthetic triage found no action required.",,2025-03-02,2025-03-08,2025-04-15,FALSE,2025-03-01,TRUE,8,"Central Monitoring","Doe","Adverse Event Rate","AE","US"
"AA-AA-000-0000",2025-03-01,"Site","0X3203","Analysis_kri0014","No Action",,900069,"https://dev.azure.com/Gilead-RND-CDS-RBQM/AA-AA-000-0000/_workitems/edit/900069","Synthetic risk signal for Analysis_kri0014 at 0X3203","Review the synthetic risk signal.","Synthetic triage found no action required.",,2025-03-02,2025-03-08,2025-04-15,FALSE,2025-03-01,TRUE,8,"Central Monitoring","Doe","Ineligibility","IE","UK"
"AA-AA-000-0000",2025-03-01,"Site","0X3289","Analysis_kri0014","Closed Action","Synthetic Monitor",900070,"https://dev.azure.com/Gilead-RND-CDS-RBQM/AA-AA-000-0000/_workitems/edit/900070","Synthetic risk signal for Analysis_kri0014 at 0X3289","Review the synthetic risk signal.","Synthetic action completed.",,2025-03-02,2025-03-08,2025-04-15,FALSE,2025-04-01,FALSE,8,"Central Monitoring","Deer","Ineligibility","IE","US"
"AA-AA-000-0000",2025-03-01,"Site","0X3461","Analysis_kri0014","Open Action","Synthetic Monitor",900071,"https://dev.azure.com/Gilead-RND-CDS-RBQM/AA-AA-000-0000/_workitems/edit/900071","Synthetic risk signal for Analysis_kri0014 at 0X3461","Review the synthetic risk signal.",,,2025-03-02,,2025-04-15,FALSE,2025-03-01,TRUE,46,"Central Monitoring","Deer","Ineligibility","IE","UK"
"AA-AA-000-0000",2025-03-01,"Site","0X3676","Analysis_kri0001","No Action",,900072,"https://dev.azure.com/Gilead-RND-CDS-RBQM/AA-AA-000-0000/_workitems/edit/900072","Synthetic risk signal for Analysis_kri0001 at 0X3676","Review the synthetic risk signal.","Synthetic triage found no action required.",,2025-03-02,2025-03-08,2025-04-15,FALSE,2025-03-01,TRUE,8,"Central Monitoring","Smith","Adverse Event Rate","AE","UK"
"AA-AA-000-0000",2025-03-01,"Site","0X3676","Analysis_kri0014","No Action",,900073,"https://dev.azure.com/Gilead-RND-CDS-RBQM/AA-AA-000-0000/_workitems/edit/900073","Synthetic risk signal for Analysis_kri0014 at 0X3676","Review the synthetic risk signal.","Synthetic triage found no action required.",,2025-03-02,2025-03-08,2025-04-15,FALSE,2025-03-01,TRUE,8,"Central Monitoring","Smith","Ineligibility","IE","UK"
"AA-AA-000-0000",2025-03-01,"Site","0X3907","Analysis_kri0014","Open Action","Synthetic Monitor",900074,"https://dev.azure.com/Gilead-RND-CDS-RBQM/AA-AA-000-0000/_workitems/edit/900074","Synthetic risk signal for Analysis_kri0014 at 0X3907","Review the synthetic risk signal.",,,2025-03-02,,2025-04-15,FALSE,2025-03-01,TRUE,46,"Central Monitoring","Smith","Ineligibility","IE","UK"
"AA-AA-000-0000",2025-03-01,"Site","0X3909","Analysis_kri0001","No Action",,900075,"https://dev.azure.com/Gilead-RND-CDS-RBQM/AA-AA-000-0000/_workitems/edit/900075","Synthetic risk signal for Analysis_kri0001 at 0X3909","Review the synthetic risk signal.","Synthetic triage found no action required.",,2025-03-02,2025-03-08,2025-04-15,FALSE,2025-03-01,TRUE,8,"Central Monitoring","Smith","Adverse Event Rate","AE","Japan"
"AA-AA-000-0000",2025-03-01,"Site","0X3909","Analysis_kri0014","Open Action","Synthetic Monitor",900076,"https://dev.azure.com/Gilead-RND-CDS-RBQM/AA-AA-000-0000/_workitems/edit/900076","Synthetic risk signal for Analysis_kri0014 at 0X3909","Review the synthetic risk signal.",,,2025-03-02,,2025-04-15,FALSE,2025-02-01,FALSE,46,"Central Monitoring","Smith","Ineligibility","IE","Japan"
"AA-AA-000-0000",2025-03-01,"Site","0X3989","Analysis_kri0001","No Action",,900077,"https://dev.azure.com/Gilead-RND-CDS-RBQM/AA-AA-000-0000/_workitems/edit/900077","Synthetic risk signal for Analysis_kri0001 at 0X3989","Review the synthetic risk signal.","Synthetic triage found no action required.",,2025-03-02,2025-03-08,2025-04-15,FALSE,2025-03-01,TRUE,8,"Central Monitoring","Smith","Adverse Event Rate","AE","US"
"AA-AA-000-0000",2025-03-01,"Site","0X3989","Analysis_kri0014","Open Action","Synthetic Monitor",900078,"https://dev.azure.com/Gilead-RND-CDS-RBQM/AA-AA-000-0000/_workitems/edit/900078","Synthetic risk signal for Analysis_kri0014 at 0X3989","Review the synthetic risk signal.",,,2025-03-02,,2025-04-15,FALSE,2025-03-01,TRUE,46,"Central Monitoring","Smith","Ineligibility","IE","US"
"AA-AA-000-0000",2025-03-01,"Site","0X4110","Analysis_kri0001","No Action",,900079,"https://dev.azure.com/Gilead-RND-CDS-RBQM/AA-AA-000-0000/_workitems/edit/900079","Synthetic risk signal for Analysis_kri0001 at 0X4110","Review the synthetic risk signal.","Synthetic triage found no action required.",,2025-03-02,2025-03-08,2025-04-15,FALSE,2025-03-01,TRUE,8,"Central Monitoring","Deer","Adverse Event Rate","AE","US"
"AA-AA-000-0000",2025-03-01,"Site","0X4167","Analysis_kri0004","Closed Action","Synthetic Monitor",900080,"https://dev.azure.com/Gilead-RND-CDS-RBQM/AA-AA-000-0000/_workitems/edit/900080","Synthetic risk signal for Analysis_kri0004 at 0X4167","Review the synthetic risk signal.","Synthetic action completed.",,2025-03-02,2025-03-08,2025-04-15,FALSE,2025-03-01,TRUE,8,"Central Monitoring","Smith","Important Protocol Deviation Rate","IPD","Japan"
"AA-AA-000-0000",2025-03-01,"Site","0X4264","Analysis_kri0014","Awaiting Triage",,900081,"https://dev.azure.com/Gilead-RND-CDS-RBQM/AA-AA-000-0000/_workitems/edit/900081","Synthetic risk signal for Analysis_kri0014 at 0X4264","Review the synthetic risk signal.",,,2025-03-02,,2025-04-15,FALSE,2025-04-01,FALSE,46,"Central Monitoring","Deer","Ineligibility","IE","US"
"AA-AA-000-0000",2025-03-01,"Site","0X4264","Analysis_kri0015","Open Action","Synthetic Monitor",900082,"https://dev.azure.com/Gilead-RND-CDS-RBQM/AA-AA-000-0000/_workitems/edit/900082","Synthetic risk signal for Analysis_kri0015 at 0X4264","Review the synthetic risk signal.",,,2025-03-02,,2025-04-15,FALSE,2025-03-01,TRUE,46,"Central Monitoring","Deer","Premature Death Rate","DTH90","US"
"AA-AA-000-0000",2025-03-01,"Site","0X4323","Analysis_kri0004","Awaiting Triage",,900083,"https://dev.azure.com/Gilead-RND-CDS-RBQM/AA-AA-000-0000/_workitems/edit/900083","Synthetic risk signal for Analysis_kri0004 at 0X4323","Review the synthetic risk signal.",,,2025-03-02,,2025-04-15,FALSE,2025-03-01,TRUE,46,"Central Monitoring","Smith","Important Protocol Deviation Rate","IPD","US"
"AA-AA-000-0000",2025-03-01,"Site","0X4323","Analysis_kri0014","Closed Action","Synthetic Monitor",900084,"https://dev.azure.com/Gilead-RND-CDS-RBQM/AA-AA-000-0000/_workitems/edit/900084","Synthetic risk signal for Analysis_kri0014 at 0X4323","Review the synthetic risk signal.","Synthetic action completed.",,2025-03-02,2025-03-08,2025-04-15,FALSE,2025-02-01,FALSE,8,"Central Monitoring","Smith","Ineligibility","IE","US"
"AA-AA-000-0000",2025-03-01,"Site","0X4485","Analysis_kri0001","Closed Action","Synthetic Monitor",900085,"https://dev.azure.com/Gilead-RND-CDS-RBQM/AA-AA-000-0000/_workitems/edit/900085","Synthetic risk signal for Analysis_kri0001 at 0X4485","Review the synthetic risk signal.","Synthetic action completed.",,2025-03-02,2025-03-08,2025-04-15,FALSE,2025-03-01,TRUE,8,"Central Monitoring","Doe","Adverse Event Rate","AE","US"
"AA-AA-000-0000",2025-03-01,"Site","0X4485","Analysis_kri0014","No Action",,900086,"https://dev.azure.com/Gilead-RND-CDS-RBQM/AA-AA-000-0000/_workitems/edit/900086","Synthetic risk signal for Analysis_kri0014 at 0X4485","Review the synthetic risk signal.","Synthetic triage found no action required.",,2025-03-02,2025-03-08,2025-04-15,FALSE,2025-02-01,FALSE,8,"Central Monitoring","Doe","Ineligibility","IE","US"
"AA-AA-000-0000",2025-03-01,"Site","0X4590","Analysis_kri0013","Closed Action","Synthetic Monitor",900087,"https://dev.azure.com/Gilead-RND-CDS-RBQM/AA-AA-000-0000/_workitems/edit/900087","Synthetic risk signal for Analysis_kri0013 at 0X4590","Review the synthetic risk signal.","Synthetic action completed.",,2025-03-02,2025-03-08,2025-04-15,FALSE,2025-03-01,TRUE,8,"Central Monitoring","Smith","PK Collection Compliance Rate","PK","US"
"AA-AA-000-0000",2025-03-01,"Site","0X4590","Analysis_kri0014","No Action",,900088,"https://dev.azure.com/Gilead-RND-CDS-RBQM/AA-AA-000-0000/_workitems/edit/900088","Synthetic risk signal for Analysis_kri0014 at 0X4590","Review the synthetic risk signal.","Synthetic triage found no action required.",,2025-03-02,2025-03-08,2025-04-15,FALSE,2025-03-01,TRUE,8,"Central Monitoring","Smith","Ineligibility","IE","US"
"AA-AA-000-0000",2025-03-01,"Site","0X4874","Analysis_kri0014","Open Action","Synthetic Monitor",900089,"https://dev.azure.com/Gilead-RND-CDS-RBQM/AA-AA-000-0000/_workitems/edit/900089","Synthetic risk signal for Analysis_kri0014 at 0X4874","Review the synthetic risk signal.",,,2025-03-02,,2025-04-15,FALSE,2025-03-01,TRUE,46,"Central Monitoring","Doe","Ineligibility","IE","Japan"
"AA-AA-000-0000",2025-03-01,"Site","0X4959","Analysis_kri0014","No Action",,900090,"https://dev.azure.com/Gilead-RND-CDS-RBQM/AA-AA-000-0000/_workitems/edit/900090","Synthetic risk signal for Analysis_kri0014 at 0X4959","Review the synthetic risk signal.","Synthetic triage found no action required.",,2025-03-02,2025-03-08,2025-04-15,FALSE,2025-02-01,FALSE,8,"Central Monitoring","Doe","Ineligibility","IE","US"
"AA-AA-000-0000",2025-03-01,"Site","0X4959","Analysis_kri0015","No Action",,900091,"https://dev.azure.com/Gilead-RND-CDS-RBQM/AA-AA-000-0000/_workitems/edit/900091","Synthetic risk signal for Analysis_kri0015 at 0X4959","Review the synthetic risk signal.","Synthetic triage found no action required.",,2025-03-02,2025-03-08,2025-04-15,FALSE,2025-02-01,FALSE,8,"Central Monitoring","Doe","Premature Death Rate","DTH90","US"
"AA-AA-000-0000",2025-03-01,"Site","0X5033","Analysis_kri0014","Open Action","Synthetic Monitor",900092,"https://dev.azure.com/Gilead-RND-CDS-RBQM/AA-AA-000-0000/_workitems/edit/900092","Synthetic risk signal for Analysis_kri0014 at 0X5033","Review the synthetic risk signal.",,,2025-03-02,,2025-04-15,FALSE,2025-03-01,TRUE,46,"Central Monitoring","Smith","Ineligibility","IE","US"
"AA-AA-000-0000",2025-03-01,"Site","0X5384","Analysis_kri0014","Awaiting Triage",,900093,"https://dev.azure.com/Gilead-RND-CDS-RBQM/AA-AA-000-0000/_workitems/edit/900093","Synthetic risk signal for Analysis_kri0014 at 0X5384","Review the synthetic risk signal.",,,2025-03-02,,2025-04-15,FALSE,2025-04-01,FALSE,46,"Central Monitoring","Smith","Ineligibility","IE","UK"
"AA-AA-000-0000",2025-03-01,"Site","0X5895","Analysis_kri0003","Awaiting Triage",,900094,"https://dev.azure.com/Gilead-RND-CDS-RBQM/AA-AA-000-0000/_workitems/edit/900094","Synthetic risk signal for Analysis_kri0003 at 0X5895","Review the synthetic risk signal.",,,2025-03-02,,2025-04-15,FALSE,2025-03-01,TRUE,46,"Central Monitoring","Deer","Non-Important Protocol Deviation Rate","PD","Japan"
"AA-AA-000-0000",2025-03-01,"Site","0X5895","Analysis_kri0014","Closed Action","Synthetic Monitor",900095,"https://dev.azure.com/Gilead-RND-CDS-RBQM/AA-AA-000-0000/_workitems/edit/900095","Synthetic risk signal for Analysis_kri0014 at 0X5895","Review the synthetic risk signal.","Synthetic action completed.",,2025-03-02,2025-03-08,2025-04-15,FALSE,2025-02-01,FALSE,8,"Central Monitoring","Deer","Ineligibility","IE","Japan"
"AA-AA-000-0000",2025-03-01,"Site","0X6040","Analysis_kri0014","Closed Action","Synthetic Monitor",900096,"https://dev.azure.com/Gilead-RND-CDS-RBQM/AA-AA-000-0000/_workitems/edit/900096","Synthetic risk signal for Analysis_kri0014 at 0X6040","Review the synthetic risk signal.","Synthetic action completed.",,2025-03-02,2025-03-08,2025-04-15,FALSE,2025-04-01,FALSE,8,"Central Monitoring","Smith","Ineligibility","IE","Japan"
"AA-AA-000-0000",2025-03-01,"Site","0X6254","Analysis_kri0014","Open Action","Synthetic Monitor",900097,"https://dev.azure.com/Gilead-RND-CDS-RBQM/AA-AA-000-0000/_workitems/edit/900097","Synthetic risk signal for Analysis_kri0014 at 0X6254","Review the synthetic risk signal.",,,2025-03-02,,2025-04-15,FALSE,2025-03-01,TRUE,46,"Central Monitoring","Doe","Ineligibility","IE","Japan"
"AA-AA-000-0000",2025-03-01,"Site","0X6405","Analysis_kri0014","Closed Action","Synthetic Monitor",900098,"https://dev.azure.com/Gilead-RND-CDS-RBQM/AA-AA-000-0000/_workitems/edit/900098","Synthetic risk signal for Analysis_kri0014 at 0X6405","Review the synthetic risk signal.","Synthetic action completed.",,2025-03-02,2025-03-08,2025-04-15,FALSE,2025-02-01,FALSE,8,"Central Monitoring","Doe","Ineligibility","IE","US"
"AA-AA-000-0000",2025-03-01,"Site","0X6405","Analysis_kri0019","Closed Action","Synthetic Monitor",900099,"https://dev.azure.com/Gilead-RND-CDS-RBQM/AA-AA-000-0000/_workitems/edit/900099","Synthetic risk signal for Analysis_kri0019 at 0X6405","Review the synthetic risk signal.","Synthetic action completed.",,2025-03-02,2025-03-08,2025-04-15,FALSE,2025-03-01,TRUE,8,"Central Monitoring","Doe","IP Non-Starter Rate","IPNS","US"
"AA-AA-000-0000",2025-03-01,"Site","0X6603","Analysis_kri0014","No Action",,900100,"https://dev.azure.com/Gilead-RND-CDS-RBQM/AA-AA-000-0000/_workitems/edit/900100","Synthetic risk signal for Analysis_kri0014 at 0X6603","Review the synthetic risk signal.","Synthetic triage found no action required.",,2025-03-02,2025-03-08,2025-04-15,FALSE,2025-02-01,FALSE,8,"Central Monitoring","Smith","Ineligibility","IE","UK"
"AA-AA-000-0000",2025-03-01,"Site","0X6900","Analysis_kri0014","Open Action","Synthetic Monitor",900101,"https://dev.azure.com/Gilead-RND-CDS-RBQM/AA-AA-000-0000/_workitems/edit/900101","Synthetic risk signal for Analysis_kri0014 at 0X6900","Review the synthetic risk signal.",,,2025-03-02,,2025-04-15,FALSE,2025-02-01,FALSE,46,"Central Monitoring","Deer","Ineligibility","IE","Japan"
"AA-AA-000-0000",2025-03-01,"Site","0X6927","Analysis_kri0014","Open Action","Synthetic Monitor",900102,"https://dev.azure.com/Gilead-RND-CDS-RBQM/AA-AA-000-0000/_workitems/edit/900102","Synthetic risk signal for Analysis_kri0014 at 0X6927","Review the synthetic risk signal.",,,2025-03-02,,2025-04-15,FALSE,2025-03-01,TRUE,46,"Central Monitoring","Smith","Ineligibility","IE","UK"
"AA-AA-000-0000",2025-03-01,"Site","0X7011","Analysis_kri0014","Awaiting Triage",,900103,"https://dev.azure.com/Gilead-RND-CDS-RBQM/AA-AA-000-0000/_workitems/edit/900103","Synthetic risk signal for Analysis_kri0014 at 0X7011","Review the synthetic risk signal.",,,2025-03-02,,2025-04-15,FALSE,2025-04-01,FALSE,46,"Central Monitoring","Deer","Ineligibility","IE","US"
"AA-AA-000-0000",2025-03-01,"Site","0X759","Analysis_kri0001","Closed Action","Synthetic Monitor",900104,"https://dev.azure.com/Gilead-RND-CDS-RBQM/AA-AA-000-0000/_workitems/edit/900104","Synthetic risk signal for Analysis_kri0001 at 0X759","Review the synthetic risk signal.","Synthetic action completed.",,2025-03-02,2025-03-08,2025-04-15,FALSE,2025-04-01,FALSE,8,"Central Monitoring","Smith","Adverse Event Rate","AE","US"
"AA-AA-000-0000",2025-03-01,"Site","0X759","Analysis_kri0002","Awaiting Triage",,900105,"https://dev.azure.com/Gilead-RND-CDS-RBQM/AA-AA-000-0000/_workitems/edit/900105","Synthetic risk signal for Analysis_kri0002 at 0X759","Review the synthetic risk signal.",,,2025-03-02,,2025-04-15,FALSE,2025-04-01,FALSE,46,"Central Monitoring","Smith","Serious Adverse Event Rate","SAE","US"
"AA-AA-000-0000",2025-03-01,"Site","0X759","Analysis_kri0014","No Action",,900106,"https://dev.azure.com/Gilead-RND-CDS-RBQM/AA-AA-000-0000/_workitems/edit/900106","Synthetic risk signal for Analysis_kri0014 at 0X759","Review the synthetic risk signal.","Synthetic triage found no action required.",,2025-03-02,2025-03-08,2025-04-15,FALSE,2025-03-01,TRUE,8,"Central Monitoring","Smith","Ineligibility","IE","US"
"AA-AA-000-0000",2025-03-01,"Site","0X7592","Analysis_kri0012","Closed Action","Synthetic Monitor",900107,"https://dev.azure.com/Gilead-RND-CDS-RBQM/AA-AA-000-0000/_workitems/edit/900107","Synthetic risk signal for Analysis_kri0012 at 0X7592","Review the synthetic risk signal.","Synthetic action completed.",,2025-03-02,2025-03-08,2025-04-15,FALSE,2025-04-01,FALSE,8,"Central Monitoring","Doe","Screen Failure Rate","SF","UK"
"AA-AA-000-0000",2025-03-01,"Site","0X7809","Analysis_kri0011","No Action",,900108,"https://dev.azure.com/Gilead-RND-CDS-RBQM/AA-AA-000-0000/_workitems/edit/900108","Synthetic risk signal for Analysis_kri0011 at 0X7809","Review the synthetic risk signal.","Synthetic triage found no action required.",,2025-03-02,2025-03-08,2025-04-15,FALSE,2025-03-01,TRUE,8,"Central Monitoring","Deer","Data Change Rate","CDAT","Japan"
"AA-AA-000-0000",2025-03-01,"Site","0X7809","Analysis_kri0014","No Action",,900109,"https://dev.azure.com/Gilead-RND-CDS-RBQM/AA-AA-000-0000/_workitems/edit/900109","Synthetic risk signal for Analysis_kri0014 at 0X7809","Review the synthetic risk signal.","Synthetic triage found no action required.",,2025-03-02,2025-03-08,2025-04-15,FALSE,2025-02-01,FALSE,8,"Central Monitoring","Deer","Ineligibility","IE","Japan"
"AA-AA-000-0000",2025-03-01,"Site","0X7983","Analysis_kri0011","Awaiting Triage",,900110,"https://dev.azure.com/Gilead-RND-CDS-RBQM/AA-AA-000-0000/_workitems/edit/900110","Synthetic risk signal for Analysis_kri0011 at 0X7983","Review the synthetic risk signal.",,,2025-03-02,,2025-04-15,FALSE,2025-03-01,TRUE,46,"Central Monitoring","Smith","Data Change Rate","CDAT","US"
"AA-AA-000-0000",2025-03-01,"Site","0X7983","Analysis_kri0014","Closed Action","Synthetic Monitor",900111,"https://dev.azure.com/Gilead-RND-CDS-RBQM/AA-AA-000-0000/_workitems/edit/900111","Synthetic risk signal for Analysis_kri0014 at 0X7983","Review the synthetic risk signal.","Synthetic action completed.",,2025-03-02,2025-03-08,2025-04-15,FALSE,2025-04-01,FALSE,8,"Central Monitoring","Smith","Ineligibility","IE","US"
"AA-AA-000-0000",2025-03-01,"Site","0X8091","Analysis_kri0014","Closed Action","Synthetic Monitor",900112,"https://dev.azure.com/Gilead-RND-CDS-RBQM/AA-AA-000-0000/_workitems/edit/900112","Synthetic risk signal for Analysis_kri0014 at 0X8091","Review the synthetic risk signal.","Synthetic action completed.",,2025-03-02,2025-03-08,2025-04-15,FALSE,2025-02-01,FALSE,8,"Central Monitoring","Smith","Ineligibility","IE","UK"
"AA-AA-000-0000",2025-03-01,"Site","0X8351","Analysis_kri0002","Open Action","Synthetic Monitor",900113,"https://dev.azure.com/Gilead-RND-CDS-RBQM/AA-AA-000-0000/_workitems/edit/900113","Synthetic risk signal for Analysis_kri0002 at 0X8351","Review the synthetic risk signal.",,,2025-03-02,,2025-04-15,FALSE,2025-03-01,TRUE,46,"Central Monitoring","Deer","Serious Adverse Event Rate","SAE","UK"
"AA-AA-000-0000",2025-03-01,"Site","0X8351","Analysis_kri0014","No Action",,900114,"https://dev.azure.com/Gilead-RND-CDS-RBQM/AA-AA-000-0000/_workitems/edit/900114","Synthetic risk signal for Analysis_kri0014 at 0X8351","Review the synthetic risk signal.","Synthetic triage found no action required.",,2025-03-02,2025-03-08,2025-04-15,FALSE,2025-03-01,TRUE,8,"Central Monitoring","Deer","Ineligibility","IE","UK"
"AA-AA-000-0000",2025-03-01,"Site","0X8354","Analysis_kri0001","No Action",,900115,"https://dev.azure.com/Gilead-RND-CDS-RBQM/AA-AA-000-0000/_workitems/edit/900115","Synthetic risk signal for Analysis_kri0001 at 0X8354","Review the synthetic risk signal.","Synthetic triage found no action required.",,2025-03-02,2025-03-08,2025-04-15,FALSE,2025-02-01,FALSE,8,"Central Monitoring","Deer","Adverse Event Rate","AE","Japan"
"AA-AA-000-0000",2025-03-01,"Site","0X8354","Analysis_kri0005","Open Action","Synthetic Monitor",900116,"https://dev.azure.com/Gilead-RND-CDS-RBQM/AA-AA-000-0000/_workitems/edit/900116","Synthetic risk signal for Analysis_kri0005 at 0X8354","Review the synthetic risk signal.",,,2025-03-02,,2025-04-15,FALSE,2025-03-01,TRUE,46,"Central Monitoring","Deer","Grade 3+ Lab Abnormality Rate","LB","Japan"
"AA-AA-000-0000",2025-03-01,"Site","0X8354","Analysis_kri0012","Open Action","Synthetic Monitor",900117,"https://dev.azure.com/Gilead-RND-CDS-RBQM/AA-AA-000-0000/_workitems/edit/900117","Synthetic risk signal for Analysis_kri0012 at 0X8354","Review the synthetic risk signal.",,,2025-03-02,,2025-04-15,FALSE,2025-02-01,FALSE,46,"Central Monitoring","Deer","Screen Failure Rate","SF","Japan"
"AA-AA-000-0000",2025-03-01,"Site","0X8354","Analysis_kri0014","Awaiting Triage",,900118,"https://dev.azure.com/Gilead-RND-CDS-RBQM/AA-AA-000-0000/_workitems/edit/900118","Synthetic risk signal for Analysis_kri0014 at 0X8354","Review the synthetic risk signal.",,,2025-03-02,,2025-04-15,FALSE,2025-04-01,FALSE,46,"Central Monitoring","Deer","Ineligibility","IE","Japan"
"AA-AA-000-0000",2025-03-01,"Site","0X8517","Analysis_kri0014","Awaiting Triage",,900119,"https://dev.azure.com/Gilead-RND-CDS-RBQM/AA-AA-000-0000/_workitems/edit/900119","Synthetic risk signal for Analysis_kri0014 at 0X8517","Review the synthetic risk signal.",,,2025-03-02,,2025-04-15,FALSE,2025-04-01,FALSE,46,"Central Monitoring","Smith","Ineligibility","IE","UK"
"AA-AA-000-0000",2025-03-01,"Site","0X8625","Analysis_kri0014","Closed Action","Synthetic Monitor",900120,"https://dev.azure.com/Gilead-RND-CDS-RBQM/AA-AA-000-0000/_workitems/edit/900120","Synthetic risk signal for Analysis_kri0014 at 0X8625","Review the synthetic risk signal.","Synthetic action completed.",,2025-03-02,2025-03-08,2025-04-15,FALSE,2025-04-01,FALSE,8,"Central Monitoring","Deer","Ineligibility","IE","US"
"AA-AA-000-0000",2025-03-01,"Site","0X8633","Analysis_kri0014","No Action",,900121,"https://dev.azure.com/Gilead-RND-CDS-RBQM/AA-AA-000-0000/_workitems/edit/900121","Synthetic risk signal for Analysis_kri0014 at 0X8633","Review the synthetic risk signal.","Synthetic triage found no action required.",,2025-03-02,2025-03-08,2025-04-15,FALSE,2025-02-01,FALSE,8,"Central Monitoring","Smith","Ineligibility","IE","Japan"
"AA-AA-000-0000",2025-03-01,"Site","0X8640","Analysis_kri0001","No Action",,900122,"https://dev.azure.com/Gilead-RND-CDS-RBQM/AA-AA-000-0000/_workitems/edit/900122","Synthetic risk signal for Analysis_kri0001 at 0X8640","Review the synthetic risk signal.","Synthetic triage found no action required.",,2025-03-02,2025-03-08,2025-04-15,FALSE,2025-03-01,TRUE,8,"Central Monitoring","Doe","Adverse Event Rate","AE","Japan"
"AA-AA-000-0000",2025-03-01,"Site","0X8723","Analysis_kri0014","Open Action","Synthetic Monitor",900123,"https://dev.azure.com/Gilead-RND-CDS-RBQM/AA-AA-000-0000/_workitems/edit/900123","Synthetic risk signal for Analysis_kri0014 at 0X8723","Review the synthetic risk signal.",,,2025-03-02,,2025-04-15,FALSE,2025-03-01,TRUE,46,"Central Monitoring","Deer","Ineligibility","IE","Japan"
"AA-AA-000-0000",2025-03-01,"Site","0X8764","Analysis_kri0002","No Action",,900124,"https://dev.azure.com/Gilead-RND-CDS-RBQM/AA-AA-000-0000/_workitems/edit/900124","Synthetic risk signal for Analysis_kri0002 at 0X8764","Review the synthetic risk signal.","Synthetic triage found no action required.",,2025-03-02,2025-03-08,2025-04-15,FALSE,2025-02-01,FALSE,8,"Central Monitoring","Smith","Serious Adverse Event Rate","SAE","Japan"
"AA-AA-000-0000",2025-03-01,"Site","0X8764","Analysis_kri0003","No Action",,900125,"https://dev.azure.com/Gilead-RND-CDS-RBQM/AA-AA-000-0000/_workitems/edit/900125","Synthetic risk signal for Analysis_kri0003 at 0X8764","Review the synthetic risk signal.","Synthetic triage found no action required.",,2025-03-02,2025-03-08,2025-04-15,FALSE,2025-03-01,TRUE,8,"Central Monitoring","Smith","Non-Important Protocol Deviation Rate","PD","Japan"
"AA-AA-000-0000",2025-03-01,"Site","0X8764","Analysis_kri0014","No Action",,900126,"https://dev.azure.com/Gilead-RND-CDS-RBQM/AA-AA-000-0000/_workitems/edit/900126","Synthetic risk signal for Analysis_kri0014 at 0X8764","Review the synthetic risk signal.","Synthetic triage found no action required.",,2025-03-02,2025-03-08,2025-04-15,FALSE,2025-02-01,FALSE,8,"Central Monitoring","Smith","Ineligibility","IE","Japan"
"AA-AA-000-0000",2025-03-01,"Site","0X8786","Analysis_kri0001","Closed Action","Synthetic Monitor",900127,"https://dev.azure.com/Gilead-RND-CDS-RBQM/AA-AA-000-0000/_workitems/edit/900127","Synthetic risk signal for Analysis_kri0001 at 0X8786","Review the synthetic risk signal.","Synthetic action completed.",,2025-03-02,2025-03-08,2025-04-15,FALSE,2025-04-01,FALSE,8,"Central Monitoring","Deer","Adverse Event Rate","AE","US"
"AA-AA-000-0000",2025-03-01,"Site","0X8786","Analysis_kri0002","No Action",,900128,"https://dev.azure.com/Gilead-RND-CDS-RBQM/AA-AA-000-0000/_workitems/edit/900128","Synthetic risk signal for Analysis_kri0002 at 0X8786","Review the synthetic risk signal.","Synthetic triage found no action required.",,2025-03-02,2025-03-08,2025-04-15,FALSE,2025-03-01,TRUE,8,"Central Monitoring","Deer","Serious Adverse Event Rate","SAE","US"
"AA-AA-000-0000",2025-03-01,"Site","0X8786","Analysis_kri0014","Open Action","Synthetic Monitor",900129,"https://dev.azure.com/Gilead-RND-CDS-RBQM/AA-AA-000-0000/_workitems/edit/900129","Synthetic risk signal for Analysis_kri0014 at 0X8786","Review the synthetic risk signal.",,,2025-03-02,,2025-04-15,FALSE,2025-03-01,TRUE,46,"Central Monitoring","Deer","Ineligibility","IE","US"
"AA-AA-000-0000",2025-03-01,"Site","0X8788","Analysis_kri0002","Awaiting Triage",,900130,"https://dev.azure.com/Gilead-RND-CDS-RBQM/AA-AA-000-0000/_workitems/edit/900130","Synthetic risk signal for Analysis_kri0002 at 0X8788","Review the synthetic risk signal.",,,2025-03-02,,2025-04-15,FALSE,2025-04-01,FALSE,46,"Central Monitoring","Deer","Serious Adverse Event Rate","SAE","Japan"
"AA-AA-000-0000",2025-03-01,"Site","0X8788","Analysis_kri0011","Awaiting Triage",,900131,"https://dev.azure.com/Gilead-RND-CDS-RBQM/AA-AA-000-0000/_workitems/edit/900131","Synthetic risk signal for Analysis_kri0011 at 0X8788","Review the synthetic risk signal.",,,2025-03-02,,2025-04-15,FALSE,2025-03-01,TRUE,46,"Central Monitoring","Deer","Data Change Rate","CDAT","Japan"
"AA-AA-000-0000",2025-03-01,"Site","0X8799","Analysis_kri0002","No Action",,900132,"https://dev.azure.com/Gilead-RND-CDS-RBQM/AA-AA-000-0000/_workitems/edit/900132","Synthetic risk signal for Analysis_kri0002 at 0X8799","Review the synthetic risk signal.","Synthetic triage found no action required.",,2025-03-02,2025-03-08,2025-04-15,FALSE,2025-03-01,TRUE,8,"Central Monitoring","Doe","Serious Adverse Event Rate","SAE","UK"
"AA-AA-000-0000",2025-03-01,"Site","0X9142","Analysis_kri0014","Awaiting Triage",,900133,"https://dev.azure.com/Gilead-RND-CDS-RBQM/AA-AA-000-0000/_workitems/edit/900133","Synthetic risk signal for Analysis_kri0014 at 0X9142","Review the synthetic risk signal.",,,2025-03-02,,2025-04-15,FALSE,2025-04-01,FALSE,46,"Central Monitoring","Smith","Ineligibility","IE","Japan"
"AA-AA-000-0000",2025-03-01,"Site","0X9216","Analysis_kri0004","Open Action","Synthetic Monitor",900134,"https://dev.azure.com/Gilead-RND-CDS-RBQM/AA-AA-000-0000/_workitems/edit/900134","Synthetic risk signal for Analysis_kri0004 at 0X9216","Review the synthetic risk signal.",,,2025-03-02,,2025-04-15,FALSE,2025-03-01,TRUE,46,"Central Monitoring","Doe","Important Protocol Deviation Rate","IPD","US"
"AA-AA-000-0000",2025-03-01,"Site","0X9346","Analysis_kri0001","Open Action","Synthetic Monitor",900135,"https://dev.azure.com/Gilead-RND-CDS-RBQM/AA-AA-000-0000/_workitems/edit/900135","Synthetic risk signal for Analysis_kri0001 at 0X9346","Review the synthetic risk signal.",,,2025-03-02,,2025-04-15,FALSE,2025-03-01,TRUE,46,"Central Monitoring","Doe","Adverse Event Rate","AE","UK"
"AA-AA-000-0000",2025-03-01,"Site","0X9360","Analysis_kri0001","No Action",,900136,"https://dev.azure.com/Gilead-RND-CDS-RBQM/AA-AA-000-0000/_workitems/edit/900136","Synthetic risk signal for Analysis_kri0001 at 0X9360","Review the synthetic risk signal.","Synthetic triage found no action required.",,2025-03-02,2025-03-08,2025-04-15,FALSE,2025-02-01,FALSE,8,"Central Monitoring","Smith","Adverse Event Rate","AE","Japan"
"AA-AA-000-0000",2025-03-01,"Site","0X9360","Analysis_kri0014","No Action",,900137,"https://dev.azure.com/Gilead-RND-CDS-RBQM/AA-AA-000-0000/_workitems/edit/900137","Synthetic risk signal for Analysis_kri0014 at 0X9360","Review the synthetic risk signal.","Synthetic triage found no action required.",,2025-03-02,2025-03-08,2025-04-15,FALSE,2025-03-01,TRUE,8,"Central Monitoring","Smith","Ineligibility","IE","Japan"
"AA-AA-000-0000",2025-03-01,"Site","0X958","Analysis_kri0014","No Action",,900138,"https://dev.azure.com/Gilead-RND-CDS-RBQM/AA-AA-000-0000/_workitems/edit/900138","Synthetic risk signal for Analysis_kri0014 at 0X958","Review the synthetic risk signal.","Synthetic triage found no action required.",,2025-03-02,2025-03-08,2025-04-15,FALSE,2025-02-01,FALSE,8,"Central Monitoring","Deer","Ineligibility","IE","UK"
"AA-AA-000-0000",2025-03-01,"Site","0X9580","Analysis_kri0002","Open Action","Synthetic Monitor",900139,"https://dev.azure.com/Gilead-RND-CDS-RBQM/AA-AA-000-0000/_workitems/edit/900139","Synthetic risk signal for Analysis_kri0002 at 0X9580","Review the synthetic risk signal.",,,2025-03-02,,2025-04-15,FALSE,2025-03-01,TRUE,46,"Central Monitoring","Deer","Serious Adverse Event Rate","SAE","UK"
"AA-AA-000-0000",2025-03-01,"Site","0X9580","Analysis_kri0014","Open Action","Synthetic Monitor",900140,"https://dev.azure.com/Gilead-RND-CDS-RBQM/AA-AA-000-0000/_workitems/edit/900140","Synthetic risk signal for Analysis_kri0014 at 0X9580","Review the synthetic risk signal.",,,2025-03-02,,2025-04-15,FALSE,2025-03-01,TRUE,46,"Central Monitoring","Deer","Ineligibility","IE","UK"
"AA-AA-000-0000",2025-03-01,"Site","0X9737","Analysis_kri0014","No Action",,900141,"https://dev.azure.com/Gilead-RND-CDS-RBQM/AA-AA-000-0000/_workitems/edit/900141","Synthetic risk signal for Analysis_kri0014 at 0X9737","Review the synthetic risk signal.","Synthetic triage found no action required.",,2025-03-02,2025-03-08,2025-04-15,FALSE,2025-03-01,TRUE,8,"Central Monitoring","Doe","Ineligibility","IE","Japan"
"AA-AA-000-0000",2025-03-01,"Site","0X9858","Analysis_kri0014","No Action",,900142,"https://dev.azure.com/Gilead-RND-CDS-RBQM/AA-AA-000-0000/_workitems/edit/900142","Synthetic risk signal for Analysis_kri0014 at 0X9858","Review the synthetic risk signal.","Synthetic triage found no action required.",,2025-03-02,2025-03-08,2025-04-15,FALSE,2025-02-01,FALSE,8,"Central Monitoring","Doe","Ineligibility","IE","UK"
"AA-AA-000-0000",2025-04-01,"Site","0X101","Analysis_kri0014","No Action",,900143,"https://dev.azure.com/Gilead-RND-CDS-RBQM/AA-AA-000-0000/_workitems/edit/900143","Synthetic risk signal for Analysis_kri0014 at 0X101","Review the synthetic risk signal.","Synthetic triage found no action required.",,2025-04-02,2025-04-08,2025-04-15,FALSE,2025-04-01,TRUE,8,"Central Monitoring","Deer","Ineligibility","IE","UK"
"AA-AA-000-0000",2025-04-01,"Site","0X1043","Analysis_kri0014","Closed Action","Synthetic Monitor",900144,"https://dev.azure.com/Gilead-RND-CDS-RBQM/AA-AA-000-0000/_workitems/edit/900144","Synthetic risk signal for Analysis_kri0014 at 0X1043","Review the synthetic risk signal.","Synthetic action completed.",,2025-04-02,2025-04-08,2025-04-15,FALSE,2025-04-01,TRUE,8,"Central Monitoring","Doe","Ineligibility","IE","US"
"AA-AA-000-0000",2025-04-01,"Site","0X1084","Analysis_kri0001","No Action",,900145,"https://dev.azure.com/Gilead-RND-CDS-RBQM/AA-AA-000-0000/_workitems/edit/900145","Synthetic risk signal for Analysis_kri0001 at 0X1084","Review the synthetic risk signal.","Synthetic triage found no action required.",,2025-04-02,2025-04-08,2025-04-15,FALSE,2025-04-01,TRUE,8,"Central Monitoring","Deer","Adverse Event Rate","AE","UK"
"AA-AA-000-0000",2025-04-01,"Site","0X1323","Analysis_kri0014","No Action",,900146,"https://dev.azure.com/Gilead-RND-CDS-RBQM/AA-AA-000-0000/_workitems/edit/900146","Synthetic risk signal for Analysis_kri0014 at 0X1323","Review the synthetic risk signal.","Synthetic triage found no action required.",,2025-04-02,2025-04-08,2025-04-15,FALSE,2025-04-01,TRUE,8,"Central Monitoring","Doe","Ineligibility","IE","Japan"
"AA-AA-000-0000",2025-04-01,"Site","0X1597","Analysis_kri0014","No Action",,900147,"https://dev.azure.com/Gilead-RND-CDS-RBQM/AA-AA-000-0000/_workitems/edit/900147","Synthetic risk signal for Analysis_kri0014 at 0X1597","Review the synthetic risk signal.","Synthetic triage found no action required.",,2025-04-02,2025-04-08,2025-04-15,FALSE,2025-04-01,TRUE,8,"Central Monitoring","Doe","Ineligibility","IE","UK"
"AA-AA-000-0000",2025-04-01,"Site","0X1750","Analysis_kri0014","No Action",,900148,"https://dev.azure.com/Gilead-RND-CDS-RBQM/AA-AA-000-0000/_workitems/edit/900148","Synthetic risk signal for Analysis_kri0014 at 0X1750","Review the synthetic risk signal.","Synthetic triage found no action required.",,2025-04-02,2025-04-08,2025-04-15,FALSE,2025-02-01,FALSE,8,"Central Monitoring","Smith","Ineligibility","IE","US"
"AA-AA-000-0000",2025-04-01,"Site","0X1792","Analysis_kri0002","No Action",,900149,"https://dev.azure.com/Gilead-RND-CDS-RBQM/AA-AA-000-0000/_workitems/edit/900149","Synthetic risk signal for Analysis_kri0002 at 0X1792","Review the synthetic risk signal.","Synthetic triage found no action required.",,2025-04-02,2025-04-08,2025-04-15,FALSE,2025-04-01,TRUE,8,"Central Monitoring","Deer","Serious Adverse Event Rate","SAE","UK"
"AA-AA-000-0000",2025-04-01,"Site","0X180","Analysis_kri0004","Closed Action","Synthetic Monitor",900150,"https://dev.azure.com/Gilead-RND-CDS-RBQM/AA-AA-000-0000/_workitems/edit/900150","Synthetic risk signal for Analysis_kri0004 at 0X180","Review the synthetic risk signal.","Synthetic action completed.",,2025-04-02,2025-04-08,2025-04-15,FALSE,2025-04-01,TRUE,8,"Central Monitoring","Doe","Important Protocol Deviation Rate","IPD","UK"
"AA-AA-000-0000",2025-04-01,"Site","0X180","Analysis_kri0014","Closed Action","Synthetic Monitor",900151,"https://dev.azure.com/Gilead-RND-CDS-RBQM/AA-AA-000-0000/_workitems/edit/900151","Synthetic risk signal for Analysis_kri0014 at 0X180","Review the synthetic risk signal.","Synthetic action completed.",,2025-04-02,2025-04-08,2025-04-15,FALSE,2025-04-01,TRUE,8,"Central Monitoring","Doe","Ineligibility","IE","UK"
"AA-AA-000-0000",2025-04-01,"Site","0X1910","Analysis_kri0014","Closed Action","Synthetic Monitor",900152,"https://dev.azure.com/Gilead-RND-CDS-RBQM/AA-AA-000-0000/_workitems/edit/900152","Synthetic risk signal for Analysis_kri0014 at 0X1910","Review the synthetic risk signal.","Synthetic action completed.",,2025-04-02,2025-04-08,2025-04-15,FALSE,2025-04-01,TRUE,8,"Central Monitoring","Deer","Ineligibility","IE","US"
"AA-AA-000-0000",2025-04-01,"Site","0X1982","Analysis_kri0012","Closed Action","Synthetic Monitor",900153,"https://dev.azure.com/Gilead-RND-CDS-RBQM/AA-AA-000-0000/_workitems/edit/900153","Synthetic risk signal for Analysis_kri0012 at 0X1982","Review the synthetic risk signal.","Synthetic action completed.",,2025-04-02,2025-04-08,2025-04-15,FALSE,2025-04-01,TRUE,8,"Central Monitoring","Smith","Screen Failure Rate","SF","US"
"AA-AA-000-0000",2025-04-01,"Site","0X1982","Analysis_kri0014","Open Action","Synthetic Monitor",900154,"https://dev.azure.com/Gilead-RND-CDS-RBQM/AA-AA-000-0000/_workitems/edit/900154","Synthetic risk signal for Analysis_kri0014 at 0X1982","Review the synthetic risk signal.",,,2025-04-02,,2025-04-15,FALSE,2025-03-01,FALSE,15,"Central Monitoring","Smith","Ineligibility","IE","US"
"AA-AA-000-0000",2025-04-01,"Site","0X2029","Analysis_kri0014","Open Action","Synthetic Monitor",900155,"https://dev.azure.com/Gilead-RND-CDS-RBQM/AA-AA-000-0000/_workitems/edit/900155","Synthetic risk signal for Analysis_kri0014 at 0X2029","Review the synthetic risk signal.",,,2025-04-02,,2025-04-15,FALSE,2025-04-01,TRUE,15,"Central Monitoring","Deer","Ineligibility","IE","Japan"
"AA-AA-000-0000",2025-04-01,"Site","0X213","Analysis_kri0014","Closed Action","Synthetic Monitor",900156,"https://dev.azure.com/Gilead-RND-CDS-RBQM/AA-AA-000-0000/_workitems/edit/900156","Synthetic risk signal for Analysis_kri0014 at 0X213","Review the synthetic risk signal.","Synthetic action completed.",,2025-04-02,2025-04-08,2025-04-15,FALSE,2025-04-01,TRUE,8,"Central Monitoring","Smith","Ineligibility","IE","UK"
"AA-AA-000-0000",2025-04-01,"Site","0X2170","Analysis_kri0014","Open Action","Synthetic Monitor",900157,"https://dev.azure.com/Gilead-RND-CDS-RBQM/AA-AA-000-0000/_workitems/edit/900157","Synthetic risk signal for Analysis_kri0014 at 0X2170","Review the synthetic risk signal.",,,2025-04-02,,2025-04-15,FALSE,2025-04-01,TRUE,15,"Central Monitoring","Deer","Ineligibility","IE","Japan"
"AA-AA-000-0000",2025-04-01,"Site","0X2192","Analysis_kri0014","Closed Action","Synthetic Monitor",900158,"https://dev.azure.com/Gilead-RND-CDS-RBQM/AA-AA-000-0000/_workitems/edit/900158","Synthetic risk signal for Analysis_kri0014 at 0X2192","Review the synthetic risk signal.","Synthetic action completed.",,2025-04-02,2025-04-08,2025-04-15,FALSE,2025-02-01,FALSE,8,"Central Monitoring","Deer","Ineligibility","IE","UK"
"AA-AA-000-0000",2025-04-01,"Site","0X2323","Analysis_kri0002","Open Action","Synthetic Monitor",900159,"https://dev.azure.com/Gilead-RND-CDS-RBQM/AA-AA-000-0000/_workitems/edit/900159","Synthetic risk signal for Analysis_kri0002 at 0X2323","Review the synthetic risk signal.",,,2025-04-02,,2025-04-15,FALSE,2025-03-01,FALSE,15,"Central Monitoring","Smith","Serious Adverse Event Rate","SAE","Japan"
"AA-AA-000-0000",2025-04-01,"Site","0X2323","Analysis_kri0014","Open Action","Synthetic Monitor",900160,"https://dev.azure.com/Gilead-RND-CDS-RBQM/AA-AA-000-0000/_workitems/edit/900160","Synthetic risk signal for Analysis_kri0014 at 0X2323","Review the synthetic risk signal.",,,2025-04-02,,2025-04-15,FALSE,2025-04-01,TRUE,15,"Central Monitoring","Smith","Ineligibility","IE","Japan"
"AA-AA-000-0000",2025-04-01,"Site","0X2331","Analysis_kri0014","Closed Action","Synthetic Monitor",900161,"https://dev.azure.com/Gilead-RND-CDS-RBQM/AA-AA-000-0000/_workitems/edit/900161","Synthetic risk signal for Analysis_kri0014 at 0X2331","Review the synthetic risk signal.","Synthetic action completed.",,2025-04-02,2025-04-08,2025-04-15,FALSE,2025-04-01,TRUE,8,"Central Monitoring","Deer","Ineligibility","IE","UK"
"AA-AA-000-0000",2025-04-01,"Site","0X2413","Analysis_kri0001","Open Action","Synthetic Monitor",900162,"https://dev.azure.com/Gilead-RND-CDS-RBQM/AA-AA-000-0000/_workitems/edit/900162","Synthetic risk signal for Analysis_kri0001 at 0X2413","Review the synthetic risk signal.",,,2025-04-02,,2025-04-15,FALSE,2025-04-01,TRUE,15,"Central Monitoring","Smith","Adverse Event Rate","AE","Japan"
"AA-AA-000-0000",2025-04-01,"Site","0X2532","Analysis_kri0014","Closed Action","Synthetic Monitor",900163,"https://dev.azure.com/Gilead-RND-CDS-RBQM/AA-AA-000-0000/_workitems/edit/900163","Synthetic risk signal for Analysis_kri0014 at 0X2532","Review the synthetic risk signal.","Synthetic action completed.",,2025-04-02,2025-04-08,2025-04-15,FALSE,2025-02-01,FALSE,8,"Central Monitoring","Doe","Ineligibility","IE","US"
"AA-AA-000-0000",2025-04-01,"Site","0X2901","Analysis_kri0002","Closed Action","Synthetic Monitor",900164,"https://dev.azure.com/Gilead-RND-CDS-RBQM/AA-AA-000-0000/_workitems/edit/900164","Synthetic risk signal for Analysis_kri0002 at 0X2901","Review the synthetic risk signal.","Synthetic action completed.",,2025-04-02,2025-04-08,2025-04-15,FALSE,2025-04-01,TRUE,8,"Central Monitoring","Doe","Serious Adverse Event Rate","SAE","US"
"AA-AA-000-0000",2025-04-01,"Site","0X3090","Analysis_kri0011","Closed Action","Synthetic Monitor",900165,"https://dev.azure.com/Gilead-RND-CDS-RBQM/AA-AA-000-0000/_workitems/edit/900165","Synthetic risk signal for Analysis_kri0011 at 0X3090","Review the synthetic risk signal.","Synthetic action completed.",,2025-04-02,2025-04-08,2025-04-15,FALSE,2025-04-01,TRUE,8,"Central Monitoring","Smith","Data Change Rate","CDAT","US"
"AA-AA-000-0000",2025-04-01,"Site","0X3090","Analysis_kri0014","Open Action","Synthetic Monitor",900166,"https://dev.azure.com/Gilead-RND-CDS-RBQM/AA-AA-000-0000/_workitems/edit/900166","Synthetic risk signal for Analysis_kri0014 at 0X3090","Review the synthetic risk signal.",,,2025-04-02,,2025-04-15,FALSE,2025-04-01,TRUE,15,"Central Monitoring","Smith","Ineligibility","IE","US"
"AA-AA-000-0000",2025-04-01,"Site","0X3120","Analysis_kri0014","Closed Action","Synthetic Monitor",900167,"https://dev.azure.com/Gilead-RND-CDS-RBQM/AA-AA-000-0000/_workitems/edit/900167","Synthetic risk signal for Analysis_kri0014 at 0X3120","Review the synthetic risk signal.","Synthetic action completed.",,2025-04-02,2025-04-08,2025-04-15,FALSE,2025-04-01,TRUE,8,"Central Monitoring","Deer","Ineligibility","IE","US"
"AA-AA-000-0000",2025-04-01,"Site","0X3127","Analysis_kri0002","No Action",,900168,"https://dev.azure.com/Gilead-RND-CDS-RBQM/AA-AA-000-0000/_workitems/edit/900168","Synthetic risk signal for Analysis_kri0002 at 0X3127","Review the synthetic risk signal.","Synthetic triage found no action required.",,2025-04-02,2025-04-08,2025-04-15,FALSE,2025-04-01,TRUE,8,"Central Monitoring","Doe","Serious Adverse Event Rate","SAE","US"
"AA-AA-000-0000",2025-04-01,"Site","0X3137","Analysis_kri0014","Closed Action","Synthetic Monitor",900169,"https://dev.azure.com/Gilead-RND-CDS-RBQM/AA-AA-000-0000/_workitems/edit/900169","Synthetic risk signal for Analysis_kri0014 at 0X3137","Review the synthetic risk signal.","Synthetic action completed.",,2025-04-02,2025-04-08,2025-04-15,FALSE,2025-04-01,TRUE,8,"Central Monitoring","Doe","Ineligibility","IE","Japan"
"AA-AA-000-0000",2025-04-01,"Site","0X3203","Analysis_kri0014","No Action",,900170,"https://dev.azure.com/Gilead-RND-CDS-RBQM/AA-AA-000-0000/_workitems/edit/900170","Synthetic risk signal for Analysis_kri0014 at 0X3203","Review the synthetic risk signal.","Synthetic triage found no action required.",,2025-04-02,2025-04-08,2025-04-15,FALSE,2025-03-01,FALSE,8,"Central Monitoring","Doe","Ineligibility","IE","UK"
"AA-AA-000-0000",2025-04-01,"Site","0X3289","Analysis_kri0014","Closed Action","Synthetic Monitor",900171,"https://dev.azure.com/Gilead-RND-CDS-RBQM/AA-AA-000-0000/_workitems/edit/900171","Synthetic risk signal for Analysis_kri0014 at 0X3289","Review the synthetic risk signal.","Synthetic action completed.",,2025-04-02,2025-04-08,2025-04-15,FALSE,2025-04-01,TRUE,8,"Central Monitoring","Deer","Ineligibility","IE","US"
"AA-AA-000-0000",2025-04-01,"Site","0X3461","Analysis_kri0002","Closed Action","Synthetic Monitor",900172,"https://dev.azure.com/Gilead-RND-CDS-RBQM/AA-AA-000-0000/_workitems/edit/900172","Synthetic risk signal for Analysis_kri0002 at 0X3461","Review the synthetic risk signal.","Synthetic action completed.",,2025-04-02,2025-04-08,2025-04-15,FALSE,2025-04-01,TRUE,8,"Central Monitoring","Deer","Serious Adverse Event Rate","SAE","UK"
"AA-AA-000-0000",2025-04-01,"Site","0X3461","Analysis_kri0005","Open Action","Synthetic Monitor",900173,"https://dev.azure.com/Gilead-RND-CDS-RBQM/AA-AA-000-0000/_workitems/edit/900173","Synthetic risk signal for Analysis_kri0005 at 0X3461","Review the synthetic risk signal.",,,2025-04-02,,2025-04-15,FALSE,2025-04-01,TRUE,15,"Central Monitoring","Deer","Grade 3+ Lab Abnormality Rate","LB","UK"
"AA-AA-000-0000",2025-04-01,"Site","0X3461","Analysis_kri0014","Closed Action","Synthetic Monitor",900174,"https://dev.azure.com/Gilead-RND-CDS-RBQM/AA-AA-000-0000/_workitems/edit/900174","Synthetic risk signal for Analysis_kri0014 at 0X3461","Review the synthetic risk signal.","Synthetic action completed.",,2025-04-02,2025-04-08,2025-04-15,FALSE,2025-03-01,FALSE,8,"Central Monitoring","Deer","Ineligibility","IE","UK"
"AA-AA-000-0000",2025-04-01,"Site","0X3653","Analysis_kri0014","Closed Action","Synthetic Monitor",900175,"https://dev.azure.com/Gilead-RND-CDS-RBQM/AA-AA-000-0000/_workitems/edit/900175","Synthetic risk signal for Analysis_kri0014 at 0X3653","Review the synthetic risk signal.","Synthetic action completed.",,2025-04-02,2025-04-08,2025-04-15,FALSE,2025-04-01,TRUE,8,"Central Monitoring","Deer","Ineligibility","IE","UK"
"AA-AA-000-0000",2025-04-01,"Site","0X3676","Analysis_kri0001","No Action",,900176,"https://dev.azure.com/Gilead-RND-CDS-RBQM/AA-AA-000-0000/_workitems/edit/900176","Synthetic risk signal for Analysis_kri0001 at 0X3676","Review the synthetic risk signal.","Synthetic triage found no action required.",,2025-04-02,2025-04-08,2025-04-15,FALSE,2025-03-01,FALSE,8,"Central Monitoring","Smith","Adverse Event Rate","AE","UK"
"AA-AA-000-0000",2025-04-01,"Site","0X3676","Analysis_kri0011","Closed Action","Synthetic Monitor",900177,"https://dev.azure.com/Gilead-RND-CDS-RBQM/AA-AA-000-0000/_workitems/edit/900177","Synthetic risk signal for Analysis_kri0011 at 0X3676","Review the synthetic risk signal.","Synthetic action completed.",,2025-04-02,2025-04-08,2025-04-15,FALSE,2025-04-01,TRUE,8,"Central Monitoring","Smith","Data Change Rate","CDAT","UK"
"AA-AA-000-0000",2025-04-01,"Site","0X3676","Analysis_kri0014","No Action",,900178,"https://dev.azure.com/Gilead-RND-CDS-RBQM/AA-AA-000-0000/_workitems/edit/900178","Synthetic risk signal for Analysis_kri0014 at 0X3676","Review the synthetic risk signal.","Synthetic triage found no action required.",,2025-04-02,2025-04-08,2025-04-15,FALSE,2025-03-01,FALSE,8,"Central Monitoring","Smith","Ineligibility","IE","UK"
"AA-AA-000-0000",2025-04-01,"Site","0X3907","Analysis_kri0005","Closed Action","Synthetic Monitor",900179,"https://dev.azure.com/Gilead-RND-CDS-RBQM/AA-AA-000-0000/_workitems/edit/900179","Synthetic risk signal for Analysis_kri0005 at 0X3907","Review the synthetic risk signal.","Synthetic action completed.",,2025-04-02,2025-04-08,2025-04-15,FALSE,2025-04-01,TRUE,8,"Central Monitoring","Smith","Grade 3+ Lab Abnormality Rate","LB","UK"
"AA-AA-000-0000",2025-04-01,"Site","0X3907","Analysis_kri0014","Open Action","Synthetic Monitor",900180,"https://dev.azure.com/Gilead-RND-CDS-RBQM/AA-AA-000-0000/_workitems/edit/900180","Synthetic risk signal for Analysis_kri0014 at 0X3907","Review the synthetic risk signal.",,,2025-04-02,,2025-04-15,FALSE,2025-03-01,FALSE,15,"Central Monitoring","Smith","Ineligibility","IE","UK"
"AA-AA-000-0000",2025-04-01,"Site","0X3907","Analysis_kri0019","Awaiting Triage",,900181,"https://dev.azure.com/Gilead-RND-CDS-RBQM/AA-AA-000-0000/_workitems/edit/900181","Synthetic risk signal for Analysis_kri0019 at 0X3907","Review the synthetic risk signal.",,,2025-04-02,,2025-04-15,FALSE,2025-04-01,TRUE,15,"Central Monitoring","Smith","IP Non-Starter Rate","IPNS","UK"
"AA-AA-000-0000",2025-04-01,"Site","0X3909","Analysis_kri0014","Closed Action","Synthetic Monitor",900182,"https://dev.azure.com/Gilead-RND-CDS-RBQM/AA-AA-000-0000/_workitems/edit/900182","Synthetic risk signal for Analysis_kri0014 at 0X3909","Review the synthetic risk signal.","Synthetic action completed.",,2025-04-02,2025-04-08,2025-04-15,FALSE,2025-02-01,FALSE,8,"Central Monitoring","Smith","Ineligibility","IE","Japan"
"AA-AA-000-0000",2025-04-01,"Site","0X3989","Analysis_kri0014","Closed Action","Synthetic Monitor",900183,"https://dev.azure.com/Gilead-RND-CDS-RBQM/AA-AA-000-0000/_workitems/edit/900183","Synthetic risk signal for Analysis_kri0014 at 0X3989","Review the synthetic risk signal.","Synthetic action completed.",,2025-04-02,2025-04-08,2025-04-15,FALSE,2025-03-01,FALSE,8,"Central Monitoring","Smith","Ineligibility","IE","US"
"AA-AA-000-0000",2025-04-01,"Site","0X3989","Analysis_kri0019","Open Action","Synthetic Monitor",900184,"https://dev.azure.com/Gilead-RND-CDS-RBQM/AA-AA-000-0000/_workitems/edit/900184","Synthetic risk signal for Analysis_kri0019 at 0X3989","Review the synthetic risk signal.",,,2025-04-02,,2025-04-15,FALSE,2025-04-01,TRUE,15,"Central Monitoring","Smith","IP Non-Starter Rate","IPNS","US"
"AA-AA-000-0000",2025-04-01,"Site","0X3999","Analysis_kri0014","No Action",,900185,"https://dev.azure.com/Gilead-RND-CDS-RBQM/AA-AA-000-0000/_workitems/edit/900185","Synthetic risk signal for Analysis_kri0014 at 0X3999","Review the synthetic risk signal.","Synthetic triage found no action required.",,2025-04-02,2025-04-08,2025-04-15,FALSE,2025-04-01,TRUE,8,"Central Monitoring","Deer","Ineligibility","IE","UK"
"AA-AA-000-0000",2025-04-01,"Site","0X4014","Analysis_kri0002","Open Action","Synthetic Monitor",900186,"https://dev.azure.com/Gilead-RND-CDS-RBQM/AA-AA-000-0000/_workitems/edit/900186","Synthetic risk signal for Analysis_kri0002 at 0X4014","Review the synthetic risk signal.",,,2025-04-02,,2025-04-15,FALSE,2025-04-01,TRUE,15,"Central Monitoring","Doe","Serious Adverse Event Rate","SAE","Japan"
"AA-AA-000-0000",2025-04-01,"Site","0X4014","Analysis_kri0003","Closed Action","Synthetic Monitor",900187,"https://dev.azure.com/Gilead-RND-CDS-RBQM/AA-AA-000-0000/_workitems/edit/900187","Synthetic risk signal for Analysis_kri0003 at 0X4014","Review the synthetic risk signal.","Synthetic action completed.",,2025-04-02,2025-04-08,2025-04-15,FALSE,2025-04-01,TRUE,8,"Central Monitoring","Doe","Non-Important Protocol Deviation Rate","PD","Japan"
"AA-AA-000-0000",2025-04-01,"Site","0X4014","Analysis_kri0013","Open Action","Synthetic Monitor",900188,"https://dev.azure.com/Gilead-RND-CDS-RBQM/AA-AA-000-0000/_workitems/edit/900188","Synthetic risk signal for Analysis_kri0013 at 0X4014","Review the synthetic risk signal.",,,2025-04-02,,2025-04-15,FALSE,2025-04-01,TRUE,15,"Central Monitoring","Doe","PK Collection Compliance Rate","PK","Japan"
"AA-AA-000-0000",2025-04-01,"Site","0X4014","Analysis_kri0014","No Action",,900189,"https://dev.azure.com/Gilead-RND-CDS-RBQM/AA-AA-000-0000/_workitems/edit/900189","Synthetic risk signal for Analysis_kri0014 at 0X4014","Review the synthetic risk signal.","Synthetic triage found no action required.",,2025-04-02,2025-04-08,2025-04-15,FALSE,2025-04-01,TRUE,8,"Central Monitoring","Doe","Ineligibility","IE","Japan"
"AA-AA-000-0000",2025-04-01,"Site","0X4264","Analysis_kri0001","Awaiting Triage",,900190,"https://dev.azure.com/Gilead-RND-CDS-RBQM/AA-AA-000-0000/_workitems/edit/900190","Synthetic risk signal for Analysis_kri0001 at 0X4264","Review the synthetic risk signal.",,,2025-04-02,,2025-04-15,FALSE,2025-04-01,TRUE,15,"Central Monitoring","Deer","Adverse Event Rate","AE","US"
"AA-AA-000-0000",2025-04-01,"Site","0X4264","Analysis_kri0014","Open Action","Synthetic Monitor",900191,"https://dev.azure.com/Gilead-RND-CDS-RBQM/AA-AA-000-0000/_workitems/edit/900191","Synthetic risk signal for Analysis_kri0014 at 0X4264","Review the synthetic risk signal.",,,2025-04-02,,2025-04-15,FALSE,2025-04-01,TRUE,15,"Central Monitoring","Deer","Ineligibility","IE","US"
"AA-AA-000-0000",2025-04-01,"Site","0X4264","Analysis_kri0015","Closed Action","Synthetic Monitor",900192,"https://dev.azure.com/Gilead-RND-CDS-RBQM/AA-AA-000-0000/_workitems/edit/900192","Synthetic risk signal for Analysis_kri0015 at 0X4264","Review the synthetic risk signal.","Synthetic action completed.",,2025-04-02,2025-04-08,2025-04-15,FALSE,2025-03-01,FALSE,8,"Central Monitoring","Deer","Premature Death Rate","DTH90","US"
"AA-AA-000-0000",2025-04-01,"Site","0X4323","Analysis_kri0004","Awaiting Triage",,900193,"https://dev.azure.com/Gilead-RND-CDS-RBQM/AA-AA-000-0000/_workitems/edit/900193","Synthetic risk signal for Analysis_kri0004 at 0X4323","Review the synthetic risk signal.",,,2025-04-02,,2025-04-15,FALSE,2025-03-01,FALSE,15,"Central Monitoring","Smith","Important Protocol Deviation Rate","IPD","US"
"AA-AA-000-0000",2025-04-01,"Site","0X4323","Analysis_kri0014","Closed Action","Synthetic Monitor",900194,"https://dev.azure.com/Gilead-RND-CDS-RBQM/AA-AA-000-0000/_workitems/edit/900194","Synthetic risk signal for Analysis_kri0014 at 0X4323","Review the synthetic risk signal.","Synthetic action completed.",,2025-04-02,2025-04-08,2025-04-15,FALSE,2025-02-01,FALSE,8,"Central Monitoring","Smith","Ineligibility","IE","US"
"AA-AA-000-0000",2025-04-01,"Site","0X4464","Analysis_kri0004","Closed Action","Synthetic Monitor",900195,"https://dev.azure.com/Gilead-RND-CDS-RBQM/AA-AA-000-0000/_workitems/edit/900195","Synthetic risk signal for Analysis_kri0004 at 0X4464","Review the synthetic risk signal.","Synthetic action completed.",,2025-04-02,2025-04-08,2025-04-15,FALSE,2025-04-01,TRUE,8,"Central Monitoring","Deer","Important Protocol Deviation Rate","IPD","Japan"
"AA-AA-000-0000",2025-04-01,"Site","0X4464","Analysis_kri0019","No Action",,900196,"https://dev.azure.com/Gilead-RND-CDS-RBQM/AA-AA-000-0000/_workitems/edit/900196","Synthetic risk signal for Analysis_kri0019 at 0X4464","Review the synthetic risk signal.","Synthetic triage found no action required.",,2025-04-02,2025-04-08,2025-04-15,FALSE,2025-04-01,TRUE,8,"Central Monitoring","Deer","IP Non-Starter Rate","IPNS","Japan"
"AA-AA-000-0000",2025-04-01,"Site","0X4485","Analysis_kri0014","No Action",,900197,"https://dev.azure.com/Gilead-RND-CDS-RBQM/AA-AA-000-0000/_workitems/edit/900197","Synthetic risk signal for Analysis_kri0014 at 0X4485","Review the synthetic risk signal.","Synthetic triage found no action required.",,2025-04-02,2025-04-08,2025-04-15,FALSE,2025-02-01,FALSE,8,"Central Monitoring","Doe","Ineligibility","IE","US"
"AA-AA-000-0000",2025-04-01,"Site","0X4572","Analysis_kri0013","No Action",,900198,"https://dev.azure.com/Gilead-RND-CDS-RBQM/AA-AA-000-0000/_workitems/edit/900198","Synthetic risk signal for Analysis_kri0013 at 0X4572","Review the synthetic risk signal.","Synthetic triage found no action required.",,2025-04-02,2025-04-08,2025-04-15,FALSE,2025-04-01,TRUE,8,"Central Monitoring","Deer","PK Collection Compliance Rate","PK","US"
"AA-AA-000-0000",2025-04-01,"Site","0X4590","Analysis_kri0002","Open Action","Synthetic Monitor",900199,"https://dev.azure.com/Gilead-RND-CDS-RBQM/AA-AA-000-0000/_workitems/edit/900199","Synthetic risk signal for Analysis_kri0002 at 0X4590","Review the synthetic risk signal.",,,2025-04-02,,2025-04-15,FALSE,2025-04-01,TRUE,15,"Central Monitoring","Smith","Serious Adverse Event Rate","SAE","US"
"AA-AA-000-0000",2025-04-01,"Site","0X4590","Analysis_kri0014","No Action",,900200,"https://dev.azure.com/Gilead-RND-CDS-RBQM/AA-AA-000-0000/_workitems/edit/900200","Synthetic risk signal for Analysis_kri0014 at 0X4590","Review the synthetic risk signal.","Synthetic triage found no action required.",,2025-04-02,2025-04-08,2025-04-15,FALSE,2025-03-01,FALSE,8,"Central Monitoring","Smith","Ineligibility","IE","US"
"AA-AA-000-0000",2025-04-01,"Site","0X4629","Analysis_kri0014","Open Action","Synthetic Monitor",900201,"https://dev.azure.com/Gilead-RND-CDS-RBQM/AA-AA-000-0000/_workitems/edit/900201","Synthetic risk signal for Analysis_kri0014 at 0X4629","Review the synthetic risk signal.",,,2025-04-02,,2025-04-15,FALSE,2025-04-01,TRUE,15,"Central Monitoring","Doe","Ineligibility","IE","Japan"
"AA-AA-000-0000",2025-04-01,"Site","0X4741","Analysis_kri0003","Closed Action","Synthetic Monitor",900202,"https://dev.azure.com/Gilead-RND-CDS-RBQM/AA-AA-000-0000/_workitems/edit/900202","Synthetic risk signal for Analysis_kri0003 at 0X4741","Review the synthetic risk signal.","Synthetic action completed.",,2025-04-02,2025-04-08,2025-04-15,FALSE,2025-04-01,TRUE,8,"Central Monitoring","Deer","Non-Important Protocol Deviation Rate","PD","Japan"
"AA-AA-000-0000",2025-04-01,"Site","0X4874","Analysis_kri0001","Awaiting Triage",,900203,"https://dev.azure.com/Gilead-RND-CDS-RBQM/AA-AA-000-0000/_workitems/edit/900203","Synthetic risk signal for Analysis_kri0001 at 0X4874","Review the synthetic risk signal.",,,2025-04-02,,2025-04-15,FALSE,2025-04-01,TRUE,15,"Central Monitoring","Doe","Adverse Event Rate","AE","Japan"
"AA-AA-000-0000",2025-04-01,"Site","0X4874","Analysis_kri0002","No Action",,900204,"https://dev.azure.com/Gilead-RND-CDS-RBQM/AA-AA-000-0000/_workitems/edit/900204","Synthetic risk signal for Analysis_kri0002 at 0X4874","Review the synthetic risk signal.","Synthetic triage found no action required.",,2025-04-02,2025-04-08,2025-04-15,FALSE,2025-04-01,TRUE,8,"Central Monitoring","Doe","Serious Adverse Event Rate","SAE","Japan"
"AA-AA-000-0000",2025-04-01,"Site","0X4874","Analysis_kri0014","Closed Action","Synthetic Monitor",900205,"https://dev.azure.com/Gilead-RND-CDS-RBQM/AA-AA-000-0000/_workitems/edit/900205","Synthetic risk signal for Analysis_kri0014 at 0X4874","Review the synthetic risk signal.","Synthetic action completed.",,2025-04-02,2025-04-08,2025-04-15,FALSE,2025-03-01,FALSE,8,"Central Monitoring","Doe","Ineligibility","IE","Japan"
"AA-AA-000-0000",2025-04-01,"Site","0X4874","Analysis_kri0015","Open Action","Synthetic Monitor",900206,"https://dev.azure.com/Gilead-RND-CDS-RBQM/AA-AA-000-0000/_workitems/edit/900206","Synthetic risk signal for Analysis_kri0015 at 0X4874","Review the synthetic risk signal.",,,2025-04-02,,2025-04-15,FALSE,2025-04-01,TRUE,15,"Central Monitoring","Doe","Premature Death Rate","DTH90","Japan"
"AA-AA-000-0000",2025-04-01,"Site","0X4959","Analysis_kri0014","No Action",,900207,"https://dev.azure.com/Gilead-RND-CDS-RBQM/AA-AA-000-0000/_workitems/edit/900207","Synthetic risk signal for Analysis_kri0014 at 0X4959","Review the synthetic risk signal.","Synthetic triage found no action required.",,2025-04-02,2025-04-08,2025-04-15,FALSE,2025-02-01,FALSE,8,"Central Monitoring","Doe","Ineligibility","IE","US"
"AA-AA-000-0000",2025-04-01,"Site","0X4959","Analysis_kri0015","No Action",,900208,"https://dev.azure.com/Gilead-RND-CDS-RBQM/AA-AA-000-0000/_workitems/edit/900208","Synthetic risk signal for Analysis_kri0015 at 0X4959","Review the synthetic risk signal.","Synthetic triage found no action required.",,2025-04-02,2025-04-08,2025-04-15,FALSE,2025-02-01,FALSE,8,"Central Monitoring","Doe","Premature Death Rate","DTH90","US"
"AA-AA-000-0000",2025-04-01,"Site","0X5033","Analysis_kri0014","Closed Action","Synthetic Monitor",900209,"https://dev.azure.com/Gilead-RND-CDS-RBQM/AA-AA-000-0000/_workitems/edit/900209","Synthetic risk signal for Analysis_kri0014 at 0X5033","Review the synthetic risk signal.","Synthetic action completed.",,2025-04-02,2025-04-08,2025-04-15,FALSE,2025-03-01,FALSE,8,"Central Monitoring","Smith","Ineligibility","IE","US"
"AA-AA-000-0000",2025-04-01,"Site","0X5384","Analysis_kri0014","Open Action","Synthetic Monitor",900210,"https://dev.azure.com/Gilead-RND-CDS-RBQM/AA-AA-000-0000/_workitems/edit/900210","Synthetic risk signal for Analysis_kri0014 at 0X5384","Review the synthetic risk signal.",,,2025-04-02,,2025-04-15,FALSE,2025-04-01,TRUE,15,"Central Monitoring","Smith","Ineligibility","IE","UK"
"AA-AA-000-0000",2025-04-01,"Site","0X539","Analysis_kri0001","Awaiting Triage",,900211,"https://dev.azure.com/Gilead-RND-CDS-RBQM/AA-AA-000-0000/_workitems/edit/900211","Synthetic risk signal for Analysis_kri0001 at 0X539","Review the synthetic risk signal.",,,2025-04-02,,2025-04-15,FALSE,2025-04-01,TRUE,15,"Central Monitoring","Deer","Adverse Event Rate","AE","Japan"
"AA-AA-000-0000",2025-04-01,"Site","0X539","Analysis_kri0009","Open Action","Synthetic Monitor",900212,"https://dev.azure.com/Gilead-RND-CDS-RBQM/AA-AA-000-0000/_workitems/edit/900212","Synthetic risk signal for Analysis_kri0009 at 0X539","Review the synthetic risk signal.",,,2025-04-02,,2025-04-15,FALSE,2025-04-01,TRUE,15,"Central Monitoring","Deer","Delayed Query Resolution Rate","OQRY","Japan"
"AA-AA-000-0000",2025-04-01,"Site","0X5434","Analysis_kri0014","No Action",,900213,"https://dev.azure.com/Gilead-RND-CDS-RBQM/AA-AA-000-0000/_workitems/edit/900213","Synthetic risk signal for Analysis_kri0014 at 0X5434","Review the synthetic risk signal.","Synthetic triage found no action required.",,2025-04-02,2025-04-08,2025-04-15,FALSE,2025-04-01,TRUE,8,"Central Monitoring","Smith","Ineligibility","IE","Japan"
"AA-AA-000-0000",2025-04-01,"Site","0X5521","Analysis_kri0013","Closed Action","Synthetic Monitor",900214,"https://dev.azure.com/Gilead-RND-CDS-RBQM/AA-AA-000-0000/_workitems/edit/900214","Synthetic risk signal for Analysis_kri0013 at 0X5521","Review the synthetic risk signal.","Synthetic action completed.",,2025-04-02,2025-04-08,2025-04-15,FALSE,2025-04-01,TRUE,8,"Central Monitoring","Deer","PK Collection Compliance Rate","PK","US"
"AA-AA-000-0000",2025-04-01,"Site","0X558","Analysis_kri0014","No Action",,900215,"https://dev.azure.com/Gilead-RND-CDS-RBQM/AA-AA-000-0000/_workitems/edit/900215","Synthetic risk signal for Analysis_kri0014 at 0X558","Review the synthetic risk signal.","Synthetic triage found no action required.",,2025-04-02,2025-04-08,2025-04-15,FALSE,2025-04-01,TRUE,8,"Central Monitoring","Deer","Ineligibility","IE","US"
"AA-AA-000-0000",2025-04-01,"Site","0X5603","Analysis_kri0003","No Action",,900216,"https://dev.azure.com/Gilead-RND-CDS-RBQM/AA-AA-000-0000/_workitems/edit/900216","Synthetic risk signal for Analysis_kri0003 at 0X5603","Review the synthetic risk signal.","Synthetic triage found no action required.",,2025-04-02,2025-04-08,2025-04-15,FALSE,2025-04-01,TRUE,8,"Central Monitoring","Smith","Non-Important Protocol Deviation Rate","PD","UK"
"AA-AA-000-0000",2025-04-01,"Site","0X5603","Analysis_kri0015","No Action",,900217,"https://dev.azure.com/Gilead-RND-CDS-RBQM/AA-AA-000-0000/_workitems/edit/900217","Synthetic risk signal for Analysis_kri0015 at 0X5603","Review the synthetic risk signal.","Synthetic triage found no action required.",,2025-04-02,2025-04-08,2025-04-15,FALSE,2025-04-01,TRUE,8,"Central Monitoring","Smith","Premature Death Rate","DTH90","UK"
"AA-AA-000-0000",2025-04-01,"Site","0X5895","Analysis_kri0014","Closed Action","Synthetic Monitor",900218,"https://dev.azure.com/Gilead-RND-CDS-RBQM/AA-AA-000-0000/_workitems/edit/900218","Synthetic risk signal for Analysis_kri0014 at 0X5895","Review the synthetic risk signal.","Synthetic action completed.",,2025-04-02,2025-04-08,2025-04-15,FALSE,2025-02-01,FALSE,8,"Central Monitoring","Deer","Ineligibility","IE","Japan"
"AA-AA-000-0000",2025-04-01,"Site","0X6040","Analysis_kri0002","Awaiting Triage",,900219,"https://dev.azure.com/Gilead-RND-CDS-RBQM/AA-AA-000-0000/_workitems/edit/900219","Synthetic risk signal for Analysis_kri0002 at 0X6040","Review the synthetic risk signal.",,,2025-04-02,,2025-04-15,FALSE,2025-04-01,TRUE,15,"Central Monitoring","Smith","Serious Adverse Event Rate","SAE","Japan"
"AA-AA-000-0000",2025-04-01,"Site","0X6040","Analysis_kri0009","Open Action","Synthetic Monitor",900220,"https://dev.azure.com/Gilead-RND-CDS-RBQM/AA-AA-000-0000/_workitems/edit/900220","Synthetic risk signal for Analysis_kri0009 at 0X6040","Review the synthetic risk signal.",,,2025-04-02,,2025-04-15,FALSE,2025-04-01,TRUE,15,"Central Monitoring","Smith","Delayed Query Resolution Rate","OQRY","Japan"
"AA-AA-000-0000",2025-04-01,"Site","0X6040","Analysis_kri0011","Open Action","Synthetic Monitor",900221,"https://dev.azure.com/Gilead-RND-CDS-RBQM/AA-AA-000-0000/_workitems/edit/900221","Synthetic risk signal for Analysis_kri0011 at 0X6040","Review the synthetic risk signal.",,,2025-04-02,,2025-04-15,FALSE,2025-04-01,TRUE,15,"Central Monitoring","Smith","Data Change Rate","CDAT","Japan"
"AA-AA-000-0000",2025-04-01,"Site","0X6040","Analysis_kri0014","Closed Action","Synthetic Monitor",900222,"https://dev.azure.com/Gilead-RND-CDS-RBQM/AA-AA-000-0000/_workitems/edit/900222","Synthetic risk signal for Analysis_kri0014 at 0X6040","Review the synthetic risk signal.","Synthetic action completed.",,2025-04-02,2025-04-08,2025-04-15,FALSE,2025-04-01,TRUE,8,"Central Monitoring","Smith","Ineligibility","IE","Japan"
"AA-AA-000-0000",2025-04-01,"Site","0X6405","Analysis_kri0003","No Action",,900223,"https://dev.azure.com/Gilead-RND-CDS-RBQM/AA-AA-000-0000/_workitems/edit/900223","Synthetic risk signal for Analysis_kri0003 at 0X6405","Review the synthetic risk signal.","Synthetic triage found no action required.",,2025-04-02,2025-04-08,2025-04-15,FALSE,2025-04-01,TRUE,8,"Central Monitoring","Doe","Non-Important Protocol Deviation Rate","PD","US"
"AA-AA-000-0000",2025-04-01,"Site","0X6405","Analysis_kri0014","Closed Action","Synthetic Monitor",900224,"https://dev.azure.com/Gilead-RND-CDS-RBQM/AA-AA-000-0000/_workitems/edit/900224","Synthetic risk signal for Analysis_kri0014 at 0X6405","Review the synthetic risk signal.","Synthetic action completed.",,2025-04-02,2025-04-08,2025-04-15,FALSE,2025-02-01,FALSE,8,"Central Monitoring","Doe","Ineligibility","IE","US"
"AA-AA-000-0000",2025-04-01,"Site","0X6603","Analysis_kri0001","No Action",,900225,"https://dev.azure.com/Gilead-RND-CDS-RBQM/AA-AA-000-0000/_workitems/edit/900225","Synthetic risk signal for Analysis_kri0001 at 0X6603","Review the synthetic risk signal.","Synthetic triage found no action required.",,2025-04-02,2025-04-08,2025-04-15,FALSE,2025-04-01,TRUE,8,"Central Monitoring","Smith","Adverse Event Rate","AE","UK"
"AA-AA-000-0000",2025-04-01,"Site","0X6603","Analysis_kri0014","No Action",,900226,"https://dev.azure.com/Gilead-RND-CDS-RBQM/AA-AA-000-0000/_workitems/edit/900226","Synthetic risk signal for Analysis_kri0014 at 0X6603","Review the synthetic risk signal.","Synthetic triage found no action required.",,2025-04-02,2025-04-08,2025-04-15,FALSE,2025-02-01,FALSE,8,"Central Monitoring","Smith","Ineligibility","IE","UK"
"AA-AA-000-0000",2025-04-01,"Site","0X6666","Analysis_kri0001","Open Action","Synthetic Monitor",900227,"https://dev.azure.com/Gilead-RND-CDS-RBQM/AA-AA-000-0000/_workitems/edit/900227","Synthetic risk signal for Analysis_kri0001 at 0X6666","Review the synthetic risk signal.",,,2025-04-02,,2025-04-15,FALSE,2025-04-01,TRUE,15,"Central Monitoring","Doe","Adverse Event Rate","AE","US"
"AA-AA-000-0000",2025-04-01,"Site","0X6900","Analysis_kri0014","Closed Action","Synthetic Monitor",900228,"https://dev.azure.com/Gilead-RND-CDS-RBQM/AA-AA-000-0000/_workitems/edit/900228","Synthetic risk signal for Analysis_kri0014 at 0X6900","Review the synthetic risk signal.","Synthetic action completed.",,2025-04-02,2025-04-08,2025-04-15,FALSE,2025-02-01,FALSE,8,"Central Monitoring","Deer","Ineligibility","IE","Japan"
"AA-AA-000-0000",2025-04-01,"Site","0X6927","Analysis_kri0014","Open Action","Synthetic Monitor",900229,"https://dev.azure.com/Gilead-RND-CDS-RBQM/AA-AA-000-0000/_workitems/edit/900229","Synthetic risk signal for Analysis_kri0014 at 0X6927","Review the synthetic risk signal.",,,2025-04-02,,2025-04-15,FALSE,2025-03-01,FALSE,15,"Central Monitoring","Smith","Ineligibility","IE","UK"
"AA-AA-000-0000",2025-04-01,"Site","0X7011","Analysis_kri0001","No Action",,900230,"https://dev.azure.com/Gilead-RND-CDS-RBQM/AA-AA-000-0000/_workitems/edit/900230","Synthetic risk signal for Analysis_kri0001 at 0X7011","Review the synthetic risk signal.","Synthetic triage found no action required.",,2025-04-02,2025-04-08,2025-04-15,FALSE,2025-04-01,TRUE,8,"Central Monitoring","Deer","Adverse Event Rate","AE","US"
"AA-AA-000-0000",2025-04-01,"Site","0X7011","Analysis_kri0014","Open Action","Synthetic Monitor",900231,"https://dev.azure.com/Gilead-RND-CDS-RBQM/AA-AA-000-0000/_workitems/edit/900231","Synthetic risk signal for Analysis_kri0014 at 0X7011","Review the synthetic risk signal.",,,2025-04-02,,2025-04-15,FALSE,2025-04-01,TRUE,15,"Central Monitoring","Deer","Ineligibility","IE","US"
"AA-AA-000-0000",2025-04-01,"Site","0X717","Analysis_kri0002","Open Action","Synthetic Monitor",900232,"https://dev.azure.com/Gilead-RND-CDS-RBQM/AA-AA-000-0000/_workitems/edit/900232","Synthetic risk signal for Analysis_kri0002 at 0X717","Review the synthetic risk signal.",,,2025-04-02,,2025-04-15,FALSE,2025-04-01,TRUE,15,"Central Monitoring","Deer","Serious Adverse Event Rate","SAE","UK"
"AA-AA-000-0000",2025-04-01,"Site","0X7497","Analysis_kri0001","No Action",,900233,"https://dev.azure.com/Gilead-RND-CDS-RBQM/AA-AA-000-0000/_workitems/edit/900233","Synthetic risk signal for Analysis_kri0001 at 0X7497","Review the synthetic risk signal.","Synthetic triage found no action required.",,2025-04-02,2025-04-08,2025-04-15,FALSE,2025-04-01,TRUE,8,"Central Monitoring","Smith","Adverse Event Rate","AE","US"
"AA-AA-000-0000",2025-04-01,"Site","0X7541","Analysis_kri0002","Awaiting Triage",,900234,"https://dev.azure.com/Gilead-RND-CDS-RBQM/AA-AA-000-0000/_workitems/edit/900234","Synthetic risk signal for Analysis_kri0002 at 0X7541","Review the synthetic risk signal.",,,2025-04-02,,2025-04-15,FALSE,2025-04-01,TRUE,15,"Central Monitoring","Deer","Serious Adverse Event Rate","SAE","UK"
"AA-AA-000-0000",2025-04-01,"Site","0X7574","Analysis_kri0013","Open Action","Synthetic Monitor",900235,"https://dev.azure.com/Gilead-RND-CDS-RBQM/AA-AA-000-0000/_workitems/edit/900235","Synthetic risk signal for Analysis_kri0013 at 0X7574","Review the synthetic risk signal.",,,2025-04-02,,2025-04-15,FALSE,2025-04-01,TRUE,15,"Central Monitoring","Smith","PK Collection Compliance Rate","PK","Japan"
"AA-AA-000-0000",2025-04-01,"Site","0X759","Analysis_kri0001","Closed Action","Synthetic Monitor",900236,"https://dev.azure.com/Gilead-RND-CDS-RBQM/AA-AA-000-0000/_workitems/edit/900236","Synthetic risk signal for Analysis_kri0001 at 0X759","Review the synthetic risk signal.","Synthetic action completed.",,2025-04-02,2025-04-08,2025-04-15,FALSE,2025-04-01,TRUE,8,"Central Monitoring","Smith","Adverse Event Rate","AE","US"
"AA-AA-000-0000",2025-04-01,"Site","0X759","Analysis_kri0002","Open Action","Synthetic Monitor",900237,"https://dev.azure.com/Gilead-RND-CDS-RBQM/AA-AA-000-0000/_workitems/edit/900237","Synthetic risk signal for Analysis_kri0002 at 0X759","Review the synthetic risk signal.",,,2025-04-02,,2025-04-15,FALSE,2025-04-01,TRUE,15,"Central Monitoring","Smith","Serious Adverse Event Rate","SAE","US"
"AA-AA-000-0000",2025-04-01,"Site","0X759","Analysis_kri0014","No Action",,900238,"https://dev.azure.com/Gilead-RND-CDS-RBQM/AA-AA-000-0000/_workitems/edit/900238","Synthetic risk signal for Analysis_kri0014 at 0X759","Review the synthetic risk signal.","Synthetic triage found no action required.",,2025-04-02,2025-04-08,2025-04-15,FALSE,2025-03-01,FALSE,8,"Central Monitoring","Smith","Ineligibility","IE","US"
"AA-AA-000-0000",2025-04-01,"Site","0X7592","Analysis_kri0012","Closed Action","Synthetic Monitor",900239,"https://dev.azure.com/Gilead-RND-CDS-RBQM/AA-AA-000-0000/_workitems/edit/900239","Synthetic risk signal for Analysis_kri0012 at 0X7592","Review the synthetic risk signal.","Synthetic action completed.",,2025-04-02,2025-04-08,2025-04-15,FALSE,2025-04-01,TRUE,8,"Central Monitoring","Doe","Screen Failure Rate","SF","UK"
"AA-AA-000-0000",2025-04-01,"Site","0X7809","Analysis_kri0014","No Action",,900240,"https://dev.azure.com/Gilead-RND-CDS-RBQM/AA-AA-000-0000/_workitems/edit/900240","Synthetic risk signal for Analysis_kri0014 at 0X7809","Review the synthetic risk signal.","Synthetic triage found no action required.",,2025-04-02,2025-04-08,2025-04-15,FALSE,2025-02-01,FALSE,8,"Central Monitoring","Deer","Ineligibility","IE","Japan"
"AA-AA-000-0000",2025-04-01,"Site","0X7983","Analysis_kri0014","Closed Action","Synthetic Monitor",900241,"https://dev.azure.com/Gilead-RND-CDS-RBQM/AA-AA-000-0000/_workitems/edit/900241","Synthetic risk signal for Analysis_kri0014 at 0X7983","Review the synthetic risk signal.","Synthetic action completed.",,2025-04-02,2025-04-08,2025-04-15,FALSE,2025-04-01,TRUE,8,"Central Monitoring","Smith","Ineligibility","IE","US"
"AA-AA-000-0000",2025-04-01,"Site","0X8091","Analysis_kri0015","Closed Action","Synthetic Monitor",900242,"https://dev.azure.com/Gilead-RND-CDS-RBQM/AA-AA-000-0000/_workitems/edit/900242","Synthetic risk signal for Analysis_kri0015 at 0X8091","Review the synthetic risk signal.","Synthetic action completed.",,2025-04-02,2025-04-08,2025-04-15,FALSE,2025-04-01,TRUE,8,"Central Monitoring","Smith","Premature Death Rate","DTH90","UK"
"AA-AA-000-0000",2025-04-01,"Site","0X8219","Analysis_kri0014","Awaiting Triage",,900243,"https://dev.azure.com/Gilead-RND-CDS-RBQM/AA-AA-000-0000/_workitems/edit/900243","Synthetic risk signal for Analysis_kri0014 at 0X8219","Review the synthetic risk signal.",,,2025-04-02,,2025-04-15,FALSE,2025-04-01,TRUE,15,"Central Monitoring","Doe","Ineligibility","IE","UK"
"AA-AA-000-0000",2025-04-01,"Site","0X8318","Analysis_kri0001","Closed Action","Synthetic Monitor",900244,"https://dev.azure.com/Gilead-RND-CDS-RBQM/AA-AA-000-0000/_workitems/edit/900244","Synthetic risk signal for Analysis_kri0001 at 0X8318","Review the synthetic risk signal.","Synthetic action completed.",,2025-04-02,2025-04-08,2025-04-15,FALSE,2025-04-01,TRUE,8,"Central Monitoring","Deer","Adverse Event Rate","AE","Japan"
"AA-AA-000-0000",2025-04-01,"Site","0X8351","Analysis_kri0001","No Action",,900245,"https://dev.azure.com/Gilead-RND-CDS-RBQM/AA-AA-000-0000/_workitems/edit/900245","Synthetic risk signal for Analysis_kri0001 at 0X8351","Review the synthetic risk signal.","Synthetic triage found no action required.",,2025-04-02,2025-04-08,2025-04-15,FALSE,2025-04-01,TRUE,8,"Central Monitoring","Deer","Adverse Event Rate","AE","UK"
"AA-AA-000-0000",2025-04-01,"Site","0X8351","Analysis_kri0014","No Action",,900246,"https://dev.azure.com/Gilead-RND-CDS-RBQM/AA-AA-000-0000/_workitems/edit/900246","Synthetic risk signal for Analysis_kri0014 at 0X8351","Review the synthetic risk signal.","Synthetic triage found no action required.",,2025-04-02,2025-04-08,2025-04-15,FALSE,2025-03-01,FALSE,8,"Central Monitoring","Deer","Ineligibility","IE","UK"
"AA-AA-000-0000",2025-04-01,"Site","0X8354","Analysis_kri0001","No Action",,900247,"https://dev.azure.com/Gilead-RND-CDS-RBQM/AA-AA-000-0000/_workitems/edit/900247","Synthetic risk signal for Analysis_kri0001 at 0X8354","Review the synthetic risk signal.","Synthetic triage found no action required.",,2025-04-02,2025-04-08,2025-04-15,FALSE,2025-02-01,FALSE,8,"Central Monitoring","Deer","Adverse Event Rate","AE","Japan"
"AA-AA-000-0000",2025-04-01,"Site","0X8354","Analysis_kri0005","Closed Action","Synthetic Monitor",900248,"https://dev.azure.com/Gilead-RND-CDS-RBQM/AA-AA-000-0000/_workitems/edit/900248","Synthetic risk signal for Analysis_kri0005 at 0X8354","Review the synthetic risk signal.","Synthetic action completed.",,2025-04-02,2025-04-08,2025-04-15,FALSE,2025-03-01,FALSE,8,"Central Monitoring","Deer","Grade 3+ Lab Abnormality Rate","LB","Japan"
"AA-AA-000-0000",2025-04-01,"Site","0X8354","Analysis_kri0012","Open Action","Synthetic Monitor",900249,"https://dev.azure.com/Gilead-RND-CDS-RBQM/AA-AA-000-0000/_workitems/edit/900249","Synthetic risk signal for Analysis_kri0012 at 0X8354","Review the synthetic risk signal.",,,2025-04-02,,2025-04-15,FALSE,2025-02-01,FALSE,15,"Central Monitoring","Deer","Screen Failure Rate","SF","Japan"
"AA-AA-000-0000",2025-04-01,"Site","0X8354","Analysis_kri0014","Open Action","Synthetic Monitor",900250,"https://dev.azure.com/Gilead-RND-CDS-RBQM/AA-AA-000-0000/_workitems/edit/900250","Synthetic risk signal for Analysis_kri0014 at 0X8354","Review the synthetic risk signal.",,,2025-04-02,,2025-04-15,FALSE,2025-04-01,TRUE,15,"Central Monitoring","Deer","Ineligibility","IE","Japan"
"AA-AA-000-0000",2025-04-01,"Site","0X8354","Analysis_kri0015","Awaiting Triage",,900251,"https://dev.azure.com/Gilead-RND-CDS-RBQM/AA-AA-000-0000/_workitems/edit/900251","Synthetic risk signal for Analysis_kri0015 at 0X8354","Review the synthetic risk signal.",,,2025-04-02,,2025-04-15,FALSE,2025-04-01,TRUE,15,"Central Monitoring","Deer","Premature Death Rate","DTH90","Japan"
"AA-AA-000-0000",2025-04-01,"Site","0X8379","Analysis_kri0009","Open Action","Synthetic Monitor",900252,"https://dev.azure.com/Gilead-RND-CDS-RBQM/AA-AA-000-0000/_workitems/edit/900252","Synthetic risk signal for Analysis_kri0009 at 0X8379","Review the synthetic risk signal.",,,2025-04-02,,2025-04-15,FALSE,2025-04-01,TRUE,15,"Central Monitoring","Smith","Delayed Query Resolution Rate","OQRY","Japan"
"AA-AA-000-0000",2025-04-01,"Site","0X8517","Analysis_kri0014","Open Action","Synthetic Monitor",900253,"https://dev.azure.com/Gilead-RND-CDS-RBQM/AA-AA-000-0000/_workitems/edit/900253","Synthetic risk signal for Analysis_kri0014 at 0X8517","Review the synthetic risk signal.",,,2025-04-02,,2025-04-15,FALSE,2025-04-01,TRUE,15,"Central Monitoring","Smith","Ineligibility","IE","UK"
"AA-AA-000-0000",2025-04-01,"Site","0X8625","Analysis_kri0014","Closed Action","Synthetic Monitor",900254,"https://dev.azure.com/Gilead-RND-CDS-RBQM/AA-AA-000-0000/_workitems/edit/900254","Synthetic risk signal for Analysis_kri0014 at 0X8625","Review the synthetic risk signal.","Synthetic action completed.",,2025-04-02,2025-04-08,2025-04-15,FALSE,2025-04-01,TRUE,8,"Central Monitoring","Deer","Ineligibility","IE","US"
"AA-AA-000-0000",2025-04-01,"Site","0X8633","Analysis_kri0014","No Action",,900255,"https://dev.azure.com/Gilead-RND-CDS-RBQM/AA-AA-000-0000/_workitems/edit/900255","Synthetic risk signal for Analysis_kri0014 at 0X8633","Review the synthetic risk signal.","Synthetic triage found no action required.",,2025-04-02,2025-04-08,2025-04-15,FALSE,2025-02-01,FALSE,8,"Central Monitoring","Smith","Ineligibility","IE","Japan"
"AA-AA-000-0000",2025-04-01,"Site","0X8723","Analysis_kri0014","Open Action","Synthetic Monitor",900256,"https://dev.azure.com/Gilead-RND-CDS-RBQM/AA-AA-000-0000/_workitems/edit/900256","Synthetic risk signal for Analysis_kri0014 at 0X8723","Review the synthetic risk signal.",,,2025-04-02,,2025-04-15,FALSE,2025-03-01,FALSE,15,"Central Monitoring","Deer","Ineligibility","IE","Japan"
"AA-AA-000-0000",2025-04-01,"Site","0X8743","Analysis_kri0001","Open Action","Synthetic Monitor",900257,"https://dev.azure.com/Gilead-RND-CDS-RBQM/AA-AA-000-0000/_workitems/edit/900257","Synthetic risk signal for Analysis_kri0001 at 0X8743","Review the synthetic risk signal.",,,2025-04-02,,2025-04-15,FALSE,2025-04-01,TRUE,15,"Central Monitoring","Smith","Adverse Event Rate","AE","Japan"
"AA-AA-000-0000",2025-04-01,"Site","0X8743","Analysis_kri0019","No Action",,900258,"https://dev.azure.com/Gilead-RND-CDS-RBQM/AA-AA-000-0000/_workitems/edit/900258","Synthetic risk signal for Analysis_kri0019 at 0X8743","Review the synthetic risk signal.","Synthetic triage found no action required.",,2025-04-02,2025-04-08,2025-04-15,FALSE,2025-04-01,TRUE,8,"Central Monitoring","Smith","IP Non-Starter Rate","IPNS","Japan"
"AA-AA-000-0000",2025-04-01,"Site","0X8764","Analysis_kri0014","No Action",,900259,"https://dev.azure.com/Gilead-RND-CDS-RBQM/AA-AA-000-0000/_workitems/edit/900259","Synthetic risk signal for Analysis_kri0014 at 0X8764","Review the synthetic risk signal.","Synthetic triage found no action required.",,2025-04-02,2025-04-08,2025-04-15,FALSE,2025-02-01,FALSE,8,"Central Monitoring","Smith","Ineligibility","IE","Japan"
"AA-AA-000-0000",2025-04-01,"Site","0X8786","Analysis_kri0001","Closed Action","Synthetic Monitor",900260,"https://dev.azure.com/Gilead-RND-CDS-RBQM/AA-AA-000-0000/_workitems/edit/900260","Synthetic risk signal for Analysis_kri0001 at 0X8786","Review the synthetic risk signal.","Synthetic action completed.",,2025-04-02,2025-04-08,2025-04-15,FALSE,2025-04-01,TRUE,8,"Central Monitoring","Deer","Adverse Event Rate","AE","US"
"AA-AA-000-0000",2025-04-01,"Site","0X8786","Analysis_kri0014","Open Action","Synthetic Monitor",900261,"https://dev.azure.com/Gilead-RND-CDS-RBQM/AA-AA-000-0000/_workitems/edit/900261","Synthetic risk signal for Analysis_kri0014 at 0X8786","Review the synthetic risk signal.",,,2025-04-02,,2025-04-15,FALSE,2025-03-01,FALSE,15,"Central Monitoring","Deer","Ineligibility","IE","US"
"AA-AA-000-0000",2025-04-01,"Site","0X8788","Analysis_kri0001","No Action",,900262,"https://dev.azure.com/Gilead-RND-CDS-RBQM/AA-AA-000-0000/_workitems/edit/900262","Synthetic risk signal for Analysis_kri0001 at 0X8788","Review the synthetic risk signal.","Synthetic triage found no action required.",,2025-04-02,2025-04-08,2025-04-15,FALSE,2025-04-01,TRUE,8,"Central Monitoring","Deer","Adverse Event Rate","AE","Japan"
"AA-AA-000-0000",2025-04-01,"Site","0X8788","Analysis_kri0002","Open Action","Synthetic Monitor",900263,"https://dev.azure.com/Gilead-RND-CDS-RBQM/AA-AA-000-0000/_workitems/edit/900263","Synthetic risk signal for Analysis_kri0002 at 0X8788","Review the synthetic risk signal.",,,2025-04-02,,2025-04-15,FALSE,2025-04-01,TRUE,15,"Central Monitoring","Deer","Serious Adverse Event Rate","SAE","Japan"
"AA-AA-000-0000",2025-04-01,"Site","0X8788","Analysis_kri0014","No Action",,900264,"https://dev.azure.com/Gilead-RND-CDS-RBQM/AA-AA-000-0000/_workitems/edit/900264","Synthetic risk signal for Analysis_kri0014 at 0X8788","Review the synthetic risk signal.","Synthetic triage found no action required.",,2025-04-02,2025-04-08,2025-04-15,FALSE,2025-04-01,TRUE,8,"Central Monitoring","Deer","Ineligibility","IE","Japan"
"AA-AA-000-0000",2025-04-01,"Site","0X8788","Analysis_kri0019","Open Action","Synthetic Monitor",900265,"https://dev.azure.com/Gilead-RND-CDS-RBQM/AA-AA-000-0000/_workitems/edit/900265","Synthetic risk signal for Analysis_kri0019 at 0X8788","Review the synthetic risk signal.",,,2025-04-02,,2025-04-15,FALSE,2025-04-01,TRUE,15,"Central Monitoring","Deer","IP Non-Starter Rate","IPNS","Japan"
"AA-AA-000-0000",2025-04-01,"Site","0X8799","Analysis_kri0002","No Action",,900266,"https://dev.azure.com/Gilead-RND-CDS-RBQM/AA-AA-000-0000/_workitems/edit/900266","Synthetic risk signal for Analysis_kri0002 at 0X8799","Review the synthetic risk signal.","Synthetic triage found no action required.",,2025-04-02,2025-04-08,2025-04-15,FALSE,2025-03-01,FALSE,8,"Central Monitoring","Doe","Serious Adverse Event Rate","SAE","UK"
"AA-AA-000-0000",2025-04-01,"Site","0X8799","Analysis_kri0014","Closed Action","Synthetic Monitor",900267,"https://dev.azure.com/Gilead-RND-CDS-RBQM/AA-AA-000-0000/_workitems/edit/900267","Synthetic risk signal for Analysis_kri0014 at 0X8799","Review the synthetic risk signal.","Synthetic action completed.",,2025-04-02,2025-04-08,2025-04-15,FALSE,2025-02-01,FALSE,8,"Central Monitoring","Doe","Ineligibility","IE","UK"
"AA-AA-000-0000",2025-04-01,"Site","0X8964","Analysis_kri0001","Closed Action","Synthetic Monitor",900268,"https://dev.azure.com/Gilead-RND-CDS-RBQM/AA-AA-000-0000/_workitems/edit/900268","Synthetic risk signal for Analysis_kri0001 at 0X8964","Review the synthetic risk signal.","Synthetic action completed.",,2025-04-02,2025-04-08,2025-04-15,FALSE,2025-04-01,TRUE,8,"Central Monitoring","Smith","Adverse Event Rate","AE","UK"
"AA-AA-000-0000",2025-04-01,"Site","0X9051","Analysis_kri0001","Awaiting Triage",,900269,"https://dev.azure.com/Gilead-RND-CDS-RBQM/AA-AA-000-0000/_workitems/edit/900269","Synthetic risk signal for Analysis_kri0001 at 0X9051","Review the synthetic risk signal.",,,2025-04-02,,2025-04-15,FALSE,2025-04-01,TRUE,15,"Central Monitoring","Smith","Adverse Event Rate","AE","US"
"AA-AA-000-0000",2025-04-01,"Site","0X9142","Analysis_kri0014","Open Action","Synthetic Monitor",900270,"https://dev.azure.com/Gilead-RND-CDS-RBQM/AA-AA-000-0000/_workitems/edit/900270","Synthetic risk signal for Analysis_kri0014 at 0X9142","Review the synthetic risk signal.",,,2025-04-02,,2025-04-15,FALSE,2025-04-01,TRUE,15,"Central Monitoring","Smith","Ineligibility","IE","Japan"
"AA-AA-000-0000",2025-04-01,"Site","0X9216","Analysis_kri0014","No Action",,900271,"https://dev.azure.com/Gilead-RND-CDS-RBQM/AA-AA-000-0000/_workitems/edit/900271","Synthetic risk signal for Analysis_kri0014 at 0X9216","Review the synthetic risk signal.","Synthetic triage found no action required.",,2025-04-02,2025-04-08,2025-04-15,FALSE,2025-04-01,TRUE,8,"Central Monitoring","Doe","Ineligibility","IE","US"
"AA-AA-000-0000",2025-04-01,"Site","0X9346","Analysis_kri0001","Closed Action","Synthetic Monitor",900272,"https://dev.azure.com/Gilead-RND-CDS-RBQM/AA-AA-000-0000/_workitems/edit/900272","Synthetic risk signal for Analysis_kri0001 at 0X9346","Review the synthetic risk signal.","Synthetic action completed.",,2025-04-02,2025-04-08,2025-04-15,FALSE,2025-03-01,FALSE,8,"Central Monitoring","Doe","Adverse Event Rate","AE","UK"
"AA-AA-000-0000",2025-04-01,"Site","0X9346","Analysis_kri0014","Awaiting Triage",,900273,"https://dev.azure.com/Gilead-RND-CDS-RBQM/AA-AA-000-0000/_workitems/edit/900273","Synthetic risk signal for Analysis_kri0014 at 0X9346","Review the synthetic risk signal.",,,2025-04-02,,2025-04-15,FALSE,2025-04-01,TRUE,15,"Central Monitoring","Doe","Ineligibility","IE","UK"
"AA-AA-000-0000",2025-04-01,"Site","0X9360","Analysis_kri0001","No Action",,900274,"https://dev.azure.com/Gilead-RND-CDS-RBQM/AA-AA-000-0000/_workitems/edit/900274","Synthetic risk signal for Analysis_kri0001 at 0X9360","Review the synthetic risk signal.","Synthetic triage found no action required.",,2025-04-02,2025-04-08,2025-04-15,FALSE,2025-02-01,FALSE,8,"Central Monitoring","Smith","Adverse Event Rate","AE","Japan"
"AA-AA-000-0000",2025-04-01,"Site","0X9360","Analysis_kri0014","No Action",,900275,"https://dev.azure.com/Gilead-RND-CDS-RBQM/AA-AA-000-0000/_workitems/edit/900275","Synthetic risk signal for Analysis_kri0014 at 0X9360","Review the synthetic risk signal.","Synthetic triage found no action required.",,2025-04-02,2025-04-08,2025-04-15,FALSE,2025-03-01,FALSE,8,"Central Monitoring","Smith","Ineligibility","IE","Japan"
"AA-AA-000-0000",2025-04-01,"Site","0X9574","Analysis_kri0012","Closed Action","Synthetic Monitor",900276,"https://dev.azure.com/Gilead-RND-CDS-RBQM/AA-AA-000-0000/_workitems/edit/900276","Synthetic risk signal for Analysis_kri0012 at 0X9574","Review the synthetic risk signal.","Synthetic action completed.",,2025-04-02,2025-04-08,2025-04-15,FALSE,2025-04-01,TRUE,8,"Central Monitoring","Doe","Screen Failure Rate","SF","US"
"AA-AA-000-0000",2025-04-01,"Site","0X958","Analysis_kri0005","No Action",,900277,"https://dev.azure.com/Gilead-RND-CDS-RBQM/AA-AA-000-0000/_workitems/edit/900277","Synthetic risk signal for Analysis_kri0005 at 0X958","Review the synthetic risk signal.","Synthetic triage found no action required.",,2025-04-02,2025-04-08,2025-04-15,FALSE,2025-04-01,TRUE,8,"Central Monitoring","Deer","Grade 3+ Lab Abnormality Rate","LB","UK"
"AA-AA-000-0000",2025-04-01,"Site","0X958","Analysis_kri0014","No Action",,900278,"https://dev.azure.com/Gilead-RND-CDS-RBQM/AA-AA-000-0000/_workitems/edit/900278","Synthetic risk signal for Analysis_kri0014 at 0X958","Review the synthetic risk signal.","Synthetic triage found no action required.",,2025-04-02,2025-04-08,2025-04-15,FALSE,2025-02-01,FALSE,8,"Central Monitoring","Deer","Ineligibility","IE","UK"
"AA-AA-000-0000",2025-04-01,"Site","0X9580","Analysis_kri0002","Closed Action","Synthetic Monitor",900279,"https://dev.azure.com/Gilead-RND-CDS-RBQM/AA-AA-000-0000/_workitems/edit/900279","Synthetic risk signal for Analysis_kri0002 at 0X9580","Review the synthetic risk signal.","Synthetic action completed.",,2025-04-02,2025-04-08,2025-04-15,FALSE,2025-03-01,FALSE,8,"Central Monitoring","Deer","Serious Adverse Event Rate","SAE","UK"
"AA-AA-000-0000",2025-04-01,"Site","0X9580","Analysis_kri0003","Awaiting Triage",,900280,"https://dev.azure.com/Gilead-RND-CDS-RBQM/AA-AA-000-0000/_workitems/edit/900280","Synthetic risk signal for Analysis_kri0003 at 0X9580","Review the synthetic risk signal.",,,2025-04-02,,2025-04-15,FALSE,2025-04-01,TRUE,15,"Central Monitoring","Deer","Non-Important Protocol Deviation Rate","PD","UK"
"AA-AA-000-0000",2025-04-01,"Site","0X9580","Analysis_kri0014","Open Action","Synthetic Monitor",900281,"https://dev.azure.com/Gilead-RND-CDS-RBQM/AA-AA-000-0000/_workitems/edit/900281","Synthetic risk signal for Analysis_kri0014 at 0X9580","Review the synthetic risk signal.",,,2025-04-02,,2025-04-15,FALSE,2025-03-01,FALSE,15,"Central Monitoring","Deer","Ineligibility","IE","UK"
"AA-AA-000-0000",2025-04-01,"Site","0X9737","Analysis_kri0002","Closed Action","Synthetic Monitor",900282,"https://dev.azure.com/Gilead-RND-CDS-RBQM/AA-AA-000-0000/_workitems/edit/900282","Synthetic risk signal for Analysis_kri0002 at 0X9737","Review the synthetic risk signal.","Synthetic action completed.",,2025-04-02,2025-04-08,2025-04-15,FALSE,2025-04-01,TRUE,8,"Central Monitoring","Doe","Serious Adverse Event Rate","SAE","Japan"
"AA-AA-000-0000",2025-04-01,"Site","0X9737","Analysis_kri0014","No Action",,900283,"https://dev.azure.com/Gilead-RND-CDS-RBQM/AA-AA-000-0000/_workitems/edit/900283","Synthetic risk signal for Analysis_kri0014 at 0X9737","Review the synthetic risk signal.","Synthetic triage found no action required.",,2025-04-02,2025-04-08,2025-04-15,FALSE,2025-03-01,FALSE,8,"Central Monitoring","Doe","Ineligibility","IE","Japan"
"AA-AA-000-0000",2025-04-01,"Site","0X9858","Analysis_kri0019","Closed Action","Synthetic Monitor",900284,"https://dev.azure.com/Gilead-RND-CDS-RBQM/AA-AA-000-0000/_workitems/edit/900284","Synthetic risk signal for Analysis_kri0019 at 0X9858","Review the synthetic risk signal.","Synthetic action completed.",,2025-04-02,2025-04-08,2025-04-15,FALSE,2025-04-01,TRUE,8,"Central Monitoring","Doe","IP Non-Starter Rate","IPNS","UK"
