"GroupID","GroupLevel","Numerator","Denominator","Metric","Score","Flag","MetricID","SnapshotDate","StudyID"
"0X6774","Site",8,67,0.119402985074627,-1.22922835410651,-1,"Analysis_kri0001",2025-02-01,"AA-AA-000-0000"
"0X5562","Site",6,58,0.103448275862069,-1.33622029674904,-1,"Analysis_kri0001",2025-02-01,"AA-AA-000-0000"
"0X8743","Site",5,55,0.0909090909090909,-1.44855125396527,-1,"Analysis_kri0001",2025-02-01,"AA-AA-000-0000"
"0X7472","Site",4,44,0.0909090909090909,-1.29562362910356,-1,"Analysis_kri0001",2025-02-01,"AA-AA-000-0000"
"0X5593","Site",19,49,0.387755102040816,1.9252012995094,0,"Analysis_kri0001",2025-02-01,"AA-AA-000-0000"
"0X6533","Site",15,48,0.3125,1.07932632427317,0,"Analysis_kri0001",2025-02-01,"AA-AA-000-0000"
"0X5705","Site",18,58,0.310344827586207,1.16043418595317,0,"Analysis_kri0001",2025-02-01,"AA-AA-000-0000"
"0X4131","Site",14,46,0.304347826086957,0.968993164041128,0,"Analysis_kri0001",2025-02-01,"AA-AA-000-0000"
"0X3959","Site",13,44,0.295454545454545,0.854222441737396,0,"Analysis_kri0001",2025-02-01,"AA-AA-000-0000"
"0X1070","Site",20,70,0.285714285714286,0.948316274647795,0,"Analysis_kri0001",2025-02-01,"AA-AA-000-0000"
"0X9845","Site",27,96,0.28125,1.04124703591432,0,"Analysis_kri0001",2025-02-01,"AA-AA-000-0000"
"0X5569","Site",14,50,0.28,0.737450220747726,0,"Analysis_kri0001",2025-02-01,"AA-AA-000-0000"
"0X7206","Site",12,44,0.272727272727273,0.615350656088401,0,"Analysis_kri0001",2025-02-01,"AA-AA-000-0000"
"0X9779","Site",12,44,0.272727272727273,0.615350656088401,0,"Analysis_kri0001",2025-02-01,"AA-AA-000-0000"
"0X1185","Site",8,32,0.25,0.32106225948173,0,"Analysis_kri0001",2025-02-01,"AA-AA-000-0000"
"0X8530","Site",15,63,0.238095238095238,0.30076855039279,0,"Analysis_kri0001",2025-02-01,"AA-AA-000-0000"
"0X7795","Site",14,59,0.23728813559322,0.281240732780392,0,"Analysis_kri0001",2025-02-01,"AA-AA-000-0000"
"0X2460","Site",8,34,0.235294117647059,0.195073976229812,0,"Analysis_kri0001",2025-02-01,"AA-AA-000-0000"
"0X9066","Site",13,56,0.232142857142857,0.212988239611494,0,"Analysis_kri0001",2025-02-01,"AA-AA-000-0000"
"0X3137","Site",20,89,0.224719101123595,0.15753651998977,0,"Analysis_kri0001",2025-02-01,"AA-AA-000-0000"
"0X2896","Site",9,43,0.209302325581395,-0.0506823381561288,0,"Analysis_kri0001",2025-02-01,"AA-AA-000-0000"
"0X2594","Site",7,36,0.194444444444444,-0.187627439372703,0,"Analysis_kri0001",2025-02-01,"AA-AA-000-0000"
"0X9062","Site",9,48,0.1875,-0.292887612877884,0,"Analysis_kri0001",2025-02-01,"AA-AA-000-0000"
"0X108","Site",16,90,0.177777777777778,-0.547195872348318,0,"Analysis_kri0001",2025-02-01,"AA-AA-000-0000"
"0X4621","Site",18,102,0.176470588235294,-0.603452956872432,0,"Analysis_kri0001",2025-02-01,"AA-AA-000-0000"
"0X2996","Site",15,87,0.172413793103448,-0.617274031050617,0,"Analysis_kri0001",2025-02-01,"AA-AA-000-0000"
"0X707","Site",10,59,0.169491525423729,-0.54389459156338,0,"Analysis_kri0001",2025-02-01,"AA-AA-000-0000"
"0X2131","Site",11,65,0.169230769230769,-0.574211828561148,0,"Analysis_kri0001",2025-02-01,"AA-AA-000-0000"
"0X8400","Site",9,58,0.155172413793103,-0.712056676073488,0,"Analysis_kri0001",2025-02-01,"AA-AA-000-0000"
"0X1505","Site",10,68,0.147058823529412,-0.877014045480725,0,"Analysis_kri0001",2025-02-01,"AA-AA-000-0000"
"0X2521","Site",6,42,0.142857142857143,-0.732395776320442,0,"Analysis_kri0001",2025-02-01,"AA-AA-000-0000"
"0X1570","Site",9,65,0.138461538461538,-0.967276952864382,0,"Analysis_kri0001",2025-02-01,"AA-AA-000-0000"
"0X2106","Site",6,48,0.125,-0.978994581453412,0,"Analysis_kri0001",2025-02-01,"AA-AA-000-0000"
"0X1012","Site",1,1,1,NA,NA,"Analysis_kri0001",2025-02-01,"AA-AA-000-0000"
"0X9595","Site",12,21,0.571428571428571,NA,NA,"Analysis_kri0001",2025-02-01,"AA-AA-000-0000"
"0X7543","Site",11,21,0.523809523809524,NA,NA,"Analysis_kri0001",2025-02-01,"AA-AA-000-0000"
"0X1175","Site",4,18,0.222222222222222,NA,NA,"Analysis_kri0001",2025-02-01,"AA-AA-000-0000"
"0X9046","Site",5,24,0.208333333333333,NA,NA,"Analysis_kri0001",2025-02-01,"AA-AA-000-0000"
"0X5512","Site",2,29,0.0689655172413793,NA,NA,"Analysis_kri0001",2025-02-01,"AA-AA-000-0000"
"0X5593","Site",5,49,0.102040816326531,2.71589684796845,1,"Analysis_kri0002",2025-02-01,"AA-AA-000-0000"
"0X4131","Site",4,46,0.0869565217391304,2.07255116030758,1,"Analysis_kri0002",2025-02-01,"AA-AA-000-0000"
"0X3137","Site",7,89,0.0786516853932584,2.45483845774002,1,"Analysis_kri0002",2025-02-01,"AA-AA-000-0000"
"0X1070","Site",0,70,0,-1.41776529009384,-1,"Analysis_kri0002",2025-02-01,"AA-AA-000-0000"
"0X6774","Site",0,67,0,-1.38705193018583,-1,"Analysis_kri0002",2025-02-01,"AA-AA-000-0000"
"0X5562","Site",0,58,0,-1.29053360078083,-1,"Analysis_kri0002",2025-02-01,"AA-AA-000-0000"
"0X2106","Site",0,48,0,-1.17402119750974,-1,"Analysis_kri0002",2025-02-01,"AA-AA-000-0000"
"0X7206","Site",0,44,0,-1.12403971957638,-1,"Analysis_kri0002",2025-02-01,"AA-AA-000-0000"
"0X1185","Site",3,32,0.09375,1.93856555824835,0,"Analysis_kri0002",2025-02-01,"AA-AA-000-0000"
"0X9062","Site",3,48,0.0625,1.19149175104411,0,"Analysis_kri0002",2025-02-01,"AA-AA-000-0000"
"0X9066","Site",3,56,0.0535714285714286,0.92195160812757,0,"Analysis_kri0002",2025-02-01,"AA-AA-000-0000"
"0X2521","Site",2,42,0.0476190476190476,0.587696870901584,0,"Analysis_kri0002",2025-02-01,"AA-AA-000-0000"
"0X1570","Site",3,65,0.0461538461538462,0.666581990422489,0,"Analysis_kri0002",2025-02-01,"AA-AA-000-0000"
"0X7472","Site",2,44,0.0454545454545455,0.523092077292039,0,"Analysis_kri0002",2025-02-01,"AA-AA-000-0000"
"0X6533","Site",2,48,0.0416666666666667,0.402987434859494,0,"Analysis_kri0002",2025-02-01,"AA-AA-000-0000"
"0X5569","Site",2,50,0.04,0.346916220578365,0,"Analysis_kri0002",2025-02-01,"AA-AA-000-0000"
"0X5705","Site",2,58,0.0344827586206897,0.144098989906562,0,"Analysis_kri0002",2025-02-01,"AA-AA-000-0000"
"0X8400","Site",2,58,0.0344827586206897,0.144098989906562,0,"Analysis_kri0002",2025-02-01,"AA-AA-000-0000"
"0X707","Site",2,59,0.0338983050847458,0.120811383974312,0,"Analysis_kri0002",2025-02-01,"AA-AA-000-0000"
"0X9845","Site",3,96,0.03125,0.0123535468752364,0,"Analysis_kri0002",2025-02-01,"AA-AA-000-0000"
"0X1505","Site",2,68,0.0294117647058824,-0.0724124577865302,0,"Analysis_kri0002",2025-02-01,"AA-AA-000-0000"
"0X2460","Site",1,34,0.0294117647058824,-0.0512033399432401,0,"Analysis_kri0002",2025-02-01,"AA-AA-000-0000"
"0X2594","Site",1,36,0.0277777777777778,-0.106245823212122,0,"Analysis_kri0002",2025-02-01,"AA-AA-000-0000"
"0X2896","Site",1,43,0.0232558139534884,-0.278105921655721,0,"Analysis_kri0002",2025-02-01,"AA-AA-000-0000"
"0X3959","Site",1,44,0.0227272727272727,-0.300473821142171,0,"Analysis_kri0002",2025-02-01,"AA-AA-000-0000"
"0X9779","Site",1,44,0.0227272727272727,-0.300473821142171,0,"Analysis_kri0002",2025-02-01,"AA-AA-000-0000"
"0X108","Site",2,90,0.0222222222222222,-0.455910463724613,0,"Analysis_kri0002",2025-02-01,"AA-AA-000-0000"
"0X4621","Site",2,102,0.0196078431372549,-0.629596284716605,0,"Analysis_kri0002",2025-02-01,"AA-AA-000-0000"
"0X8743","Site",1,55,0.0181818181818182,-0.520094878051463,0,"Analysis_kri0002",2025-02-01,"AA-AA-000-0000"
"0X7795","Site",1,59,0.0169491525423729,-0.590399980813593,0,"Analysis_kri0002",2025-02-01,"AA-AA-000-0000"
"0X8530","Site",1,63,0.0158730158730159,-0.656747257988647,0,"Analysis_kri0002",2025-02-01,"AA-AA-000-0000"
"0X2131","Site",1,65,0.0153846153846154,-0.68860121533134,0,"Analysis_kri0002",2025-02-01,"AA-AA-000-0000"
"0X2996","Site",1,87,0.0114942528735632,-0.994888106322969,0,"Analysis_kri0002",2025-02-01,"AA-AA-000-0000"
"0X9595","Site",1,21,0.0476190476190476,NA,NA,"Analysis_kri0002",2025-02-01,"AA-AA-000-0000"
"0X9046","Site",1,24,0.0416666666666667,NA,NA,"Analysis_kri0002",2025-02-01,"AA-AA-000-0000"
"0X5512","Site",0,29,0,NA,NA,"Analysis_kri0002",2025-02-01,"AA-AA-000-0000"
"0X7543","Site",0,21,0,NA,NA,"Analysis_kri0002",2025-02-01,"AA-AA-000-0000"
"0X1175","Site",0,18,0,NA,NA,"Analysis_kri0002",2025-02-01,"AA-AA-000-0000"
"0X1012","Site",0,1,0,NA,NA,"Analysis_kri0002",2025-02-01,"AA-AA-000-0000"
"0X6533","Site",10,48,0.208333333333333,1.17618457349417,0,"Analysis_kri0003",2025-02-01,"AA-AA-000-0000"
"0X9845","Site",16,96,0.166666666666667,0.930711458095603,0,"Analysis_kri0003",2025-02-01,"AA-AA-000-0000"
"0X5593","Site",8,49,0.163265306122449,0.62220250888167,0,"Analysis_kri0003",2025-02-01,"AA-AA-000-0000"
"0X9066","Site",9,56,0.160714285714286,0.630902343352463,0,"Analysis_kri0003",2025-02-01,"AA-AA-000-0000"
"0X5569","Site",8,50,0.16,0.587082304200995,0,"Analysis_kri0003",2025-02-01,"AA-AA-000-0000"
"0X3959","Site",7,44,0.159090909090909,0.539909843290371,0,"Analysis_kri0003",2025-02-01,"AA-AA-000-0000"
"0X3137","Site",14,89,0.157303370786517,0.737609563537232,0,"Analysis_kri0003",2025-02-01,"AA-AA-000-0000"
"0X5562","Site",9,58,0.155172413793103,0.566325074379402,0,"Analysis_kri0003",2025-02-01,"AA-AA-000-0000"
"0X2594","Site",5,36,0.138888888888889,0.270832924083105,0,"Analysis_kri0003",2025-02-01,"AA-AA-000-0000"
"0X2996","Site",12,87,0.137931034482759,0.404992958738353,0,"Analysis_kri0003",2025-02-01,"AA-AA-000-0000"
"0X7206","Site",6,44,0.136363636363636,0.269355465860629,0,"Analysis_kri0003",2025-02-01,"AA-AA-000-0000"
"0X1070","Site",9,70,0.128571428571429,0.222740166291008,0,"Analysis_kri0003",2025-02-01,"AA-AA-000-0000"
"0X2106","Site",6,48,0.125,0.140040193200672,0,"Analysis_kri0003",2025-02-01,"AA-AA-000-0000"
"0X9062","Site",6,48,0.125,0.140040193200672,0,"Analysis_kri0003",2025-02-01,"AA-AA-000-0000"
"0X8400","Site",7,58,0.120689655172414,0.0950256578399365,0,"Analysis_kri0003",2025-02-01,"AA-AA-000-0000"
"0X4621","Site",10,102,0.0980392156862745,-0.284525654390675,0,"Analysis_kri0003",2025-02-01,"AA-AA-000-0000"
"0X8530","Site",6,63,0.0952380952380952,-0.263511129794533,0,"Analysis_kri0003",2025-02-01,"AA-AA-000-0000"
"0X2521","Site",4,42,0.0952380952380952,-0.215155936513638,0,"Analysis_kri0003",2025-02-01,"AA-AA-000-0000"
"0X8743","Site",5,55,0.0909090909090909,-0.303829413655292,0,"Analysis_kri0003",2025-02-01,"AA-AA-000-0000"
"0X9779","Site",4,44,0.0909090909090909,-0.271753288998854,0,"Analysis_kri0003",2025-02-01,"AA-AA-000-0000"
"0X108","Site",8,90,0.0888888888888889,-0.423055022145399,0,"Analysis_kri0003",2025-02-01,"AA-AA-000-0000"
"0X7795","Site",5,59,0.0847457627118644,-0.399645372022555,0,"Analysis_kri0003",2025-02-01,"AA-AA-000-0000"
"0X1570","Site",5,65,0.0769230769230769,-0.53266059609593,0,"Analysis_kri0003",2025-02-01,"AA-AA-000-0000"
"0X1185","Site",2,32,0.0625,-0.520163918952031,0,"Analysis_kri0003",2025-02-01,"AA-AA-000-0000"
"0X2131","Site",4,65,0.0615384615384615,-0.755260116810093,0,"Analysis_kri0003",2025-02-01,"AA-AA-000-0000"
"0X1505","Site",4,68,0.0588235294117647,-0.812671159957221,0,"Analysis_kri0003",2025-02-01,"AA-AA-000-0000"
"0X2460","Site",2,34,0.0588235294117647,-0.574645288080489,0,"Analysis_kri0003",2025-02-01,"AA-AA-000-0000"
"0X5705","Site",3,58,0.0517241379310345,-0.847573175238994,0,"Analysis_kri0003",2025-02-01,"AA-AA-000-0000"
"0X2896","Site",2,43,0.0465116279069767,-0.791131783295068,0,"Analysis_kri0003",2025-02-01,"AA-AA-000-0000"
"0X7472","Site",2,44,0.0454545454545455,-0.812862043858337,0,"Analysis_kri0003",2025-02-01,"AA-AA-000-0000"
"0X4131","Site",2,46,0.0434782608695652,-0.855186105965135,0,"Analysis_kri0003",2025-02-01,"AA-AA-000-0000"
"0X707","Site",1,59,0.0169491525423729,-1.33422194148463,0,"Analysis_kri0003",2025-02-01,"AA-AA-000-0000"
"0X6774","Site",1,67,0.0149253731343284,-1.45153223664806,0,"Analysis_kri0003",2025-02-01,"AA-AA-000-0000"
"0X9595","Site",13,21,0.619047619047619,NA,NA,"Analysis_kri0003",2025-02-01,"AA-AA-000-0000"
"0X9046","Site",10,24,0.416666666666667,NA,NA,"Analysis_kri0003",2025-02-01,"AA-AA-000-0000"
"0X1175","Site",2,18,0.111111111111111,NA,NA,"Analysis_kri0003",2025-02-01,"AA-AA-000-0000"
"0X7543","Site",2,21,0.0952380952380952,NA,NA,"Analysis_kri0003",2025-02-01,"AA-AA-000-0000"
"0X5512","Site",2,29,0.0689655172413793,NA,NA,"Analysis_kri0003",2025-02-01,"AA-AA-000-0000"
"0X1012","Site",0,1,0,NA,NA,"Analysis_kri0003",2025-02-01,"AA-AA-000-0000"
"0X9779","Site",10,44,0.227272727272727,1.68747940749611,0,"Analysis_kri0004",2025-02-01,"AA-AA-000-0000"
"0X2106","Site",10,48,0.208333333333333,1.50033720269948,0,"Analysis_kri0004",2025-02-01,"AA-AA-000-0000"
"0X9066","Site",9,56,0.160714285714286,0.908543592913683,0,"Analysis_kri0004",2025-02-01,"AA-AA-000-0000"
"0X1070","Site",11,70,0.157142857142857,0.956079115607316,0,"Analysis_kri0004",2025-02-01,"AA-AA-000-0000"
"0X3959","Site",6,44,0.136363636363636,0.482603092985792,0,"Analysis_kri0004",2025-02-01,"AA-AA-000-0000"
"0X7206","Site",6,44,0.136363636363636,0.482603092985792,0,"Analysis_kri0004",2025-02-01,"AA-AA-000-0000"
"0X8530","Site",8,63,0.126984126984127,0.428725364139744,0,"Analysis_kri0004",2025-02-01,"AA-AA-000-0000"
"0X1570","Site",8,65,0.123076923076923,0.372536660021647,0,"Analysis_kri0004",2025-02-01,"AA-AA-000-0000"
"0X5593","Site",6,49,0.122448979591837,0.314669713102061,0,"Analysis_kri0004",2025-02-01,"AA-AA-000-0000"
"0X7795","Site",7,59,0.11864406779661,0.286893628384511,0,"Analysis_kri0004",2025-02-01,"AA-AA-000-0000"
"0X2460","Site",4,34,0.117647058823529,0.206172452942058,0,"Analysis_kri0004",2025-02-01,"AA-AA-000-0000"
"0X4621","Site",12,102,0.117647058823529,0.357101163616749,0,"Analysis_kri0004",2025-02-01,"AA-AA-000-0000"
"0X2594","Site",4,36,0.111111111111111,0.133794357692345,0,"Analysis_kri0004",2025-02-01,"AA-AA-000-0000"
"0X4131","Site",5,46,0.108695652173913,0.118506461672566,0,"Analysis_kri0004",2025-02-01,"AA-AA-000-0000"
"0X8400","Site",6,58,0.103448275862069,0.0532208871785289,0,"Analysis_kri0004",2025-02-01,"AA-AA-000-0000"
"0X2996","Site",9,87,0.103448275862069,0.0651820086228137,0,"Analysis_kri0004",2025-02-01,"AA-AA-000-0000"
"0X108","Site",9,90,0.1,0.000933297592030323,0,"Analysis_kri0004",2025-02-01,"AA-AA-000-0000"
"0X1185","Site",3,32,0.09375,-0.0700856245153102,0,"Analysis_kri0004",2025-02-01,"AA-AA-000-0000"
"0X8743","Site",5,55,0.0909090909090909,-0.13397967489718,0,"Analysis_kri0004",2025-02-01,"AA-AA-000-0000"
"0X5705","Site",5,58,0.0862068965517241,-0.209137418305919,0,"Analysis_kri0004",2025-02-01,"AA-AA-000-0000"
"0X6533","Site",4,48,0.0833333333333333,-0.230034664809119,0,"Analysis_kri0004",2025-02-01,"AA-AA-000-0000"
"0X9062","Site",4,48,0.0833333333333333,-0.230034664809119,0,"Analysis_kri0004",2025-02-01,"AA-AA-000-0000"
"0X5569","Site",4,50,0.08,-0.281872903757853,0,"Analysis_kri0004",2025-02-01,"AA-AA-000-0000"
"0X2521","Site",3,42,0.0714285714285714,-0.369331503792833,0,"Analysis_kri0004",2025-02-01,"AA-AA-000-0000"
"0X2896","Site",3,43,0.0697674418604651,-0.395466835521281,0,"Analysis_kri0004",2025-02-01,"AA-AA-000-0000"
"0X2131","Site",4,65,0.0615384615384615,-0.618779365532189,0,"Analysis_kri0004",2025-02-01,"AA-AA-000-0000"
"0X9845","Site",5,96,0.0520833333333333,-0.937096983533884,0,"Analysis_kri0004",2025-02-01,"AA-AA-000-0000"
"0X5562","Site",3,58,0.0517241379310345,-0.733854029274814,0,"Analysis_kri0004",2025-02-01,"AA-AA-000-0000"
"0X707","Site",3,59,0.0508474576271186,-0.753608084560027,0,"Analysis_kri0004",2025-02-01,"AA-AA-000-0000"
"0X3137","Site",3,89,0.0337078651685393,-1.2486569566214,0,"Analysis_kri0004",2025-02-01,"AA-AA-000-0000"
"0X6774","Site",2,67,0.0298507462686567,-1.14647433761279,0,"Analysis_kri0004",2025-02-01,"AA-AA-000-0000"
"0X1505","Site",2,68,0.0294117647058824,-1.1622312792824,0,"Analysis_kri0004",2025-02-01,"AA-AA-000-0000"
"0X7472","Site",1,44,0.0227272727272727,-1.02349230015211,0,"Analysis_kri0004",2025-02-01,"AA-AA-000-0000"
"0X1012","Site",2,1,2,NA,NA,"Analysis_kri0004",2025-02-01,"AA-AA-000-0000"
"0X9046","Site",9,24,0.375,NA,NA,"Analysis_kri0004",2025-02-01,"AA-AA-000-0000"
"0X7543","Site",3,21,0.142857142857143,NA,NA,"Analysis_kri0004",2025-02-01,"AA-AA-000-0000"
"0X9595","Site",3,21,0.142857142857143,NA,NA,"Analysis_kri0004",2025-02-01,"AA-AA-000-0000"
"0X5512","Site",2,29,0.0689655172413793,NA,NA,"Analysis_kri0004",2025-02-01,"AA-AA-000-0000"
"0X1175","Site",0,18,0,NA,NA,"Analysis_kri0004",2025-02-01,"AA-AA-000-0000"
"0X5593","Site",19,744,0.0255376344086022,2.51001427146277,1,"Analysis_kri0005",2025-02-01,"AA-AA-000-0000"
"0X8530","Site",18,729,0.0246913580246914,2.29293481702664,1,"Analysis_kri0005",2025-02-01,"AA-AA-000-0000"
"0X5569","Site",17,735,0.0231292517006803,1.94714346403539,0,"Analysis_kri0005",2025-02-01,"AA-AA-000-0000"
"0X9845","Site",27,1295,0.0208494208494209,1.89645236602135,0,"Analysis_kri0005",2025-02-01,"AA-AA-000-0000"
"0X7543","Site",11,557,0.0197486535008977,1.02585730351838,0,"Analysis_kri0005",2025-02-01,"AA-AA-000-0000"
"0X4621","Site",24,1328,0.0180722891566265,1.07162735096594,0,"Analysis_kri0005",2025-02-01,"AA-AA-000-0000"
"0X1185","Site",10,564,0.0177304964539007,0.630286196593554,0,"Analysis_kri0005",2025-02-01,"AA-AA-000-0000"
"0X8400","Site",12,718,0.0167130919220056,0.482491868940401,0,"Analysis_kri0005",2025-02-01,"AA-AA-000-0000"
"0X2996","Site",14,886,0.0158013544018059,0.308352664901948,0,"Analysis_kri0005",2025-02-01,"AA-AA-000-0000"
"0X3959","Site",11,732,0.0150273224043716,0.104628436614283,0,"Analysis_kri0005",2025-02-01,"AA-AA-000-0000"
"0X9066","Site",14,946,0.0147991543340381,0.0600820725131764,0,"Analysis_kri0005",2025-02-01,"AA-AA-000-0000"
"0X9595","Site",10,754,0.013262599469496,-0.300245482848714,0,"Analysis_kri0005",2025-02-01,"AA-AA-000-0000"
"0X108","Site",12,942,0.0127388535031847,-0.470421889175615,0,"Analysis_kri0005",2025-02-01,"AA-AA-000-0000"
"0X3137","Site",11,900,0.0122222222222222,-0.589811320215728,0,"Analysis_kri0005",2025-02-01,"AA-AA-000-0000"
"0X6533","Site",11,937,0.0117395944503735,-0.725724302843323,0,"Analysis_kri0005",2025-02-01,"AA-AA-000-0000"
"0X7795","Site",10,914,0.0109409190371991,-0.919283825688091,0,"Analysis_kri0005",2025-02-01,"AA-AA-000-0000"
"0X1070","Site",10,1108,0.00902527075812274,-1.54698148620061,0,"Analysis_kri0005",2025-02-01,"AA-AA-000-0000"
"0X1175","Site",4,188,0.0212765957446809,NA,NA,"Analysis_kri0005",2025-02-01,"AA-AA-000-0000"
"0X8743","Site",7,358,0.0195530726256983,NA,NA,"Analysis_kri0005",2025-02-01,"AA-AA-000-0000"
"0X1505","Site",9,547,0.0164533820840951,NA,NA,"Analysis_kri0005",2025-02-01,"AA-AA-000-0000"
"0X1570","Site",9,565,0.015929203539823,NA,NA,"Analysis_kri0005",2025-02-01,"AA-AA-000-0000"
"0X707","Site",9,573,0.0157068062827225,NA,NA,"Analysis_kri0005",2025-02-01,"AA-AA-000-0000"
"0X9046","Site",8,540,0.0148148148148148,NA,NA,"Analysis_kri0005",2025-02-01,"AA-AA-000-0000"
"0X2106","Site",8,562,0.0142348754448399,NA,NA,"Analysis_kri0005",2025-02-01,"AA-AA-000-0000"
"0X5562","Site",8,568,0.0140845070422535,NA,NA,"Analysis_kri0005",2025-02-01,"AA-AA-000-0000"
"0X2594","Site",5,367,0.0136239782016349,NA,NA,"Analysis_kri0005",2025-02-01,"AA-AA-000-0000"
"0X2521","Site",7,550,0.0127272727272727,NA,NA,"Analysis_kri0005",2025-02-01,"AA-AA-000-0000"
"0X7206","Site",7,550,0.0127272727272727,NA,NA,"Analysis_kri0005",2025-02-01,"AA-AA-000-0000"
"0X2896","Site",7,557,0.0125673249551167,NA,NA,"Analysis_kri0005",2025-02-01,"AA-AA-000-0000"
"0X9062","Site",6,526,0.0114068441064639,NA,NA,"Analysis_kri0005",2025-02-01,"AA-AA-000-0000"
"0X2131","Site",8,711,0.0112517580872011,NA,NA,"Analysis_kri0005",2025-02-01,"AA-AA-000-0000"
"0X4131","Site",8,726,0.0110192837465565,NA,NA,"Analysis_kri0005",2025-02-01,"AA-AA-000-0000"
"0X2460","Site",4,366,0.0109289617486339,NA,NA,"Analysis_kri0005",2025-02-01,"AA-AA-000-0000"
"0X5512","Site",4,383,0.010443864229765,NA,NA,"Analysis_kri0005",2025-02-01,"AA-AA-000-0000"
"0X1012","Site",2,198,0.0101010101010101,NA,NA,"Analysis_kri0005",2025-02-01,"AA-AA-000-0000"
"0X9779","Site",7,750,0.00933333333333333,NA,NA,"Analysis_kri0005",2025-02-01,"AA-AA-000-0000"
"0X5705","Site",8,920,0.00869565217391304,NA,NA,"Analysis_kri0005",2025-02-01,"AA-AA-000-0000"
"0X7472","Site",3,372,0.00806451612903226,NA,NA,"Analysis_kri0005",2025-02-01,"AA-AA-000-0000"
"0X6774","Site",3,559,0.00536672629695885,NA,NA,"Analysis_kri0005",2025-02-01,"AA-AA-000-0000"
"0X1505","Site",1,3,0.333333333333333,NA,NA,"Analysis_kri0006",2025-02-01,"AA-AA-000-0000"
"0X5705","Site",1,5,0.2,NA,NA,"Analysis_kri0006",2025-02-01,"AA-AA-000-0000"
"0X7795","Site",1,5,0.2,NA,NA,"Analysis_kri0006",2025-02-01,"AA-AA-000-0000"
"0X4621","Site",0,7,0,NA,NA,"Analysis_kri0006",2025-02-01,"AA-AA-000-0000"
"0X9845","Site",0,7,0,NA,NA,"Analysis_kri0006",2025-02-01,"AA-AA-000-0000"
"0X1070","Site",0,6,0,NA,NA,"Analysis_kri0006",2025-02-01,"AA-AA-000-0000"
"0X108","Site",0,5,0,NA,NA,"Analysis_kri0006",2025-02-01,"AA-AA-000-0000"
"0X2996","Site",0,5,0,NA,NA,"Analysis_kri0006",2025-02-01,"AA-AA-000-0000"
"0X3137","Site",0,5,0,NA,NA,"Analysis_kri0006",2025-02-01,"AA-AA-000-0000"
"0X6533","Site",0,5,0,NA,NA,"Analysis_kri0006",2025-02-01,"AA-AA-000-0000"
"0X9066","Site",0,5,0,NA,NA,"Analysis_kri0006",2025-02-01,"AA-AA-000-0000"
"0X2131","Site",0,4,0,NA,NA,"Analysis_kri0006",2025-02-01,"AA-AA-000-0000"
"0X3959","Site",0,4,0,NA,NA,"Analysis_kri0006",2025-02-01,"AA-AA-000-0000"
"0X4131","Site",0,4,0,NA,NA,"Analysis_kri0006",2025-02-01,"AA-AA-000-0000"
"0X5569","Site",0,4,0,NA,NA,"Analysis_kri0006",2025-02-01,"AA-AA-000-0000"
"0X5593","Site",0,4,0,NA,NA,"Analysis_kri0006",2025-02-01,"AA-AA-000-0000"
"0X8400","Site",0,4,0,NA,NA,"Analysis_kri0006",2025-02-01,"AA-AA-000-0000"
"0X8530","Site",0,4,0,NA,NA,"Analysis_kri0006",2025-02-01,"AA-AA-000-0000"
"0X9595","Site",0,4,0,NA,NA,"Analysis_kri0006",2025-02-01,"AA-AA-000-0000"
"0X9779","Site",0,4,0,NA,NA,"Analysis_kri0006",2025-02-01,"AA-AA-000-0000"
"0X1185","Site",0,3,0,NA,NA,"Analysis_kri0006",2025-02-01,"AA-AA-000-0000"
"0X1570","Site",0,3,0,NA,NA,"Analysis_kri0006",2025-02-01,"AA-AA-000-0000"
"0X2106","Site",0,3,0,NA,NA,"Analysis_kri0006",2025-02-01,"AA-AA-000-0000"
"0X2521","Site",0,3,0,NA,NA,"Analysis_kri0006",2025-02-01,"AA-AA-000-0000"
"0X2896","Site",0,3,0,NA,NA,"Analysis_kri0006",2025-02-01,"AA-AA-000-0000"
"0X5562","Site",0,3,0,NA,NA,"Analysis_kri0006",2025-02-01,"AA-AA-000-0000"
"0X6774","Site",0,3,0,NA,NA,"Analysis_kri0006",2025-02-01,"AA-AA-000-0000"
"0X707","Site",0,3,0,NA,NA,"Analysis_kri0006",2025-02-01,"AA-AA-000-0000"
"0X7206","Site",0,3,0,NA,NA,"Analysis_kri0006",2025-02-01,"AA-AA-000-0000"
"0X7543","Site",0,3,0,NA,NA,"Analysis_kri0006",2025-02-01,"AA-AA-000-0000"
"0X9046","Site",0,3,0,NA,NA,"Analysis_kri0006",2025-02-01,"AA-AA-000-0000"
"0X9062","Site",0,3,0,NA,NA,"Analysis_kri0006",2025-02-01,"AA-AA-000-0000"
"0X2460","Site",0,2,0,NA,NA,"Analysis_kri0006",2025-02-01,"AA-AA-000-0000"
"0X2594","Site",0,2,0,NA,NA,"Analysis_kri0006",2025-02-01,"AA-AA-000-0000"
"0X5512","Site",0,2,0,NA,NA,"Analysis_kri0006",2025-02-01,"AA-AA-000-0000"
"0X7472","Site",0,2,0,NA,NA,"Analysis_kri0006",2025-02-01,"AA-AA-000-0000"
"0X8743","Site",0,2,0,NA,NA,"Analysis_kri0006",2025-02-01,"AA-AA-000-0000"
"0X1012","Site",0,1,0,NA,NA,"Analysis_kri0006",2025-02-01,"AA-AA-000-0000"
"0X1175","Site",0,1,0,NA,NA,"Analysis_kri0006",2025-02-01,"AA-AA-000-0000"
"0X2896","Site",1,3,0.333333333333333,NA,NA,"Analysis_kri0007",2025-02-01,"AA-AA-000-0000"
"0X4131","Site",1,4,0.25,NA,NA,"Analysis_kri0007",2025-02-01,"AA-AA-000-0000"
"0X8400","Site",1,4,0.25,NA,NA,"Analysis_kri0007",2025-02-01,"AA-AA-000-0000"
"0X3137","Site",1,5,0.2,NA,NA,"Analysis_kri0007",2025-02-01,"AA-AA-000-0000"
"0X6533","Site",1,5,0.2,NA,NA,"Analysis_kri0007",2025-02-01,"AA-AA-000-0000"
"0X4621","Site",0,7,0,NA,NA,"Analysis_kri0007",2025-02-01,"AA-AA-000-0000"
"0X9845","Site",0,7,0,NA,NA,"Analysis_kri0007",2025-02-01,"AA-AA-000-0000"
"0X1070","Site",0,6,0,NA,NA,"Analysis_kri0007",2025-02-01,"AA-AA-000-0000"
"0X108","Site",0,5,0,NA,NA,"Analysis_kri0007",2025-02-01,"AA-AA-000-0000"
"0X2996","Site",0,5,0,NA,NA,"Analysis_kri0007",2025-02-01,"AA-AA-000-0000"
"0X5705","Site",0,5,0,NA,NA,"Analysis_kri0007",2025-02-01,"AA-AA-000-0000"
"0X7795","Site",0,5,0,NA,NA,"Analysis_kri0007",2025-02-01,"AA-AA-000-0000"
"0X9066","Site",0,5,0,NA,NA,"Analysis_kri0007",2025-02-01,"AA-AA-000-0000"
"0X2131","Site",0,4,0,NA,NA,"Analysis_kri0007",2025-02-01,"AA-AA-000-0000"
"0X3959","Site",0,4,0,NA,NA,"Analysis_kri0007",2025-02-01,"AA-AA-000-0000"
"0X5569","Site",0,4,0,NA,NA,"Analysis_kri0007",2025-02-01,"AA-AA-000-0000"
"0X5593","Site",0,4,0,NA,NA,"Analysis_kri0007",2025-02-01,"AA-AA-000-0000"
"0X8530","Site",0,4,0,NA,NA,"Analysis_kri0007",2025-02-01,"AA-AA-000-0000"
"0X9595","Site",0,4,0,NA,NA,"Analysis_kri0007",2025-02-01,"AA-AA-000-0000"
"0X9779","Site",0,4,0,NA,NA,"Analysis_kri0007",2025-02-01,"AA-AA-000-0000"
"0X1185","Site",0,3,0,NA,NA,"Analysis_kri0007",2025-02-01,"AA-AA-000-0000"
"0X1505","Site",0,3,0,NA,NA,"Analysis_kri0007",2025-02-01,"AA-AA-000-0000"
"0X1570","Site",0,3,0,NA,NA,"Analysis_kri0007",2025-02-01,"AA-AA-000-0000"
"0X2106","Site",0,3,0,NA,NA,"Analysis_kri0007",2025-02-01,"AA-AA-000-0000"
"0X2521","Site",0,3,0,NA,NA,"Analysis_kri0007",2025-02-01,"AA-AA-000-0000"
"0X5562","Site",0,3,0,NA,NA,"Analysis_kri0007",2025-02-01,"AA-AA-000-0000"
"0X6774","Site",0,3,0,NA,NA,"Analysis_kri0007",2025-02-01,"AA-AA-000-0000"
"0X707","Site",0,3,0,NA,NA,"Analysis_kri0007",2025-02-01,"AA-AA-000-0000"
"0X7206","Site",0,3,0,NA,NA,"Analysis_kri0007",2025-02-01,"AA-AA-000-0000"
"0X7543","Site",0,3,0,NA,NA,"Analysis_kri0007",2025-02-01,"AA-AA-000-0000"
"0X9046","Site",0,3,0,NA,NA,"Analysis_kri0007",2025-02-01,"AA-AA-000-0000"
"0X9062","Site",0,3,0,NA,NA,"Analysis_kri0007",2025-02-01,"AA-AA-000-0000"
"0X2460","Site",0,2,0,NA,NA,"Analysis_kri0007",2025-02-01,"AA-AA-000-0000"
"0X2594","Site",0,2,0,NA,NA,"Analysis_kri0007",2025-02-01,"AA-AA-000-0000"
"0X5512","Site",0,2,0,NA,NA,"Analysis_kri0007",2025-02-01,"AA-AA-000-0000"
"0X7472","Site",0,2,0,NA,NA,"Analysis_kri0007",2025-02-01,"AA-AA-000-0000"
"0X8743","Site",0,2,0,NA,NA,"Analysis_kri0007",2025-02-01,"AA-AA-000-0000"
"0X1012","Site",0,1,0,NA,NA,"Analysis_kri0007",2025-02-01,"AA-AA-000-0000"
"0X1175","Site",0,1,0,NA,NA,"Analysis_kri0007",2025-02-01,"AA-AA-000-0000"
"0X1070","Site",96,1536,0.0625,0,0,"Analysis_kri0008",2025-02-01,"AA-AA-000-0000"
"0X108","Site",80,1280,0.0625,0,0,"Analysis_kri0008",2025-02-01,"AA-AA-000-0000"
"0X1185","Site",48,768,0.0625,0,0,"Analysis_kri0008",2025-02-01,"AA-AA-000-0000"
"0X1505","Site",48,768,0.0625,0,0,"Analysis_kri0008",2025-02-01,"AA-AA-000-0000"
"0X1570","Site",48,768,0.0625,0,0,"Analysis_kri0008",2025-02-01,"AA-AA-000-0000"
"0X2106","Site",48,768,0.0625,0,0,"Analysis_kri0008",2025-02-01,"AA-AA-000-0000"
"0X2131","Site",64,1024,0.0625,0,0,"Analysis_kri0008",2025-02-01,"AA-AA-000-0000"
"0X2460","Site",32,512,0.0625,0,0,"Analysis_kri0008",2025-02-01,"AA-AA-000-0000"
"0X2521","Site",48,768,0.0625,0,0,"Analysis_kri0008",2025-02-01,"AA-AA-000-0000"
"0X2594","Site",32,512,0.0625,0,0,"Analysis_kri0008",2025-02-01,"AA-AA-000-0000"
"0X2896","Site",48,768,0.0625,0,0,"Analysis_kri0008",2025-02-01,"AA-AA-000-0000"
"0X2996","Site",80,1280,0.0625,0,0,"Analysis_kri0008",2025-02-01,"AA-AA-000-0000"
"0X3137","Site",80,1280,0.0625,0,0,"Analysis_kri0008",2025-02-01,"AA-AA-000-0000"
"0X3959","Site",64,1024,0.0625,0,0,"Analysis_kri0008",2025-02-01,"AA-AA-000-0000"
"0X4131","Site",64,1024,0.0625,0,0,"Analysis_kri0008",2025-02-01,"AA-AA-000-0000"
"0X4621","Site",112,1792,0.0625,0,0,"Analysis_kri0008",2025-02-01,"AA-AA-000-0000"
"0X5512","Site",32,512,0.0625,0,0,"Analysis_kri0008",2025-02-01,"AA-AA-000-0000"
"0X5562","Site",48,768,0.0625,0,0,"Analysis_kri0008",2025-02-01,"AA-AA-000-0000"
"0X5569","Site",64,1024,0.0625,0,0,"Analysis_kri0008",2025-02-01,"AA-AA-000-0000"
"0X5593","Site",64,1024,0.0625,0,0,"Analysis_kri0008",2025-02-01,"AA-AA-000-0000"
"0X5705","Site",80,1280,0.0625,0,0,"Analysis_kri0008",2025-02-01,"AA-AA-000-0000"
"0X6533","Site",80,1280,0.0625,0,0,"Analysis_kri0008",2025-02-01,"AA-AA-000-0000"
"0X6774","Site",48,768,0.0625,0,0,"Analysis_kri0008",2025-02-01,"AA-AA-000-0000"
"0X707","Site",48,768,0.0625,0,0,"Analysis_kri0008",2025-02-01,"AA-AA-000-0000"
"0X7206","Site",48,768,0.0625,0,0,"Analysis_kri0008",2025-02-01,"AA-AA-000-0000"
"0X7472","Site",32,512,0.0625,0,0,"Analysis_kri0008",2025-02-01,"AA-AA-000-0000"
"0X7543","Site",48,768,0.0625,0,0,"Analysis_kri0008",2025-02-01,"AA-AA-000-0000"
"0X7795","Site",80,1280,0.0625,0,0,"Analysis_kri0008",2025-02-01,"AA-AA-000-0000"
"0X8400","Site",64,1024,0.0625,0,0,"Analysis_kri0008",2025-02-01,"AA-AA-000-0000"
"0X8530","Site",64,1024,0.0625,0,0,"Analysis_kri0008",2025-02-01,"AA-AA-000-0000"
"0X8743","Site",32,512,0.0625,0,0,"Analysis_kri0008",2025-02-01,"AA-AA-000-0000"
"0X9046","Site",48,768,0.0625,0,0,"Analysis_kri0008",2025-02-01,"AA-AA-000-0000"
"0X9062","Site",48,768,0.0625,0,0,"Analysis_kri0008",2025-02-01,"AA-AA-000-0000"
"0X9066","Site",80,1280,0.0625,0,0,"Analysis_kri0008",2025-02-01,"AA-AA-000-0000"
"0X9595","Site",64,1024,0.0625,0,0,"Analysis_kri0008",2025-02-01,"AA-AA-000-0000"
"0X9779","Site",64,1024,0.0625,0,0,"Analysis_kri0008",2025-02-01,"AA-AA-000-0000"
"0X9845","Site",112,1792,0.0625,0,0,"Analysis_kri0008",2025-02-01,"AA-AA-000-0000"
"0X1012","Site",16,256,0.0625,NA,NA,"Analysis_kri0008",2025-02-01,"AA-AA-000-0000"
"0X1175","Site",16,256,0.0625,NA,NA,"Analysis_kri0008",2025-02-01,"AA-AA-000-0000"
"0X5562","Site",41,48,0.854166666666667,1.67008537284436,0,"Analysis_kri0009",2025-02-01,"AA-AA-000-0000"
"0X1505","Site",40,48,0.833333333333333,1.35845314821375,0,"Analysis_kri0009",2025-02-01,"AA-AA-000-0000"
"0X5705","Site",64,80,0.8,1.11005071793912,0,"Analysis_kri0009",2025-02-01,"AA-AA-000-0000"
"0X4131","Site",51,64,0.796875,0.938883260880132,0,"Analysis_kri0009",2025-02-01,"AA-AA-000-0000"
"0X5569","Site",51,64,0.796875,0.938883260880132,0,"Analysis_kri0009",2025-02-01,"AA-AA-000-0000"
"0X8400","Site",51,64,0.796875,0.938883260880132,0,"Analysis_kri0009",2025-02-01,"AA-AA-000-0000"
"0X9046","Site",38,48,0.791666666666667,0.735188698952511,0,"Analysis_kri0009",2025-02-01,"AA-AA-000-0000"
"0X3959","Site",49,64,0.765625,0.399120414544185,0,"Analysis_kri0009",2025-02-01,"AA-AA-000-0000"
"0X5593","Site",49,64,0.765625,0.399120414544185,0,"Analysis_kri0009",2025-02-01,"AA-AA-000-0000"
"0X3137","Site",61,80,0.7625,0.385882868257548,0,"Analysis_kri0009",2025-02-01,"AA-AA-000-0000"
"0X7795","Site",61,80,0.7625,0.385882868257548,0,"Analysis_kri0009",2025-02-01,"AA-AA-000-0000"
"0X1070","Site",73,96,0.760416666666667,0.378642051144395,0,"Analysis_kri0009",2025-02-01,"AA-AA-000-0000"
"0X2106","Site",36,48,0.75,0.111924249691277,0,"Analysis_kri0009",2025-02-01,"AA-AA-000-0000"
"0X2521","Site",36,48,0.75,0.111924249691277,0,"Analysis_kri0009",2025-02-01,"AA-AA-000-0000"
"0X6774","Site",36,48,0.75,0.111924249691277,0,"Analysis_kri0009",2025-02-01,"AA-AA-000-0000"
"0X7206","Site",36,48,0.75,0.111924249691277,0,"Analysis_kri0009",2025-02-01,"AA-AA-000-0000"
"0X9779","Site",48,64,0.75,0.129238991376212,0,"Analysis_kri0009",2025-02-01,"AA-AA-000-0000"
"0X108","Site",60,80,0.75,0.144493585030359,0,"Analysis_kri0009",2025-02-01,"AA-AA-000-0000"
"0X2996","Site",60,80,0.75,0.144493585030359,0,"Analysis_kri0009",2025-02-01,"AA-AA-000-0000"
"0X9595","Site",47,64,0.734375,-0.140642431791762,0,"Analysis_kri0009",2025-02-01,"AA-AA-000-0000"
"0X9845","Site",82,112,0.732142857142857,-0.237055244093516,0,"Analysis_kri0009",2025-02-01,"AA-AA-000-0000"
"0X1570","Site",35,48,0.729166666666667,-0.199707974939341,0,"Analysis_kri0009",2025-02-01,"AA-AA-000-0000"
"0X6533","Site",57,80,0.7125,-0.57967426465121,0,"Analysis_kri0009",2025-02-01,"AA-AA-000-0000"
"0X7543","Site",34,48,0.708333333333333,-0.511340199569957,0,"Analysis_kri0009",2025-02-01,"AA-AA-000-0000"
"0X2131","Site",45,64,0.703125,-0.680405278127708,0,"Analysis_kri0009",2025-02-01,"AA-AA-000-0000"
"0X4621","Site",78,112,0.696428571428571,-1.05309996315482,0,"Analysis_kri0009",2025-02-01,"AA-AA-000-0000"
"0X8530","Site",44,64,0.6875,-0.950286701295682,0,"Analysis_kri0009",2025-02-01,"AA-AA-000-0000"
"0X707","Site",33,48,0.6875,-0.822972424200575,0,"Analysis_kri0009",2025-02-01,"AA-AA-000-0000"
"0X1185","Site",32,48,0.666666666666667,-1.13460464883119,0,"Analysis_kri0009",2025-02-01,"AA-AA-000-0000"
"0X9066","Site",51,80,0.6375,-2.02800996401435,0,"Analysis_kri0009",2025-02-01,"AA-AA-000-0000"
"0X1175","Site",15,16,0.9375,NA,NA,"Analysis_kri0009",2025-02-01,"AA-AA-000-0000"
"0X2460","Site",29,32,0.90625,NA,NA,"Analysis_kri0009",2025-02-01,"AA-AA-000-0000"
"0X2594","Site",26,32,0.8125,NA,NA,"Analysis_kri0009",2025-02-01,"AA-AA-000-0000"
"0X5512","Site",26,32,0.8125,NA,NA,"Analysis_kri0009",2025-02-01,"AA-AA-000-0000"
"0X1012","Site",12,16,0.75,NA,NA,"Analysis_kri0009",2025-02-01,"AA-AA-000-0000"
"0X7472","Site",22,32,0.6875,NA,NA,"Analysis_kri0009",2025-02-01,"AA-AA-000-0000"
"0X8743","Site",21,32,0.65625,NA,NA,"Analysis_kri0009",2025-02-01,"AA-AA-000-0000"
"0X2896","Site",29,48,0.604166666666667,NA,NA,"Analysis_kri0009",2025-02-01,"AA-AA-000-0000"
"0X9062","Site",28,48,0.583333333333333,NA,NA,"Analysis_kri0009",2025-02-01,"AA-AA-000-0000"
"0X2106","Site",3,192,0.015625,NA,NA,"Analysis_kri0010",2025-02-01,"AA-AA-000-0000"
"0X5512","Site",1,128,0.0078125,NA,NA,"Analysis_kri0010",2025-02-01,"AA-AA-000-0000"
"0X8743","Site",1,128,0.0078125,NA,NA,"Analysis_kri0010",2025-02-01,"AA-AA-000-0000"
"0X108","Site",2,320,0.00625,NA,NA,"Analysis_kri0010",2025-02-01,"AA-AA-000-0000"
"0X1505","Site",1,192,0.00520833333333333,NA,NA,"Analysis_kri0010",2025-02-01,"AA-AA-000-0000"
"0X9062","Site",1,192,0.00520833333333333,NA,NA,"Analysis_kri0010",2025-02-01,"AA-AA-000-0000"
"0X2131","Site",1,256,0.00390625,NA,NA,"Analysis_kri0010",2025-02-01,"AA-AA-000-0000"
"0X4131","Site",1,256,0.00390625,NA,NA,"Analysis_kri0010",2025-02-01,"AA-AA-000-0000"
"0X5569","Site",1,256,0.00390625,NA,NA,"Analysis_kri0010",2025-02-01,"AA-AA-000-0000"
"0X5593","Site",1,256,0.00390625,NA,NA,"Analysis_kri0010",2025-02-01,"AA-AA-000-0000"
"0X9595","Site",1,256,0.00390625,NA,NA,"Analysis_kri0010",2025-02-01,"AA-AA-000-0000"
"0X3137","Site",1,320,0.003125,NA,NA,"Analysis_kri0010",2025-02-01,"AA-AA-000-0000"
"0X4621","Site",1,448,0.00223214285714286,NA,NA,"Analysis_kri0010",2025-02-01,"AA-AA-000-0000"
"0X9845","Site",0,448,0,NA,NA,"Analysis_kri0010",2025-02-01,"AA-AA-000-0000"
"0X1070","Site",0,384,0,NA,NA,"Analysis_kri0010",2025-02-01,"AA-AA-000-0000"
"0X2996","Site",0,320,0,NA,NA,"Analysis_kri0010",2025-02-01,"AA-AA-000-0000"
"0X5705","Site",0,320,0,NA,NA,"Analysis_kri0010",2025-02-01,"AA-AA-000-0000"
"0X6533","Site",0,320,0,NA,NA,"Analysis_kri0010",2025-02-01,"AA-AA-000-0000"
"0X7795","Site",0,320,0,NA,NA,"Analysis_kri0010",2025-02-01,"AA-AA-000-0000"
"0X9066","Site",0,320,0,NA,NA,"Analysis_kri0010",2025-02-01,"AA-AA-000-0000"
"0X3959","Site",0,256,0,NA,NA,"Analysis_kri0010",2025-02-01,"AA-AA-000-0000"
"0X8400","Site",0,256,0,NA,NA,"Analysis_kri0010",2025-02-01,"AA-AA-000-0000"
"0X8530","Site",0,256,0,NA,NA,"Analysis_kri0010",2025-02-01,"AA-AA-000-0000"
"0X9779","Site",0,256,0,NA,NA,"Analysis_kri0010",2025-02-01,"AA-AA-000-0000"
"0X1185","Site",0,192,0,NA,NA,"Analysis_kri0010",2025-02-01,"AA-AA-000-0000"
"0X1570","Site",0,192,0,NA,NA,"Analysis_kri0010",2025-02-01,"AA-AA-000-0000"
"0X2521","Site",0,192,0,NA,NA,"Analysis_kri0010",2025-02-01,"AA-AA-000-0000"
"0X2896","Site",0,192,0,NA,NA,"Analysis_kri0010",2025-02-01,"AA-AA-000-0000"
"0X5562","Site",0,192,0,NA,NA,"Analysis_kri0010",2025-02-01,"AA-AA-000-0000"
"0X6774","Site",0,192,0,NA,NA,"Analysis_kri0010",2025-02-01,"AA-AA-000-0000"
"0X707","Site",0,192,0,NA,NA,"Analysis_kri0010",2025-02-01,"AA-AA-000-0000"
"0X7206","Site",0,192,0,NA,NA,"Analysis_kri0010",2025-02-01,"AA-AA-000-0000"
"0X7543","Site",0,192,0,NA,NA,"Analysis_kri0010",2025-02-01,"AA-AA-000-0000"
"0X9046","Site",0,192,0,NA,NA,"Analysis_kri0010",2025-02-01,"AA-AA-000-0000"
"0X2460","Site",0,128,0,NA,NA,"Analysis_kri0010",2025-02-01,"AA-AA-000-0000"
"0X2594","Site",0,128,0,NA,NA,"Analysis_kri0010",2025-02-01,"AA-AA-000-0000"
"0X7472","Site",0,128,0,NA,NA,"Analysis_kri0010",2025-02-01,"AA-AA-000-0000"
"0X1012","Site",0,64,0,NA,NA,"Analysis_kri0010",2025-02-01,"AA-AA-000-0000"
"0X1175","Site",0,64,0,NA,NA,"Analysis_kri0010",2025-02-01,"AA-AA-000-0000"
"0X1012","Site",184,256,0.71875,1.7130808657167,0,"Analysis_kri0011",2025-02-01,"AA-AA-000-0000"
"0X7206","Site",533,768,0.694010416666667,1.46124541528821,0,"Analysis_kri0011",2025-02-01,"AA-AA-000-0000"
"0X8400","Site",710,1024,0.693359375,1.64154137132447,0,"Analysis_kri0011",2025-02-01,"AA-AA-000-0000"
"0X3137","Site",887,1280,0.69296875,1.80460264370115,0,"Analysis_kri0011",2025-02-01,"AA-AA-000-0000"
"0X7543","Site",529,768,0.688802083333333,1.14421432442355,0,"Analysis_kri0011",2025-02-01,"AA-AA-000-0000"
"0X5512","Site",352,512,0.6875,0.869533383305654,0,"Analysis_kri0011",2025-02-01,"AA-AA-000-0000"
"0X9066","Site",878,1280,0.6859375,1.25206738288416,0,"Analysis_kri0011",2025-02-01,"AA-AA-000-0000"
"0X2106","Site",526,768,0.684895833333333,0.906441006275044,0,"Analysis_kri0011",2025-02-01,"AA-AA-000-0000"
"0X5562","Site",525,768,0.68359375,0.827183233558874,0,"Analysis_kri0011",2025-02-01,"AA-AA-000-0000"
"0X7795","Site",873,1280,0.68203125,0.945103349096954,0,"Analysis_kri0011",2025-02-01,"AA-AA-000-0000"
"0X2896","Site",522,768,0.6796875,0.589409915410371,0,"Analysis_kri0011",2025-02-01,"AA-AA-000-0000"
"0X707","Site",520,768,0.677083333333333,0.430894369978038,0,"Analysis_kri0011",2025-02-01,"AA-AA-000-0000"
"0X8530","Site",693,1024,0.6767578125,0.474674212791701,0,"Analysis_kri0011",2025-02-01,"AA-AA-000-0000"
"0X1570","Site",519,768,0.67578125,0.351636597261868,0,"Analysis_kri0011",2025-02-01,"AA-AA-000-0000"
"0X4621","Site",1210,1792,0.675223214285714,0.485247382848961,0,"Analysis_kri0011",2025-02-01,"AA-AA-000-0000"
"0X8743","Site",345,512,0.673828125,0.190039528741329,0,"Analysis_kri0011",2025-02-01,"AA-AA-000-0000"
"0X2131","Site",690,1024,0.673828125,0.268756478932978,0,"Analysis_kri0011",2025-02-01,"AA-AA-000-0000"
"0X9046","Site",517,768,0.673177083333333,0.193121051829535,0,"Analysis_kri0011",2025-02-01,"AA-AA-000-0000"
"0X2460","Site",344,512,0.671875,0.092968978089282,0,"Analysis_kri0011",2025-02-01,"AA-AA-000-0000"
"0X6774","Site",516,768,0.671875,0.113863279113365,0,"Analysis_kri0011",2025-02-01,"AA-AA-000-0000"
"0X9845","Site",1203,1792,0.671316964285714,0.122042639963517,0,"Analysis_kri0011",2025-02-01,"AA-AA-000-0000"
"0X108","Site",859,1280,0.67109375,0.0856040544927715,0,"Analysis_kri0011",2025-02-01,"AA-AA-000-0000"
"0X2521","Site",515,768,0.670572916666667,0.0346055063971952,0,"Analysis_kri0011",2025-02-01,"AA-AA-000-0000"
"0X4131","Site",685,1024,0.6689453125,-0.0744397441648934,0,"Analysis_kri0011",2025-02-01,"AA-AA-000-0000"
"0X1505","Site",513,768,0.66796875,-0.123910039035138,0,"Analysis_kri0011",2025-02-01,"AA-AA-000-0000"
"0X9595","Site",682,1024,0.666015625,-0.280357478023616,0,"Analysis_kri0011",2025-02-01,"AA-AA-000-0000"
"0X5705","Site",846,1280,0.6609375,-0.712502433353981,0,"Analysis_kri0011",2025-02-01,"AA-AA-000-0000"
"0X7472","Site",338,512,0.66015625,-0.489454325822997,0,"Analysis_kri0011",2025-02-01,"AA-AA-000-0000"
"0X1070","Site",1013,1536,0.659505208333333,-0.903803468859144,0,"Analysis_kri0011",2025-02-01,"AA-AA-000-0000"
"0X3959","Site",675,1024,0.6591796875,-0.760832190360637,0,"Analysis_kri0011",2025-02-01,"AA-AA-000-0000"
"0X5569","Site",674,1024,0.658203125,-0.829471434980211,0,"Analysis_kri0011",2025-02-01,"AA-AA-000-0000"
"0X2996","Site",841,1280,0.65703125,-1.01946646714119,0,"Analysis_kri0011",2025-02-01,"AA-AA-000-0000"
"0X9062","Site",504,768,0.65625,-0.837229993480647,0,"Analysis_kri0011",2025-02-01,"AA-AA-000-0000"
"0X6533","Site",830,1280,0.6484375,-1.69478734147305,0,"Analysis_kri0011",2025-02-01,"AA-AA-000-0000"
"0X9779","Site",663,1024,0.6474609375,-1.58450312579553,0,"Analysis_kri0011",2025-02-01,"AA-AA-000-0000"
"0X2594","Site",331,512,0.646484375,-1.16894818038732,0,"Analysis_kri0011",2025-02-01,"AA-AA-000-0000"
"0X1185","Site",496,768,0.645833333333333,-1.47129217520999,0,"Analysis_kri0011",2025-02-01,"AA-AA-000-0000"
"0X5593","Site",655,1024,0.6396484375,-2.13361708275212,0,"Analysis_kri0011",2025-02-01,"AA-AA-000-0000"
"0X1175","Site",160,256,0.625,-1.58160287602287,0,"Analysis_kri0011",2025-02-01,"AA-AA-000-0000"
"0X2594","Site",2,4,0.5,1.71590009368369,0,"Analysis_kri0012",2025-02-01,"AA-AA-000-0000"
"0X5512","Site",2,4,0.5,1.71590009368369,0,"Analysis_kri0012",2025-02-01,"AA-AA-000-0000"
"0X7472","Site",2,4,0.5,1.71590009368369,0,"Analysis_kri0012",2025-02-01,"AA-AA-000-0000"
"0X9779","Site",3,7,0.428571428571429,1.65446243532051,0,"Analysis_kri0012",2025-02-01,"AA-AA-000-0000"
"0X7206","Site",2,5,0.4,1.19021250268449,0,"Analysis_kri0012",2025-02-01,"AA-AA-000-0000"
"0X2996","Site",3,8,0.375,1.27522890800494,0,"Analysis_kri0012",2025-02-01,"AA-AA-000-0000"
"0X2460","Site",1,3,0.333333333333333,0.545882352790839,0,"Analysis_kri0012",2025-02-01,"AA-AA-000-0000"
"0X8743","Site",1,3,0.333333333333333,0.545882352790839,0,"Analysis_kri0012",2025-02-01,"AA-AA-000-0000"
"0X2131","Site",2,6,0.333333333333333,0.771994226776939,0,"Analysis_kri0012",2025-02-01,"AA-AA-000-0000"
"0X5593","Site",2,6,0.333333333333333,0.771994226776939,0,"Analysis_kri0012",2025-02-01,"AA-AA-000-0000"
"0X8530","Site",2,6,0.333333333333333,0.771994226776939,0,"Analysis_kri0012",2025-02-01,"AA-AA-000-0000"
"0X9845","Site",3,10,0.3,0.653353060136467,0,"Analysis_kri0012",2025-02-01,"AA-AA-000-0000"
"0X1185","Site",1,4,0.25,0.087545923147127,0,"Analysis_kri0012",2025-02-01,"AA-AA-000-0000"
"0X1505","Site",1,4,0.25,0.087545923147127,0,"Analysis_kri0012",2025-02-01,"AA-AA-000-0000"
"0X1570","Site",1,4,0.25,0.087545923147127,0,"Analysis_kri0012",2025-02-01,"AA-AA-000-0000"
"0X2106","Site",1,4,0.25,0.087545923147127,0,"Analysis_kri0012",2025-02-01,"AA-AA-000-0000"
"0X2521","Site",1,4,0.25,0.087545923147127,0,"Analysis_kri0012",2025-02-01,"AA-AA-000-0000"
"0X6774","Site",1,4,0.25,0.087545923147127,0,"Analysis_kri0012",2025-02-01,"AA-AA-000-0000"
"0X707","Site",1,4,0.25,0.087545923147127,0,"Analysis_kri0012",2025-02-01,"AA-AA-000-0000"
"0X7543","Site",1,4,0.25,0.087545923147127,0,"Analysis_kri0012",2025-02-01,"AA-AA-000-0000"
"0X9062","Site",1,4,0.25,0.087545923147127,0,"Analysis_kri0012",2025-02-01,"AA-AA-000-0000"
"0X3959","Site",1,5,0.2,-0.26623174402153,0,"Analysis_kri0012",2025-02-01,"AA-AA-000-0000"
"0X4131","Site",1,5,0.2,-0.26623174402153,0,"Analysis_kri0012",2025-02-01,"AA-AA-000-0000"
"0X8400","Site",1,5,0.2,-0.26623174402153,0,"Analysis_kri0012",2025-02-01,"AA-AA-000-0000"
"0X108","Site",1,6,0.166666666666667,-0.557551386005568,0,"Analysis_kri0012",2025-02-01,"AA-AA-000-0000"
"0X3137","Site",1,6,0.166666666666667,-0.557551386005568,0,"Analysis_kri0012",2025-02-01,"AA-AA-000-0000"
"0X5705","Site",1,6,0.166666666666667,-0.557551386005568,0,"Analysis_kri0012",2025-02-01,"AA-AA-000-0000"
"0X6533","Site",1,6,0.166666666666667,-0.557551386005568,0,"Analysis_kri0012",2025-02-01,"AA-AA-000-0000"
"0X9066","Site",1,6,0.166666666666667,-0.557551386005568,0,"Analysis_kri0012",2025-02-01,"AA-AA-000-0000"
"0X4621","Site",1,8,0.125,-1.02761164431466,0,"Analysis_kri0012",2025-02-01,"AA-AA-000-0000"
"0X1070","Site",0,6,0,-1.88709699878807,0,"Analysis_kri0012",2025-02-01,"AA-AA-000-0000"
"0X7795","Site",0,5,0,-1.72267599072755,0,"Analysis_kri0012",2025-02-01,"AA-AA-000-0000"
"0X5569","Site",0,4,0,-1.54080824738944,0,"Analysis_kri0012",2025-02-01,"AA-AA-000-0000"
"0X9595","Site",0,4,0,-1.54080824738944,0,"Analysis_kri0012",2025-02-01,"AA-AA-000-0000"
"0X2896","Site",0,3,0,-1.33437908459983,0,"Analysis_kri0012",2025-02-01,"AA-AA-000-0000"
"0X5562","Site",0,3,0,-1.33437908459983,0,"Analysis_kri0012",2025-02-01,"AA-AA-000-0000"
"0X9046","Site",0,3,0,-1.33437908459983,0,"Analysis_kri0012",2025-02-01,"AA-AA-000-0000"
"0X1012","Site",1,2,0.5,NA,NA,"Analysis_kri0012",2025-02-01,"AA-AA-000-0000"
"0X1175","Site",0,1,0,NA,NA,"Analysis_kri0012",2025-02-01,"AA-AA-000-0000"
"0X8743","Site",13,17,0.764705882352941,0.764705882352941,-2,"Analysis_kri0013",2025-02-01,"AA-AA-000-0000"
"0X5705","Site",34,39,0.871794871794872,0.871794871794872,-1,"Analysis_kri0013",2025-02-01,"AA-AA-000-0000"
"0X1570","Site",18,21,0.857142857142857,0.857142857142857,-1,"Analysis_kri0013",2025-02-01,"AA-AA-000-0000"
"0X1070","Site",42,45,0.933333333333333,0.933333333333333,0,"Analysis_kri0013",2025-02-01,"AA-AA-000-0000"
"0X108","Site",36,36,1,NA,NA,"Analysis_kri0013",2025-02-01,"AA-AA-000-0000"
"0X1175","Site",9,9,1,NA,NA,"Analysis_kri0013",2025-02-01,"AA-AA-000-0000"
"0X1505","Site",22,22,1,NA,NA,"Analysis_kri0013",2025-02-01,"AA-AA-000-0000"
"0X2106","Site",19,19,1,NA,NA,"Analysis_kri0013",2025-02-01,"AA-AA-000-0000"
"0X2594","Site",6,6,1,NA,NA,"Analysis_kri0013",2025-02-01,"AA-AA-000-0000"
"0X4131","Site",23,23,1,NA,NA,"Analysis_kri0013",2025-02-01,"AA-AA-000-0000"
"0X707","Site",21,21,1,NA,NA,"Analysis_kri0013",2025-02-01,"AA-AA-000-0000"
"0X7472","Site",15,15,1,NA,NA,"Analysis_kri0013",2025-02-01,"AA-AA-000-0000"
"0X7795","Site",33,33,1,NA,NA,"Analysis_kri0013",2025-02-01,"AA-AA-000-0000"
"0X9066","Site",39,39,1,NA,NA,"Analysis_kri0013",2025-02-01,"AA-AA-000-0000"
"0X9845","Site",37,38,0.973684210526316,NA,NA,"Analysis_kri0013",2025-02-01,"AA-AA-000-0000"
"0X2996","Site",33,34,0.970588235294118,NA,NA,"Analysis_kri0013",2025-02-01,"AA-AA-000-0000"
"0X6533","Site",33,34,0.970588235294118,NA,NA,"Analysis_kri0013",2025-02-01,"AA-AA-000-0000"
"0X5569","Site",31,32,0.96875,NA,NA,"Analysis_kri0013",2025-02-01,"AA-AA-000-0000"
"0X7543","Site",30,31,0.967741935483871,NA,NA,"Analysis_kri0013",2025-02-01,"AA-AA-000-0000"
"0X2131","Site",26,27,0.962962962962963,NA,NA,"Analysis_kri0013",2025-02-01,"AA-AA-000-0000"
"0X5562","Site",25,26,0.961538461538462,NA,NA,"Analysis_kri0013",2025-02-01,"AA-AA-000-0000"
"0X9779","Site",25,26,0.961538461538462,NA,NA,"Analysis_kri0013",2025-02-01,"AA-AA-000-0000"
"0X9062","Site",24,25,0.96,NA,NA,"Analysis_kri0013",2025-02-01,"AA-AA-000-0000"
"0X9046","Site",23,24,0.958333333333333,NA,NA,"Analysis_kri0013",2025-02-01,"AA-AA-000-0000"
"0X7206","Site",22,23,0.956521739130435,NA,NA,"Analysis_kri0013",2025-02-01,"AA-AA-000-0000"
"0X9595","Site",22,23,0.956521739130435,NA,NA,"Analysis_kri0013",2025-02-01,"AA-AA-000-0000"
"0X4621","Site",42,44,0.954545454545455,NA,NA,"Analysis_kri0013",2025-02-01,"AA-AA-000-0000"
"0X6774","Site",21,22,0.954545454545455,NA,NA,"Analysis_kri0013",2025-02-01,"AA-AA-000-0000"
"0X8530","Site",21,22,0.954545454545455,NA,NA,"Analysis_kri0013",2025-02-01,"AA-AA-000-0000"
"0X2460","Site",18,19,0.947368421052632,NA,NA,"Analysis_kri0013",2025-02-01,"AA-AA-000-0000"
"0X2521","Site",17,18,0.944444444444444,NA,NA,"Analysis_kri0013",2025-02-01,"AA-AA-000-0000"
"0X3959","Site",34,36,0.944444444444444,NA,NA,"Analysis_kri0013",2025-02-01,"AA-AA-000-0000"
"0X3137","Site",33,35,0.942857142857143,NA,NA,"Analysis_kri0013",2025-02-01,"AA-AA-000-0000"
"0X2896","Site",32,34,0.941176470588235,NA,NA,"Analysis_kri0013",2025-02-01,"AA-AA-000-0000"
"0X1185","Site",27,29,0.931034482758621,NA,NA,"Analysis_kri0013",2025-02-01,"AA-AA-000-0000"
"0X8400","Site",25,27,0.925925925925926,NA,NA,"Analysis_kri0013",2025-02-01,"AA-AA-000-0000"
"0X5593","Site",23,25,0.92,NA,NA,"Analysis_kri0013",2025-02-01,"AA-AA-000-0000"
"0X5512","Site",17,19,0.894736842105263,NA,NA,"Analysis_kri0013",2025-02-01,"AA-AA-000-0000"
"0X1012","Site",8,9,0.888888888888889,NA,NA,"Analysis_kri0013",2025-02-01,"AA-AA-000-0000"
"0X1570","Site",3,3,1,3,2,"Analysis_kri0014",2025-02-01,"AA-AA-000-0000"
"0X2521","Site",3,3,1,3,2,"Analysis_kri0014",2025-02-01,"AA-AA-000-0000"
"0X7206","Site",3,3,1,3,2,"Analysis_kri0014",2025-02-01,"AA-AA-000-0000"
"0X9062","Site",3,3,1,3,2,"Analysis_kri0014",2025-02-01,"AA-AA-000-0000"
"0X3959","Site",4,4,1,4,2,"Analysis_kri0014",2025-02-01,"AA-AA-000-0000"
"0X4131","Site",4,4,1,4,2,"Analysis_kri0014",2025-02-01,"AA-AA-000-0000"
"0X9066","Site",5,5,1,5,2,"Analysis_kri0014",2025-02-01,"AA-AA-000-0000"
"0X1070","Site",5,6,0.833333333333333,5,2,"Analysis_kri0014",2025-02-01,"AA-AA-000-0000"
"0X5569","Site",3,4,0.75,3,2,"Analysis_kri0014",2025-02-01,"AA-AA-000-0000"
"0X5593","Site",3,4,0.75,3,2,"Analysis_kri0014",2025-02-01,"AA-AA-000-0000"
"0X8530","Site",3,4,0.75,3,2,"Analysis_kri0014",2025-02-01,"AA-AA-000-0000"
"0X9595","Site",3,4,0.75,3,2,"Analysis_kri0014",2025-02-01,"AA-AA-000-0000"
"0X4621","Site",5,7,0.714285714285714,5,2,"Analysis_kri0014",2025-02-01,"AA-AA-000-0000"
"0X108","Site",3,5,0.6,3,2,"Analysis_kri0014",2025-02-01,"AA-AA-000-0000"
"0X2996","Site",3,5,0.6,3,2,"Analysis_kri0014",2025-02-01,"AA-AA-000-0000"
"0X5705","Site",3,5,0.6,3,2,"Analysis_kri0014",2025-02-01,"AA-AA-000-0000"
"0X6533","Site",3,5,0.6,3,2,"Analysis_kri0014",2025-02-01,"AA-AA-000-0000"
"0X7795","Site",3,5,0.6,3,2,"Analysis_kri0014",2025-02-01,"AA-AA-000-0000"
"0X9845","Site",3,7,0.428571428571429,3,2,"Analysis_kri0014",2025-02-01,"AA-AA-000-0000"
"0X1505","Site",2,3,0.666666666666667,2,1,"Analysis_kri0014",2025-02-01,"AA-AA-000-0000"
"0X2106","Site",2,3,0.666666666666667,2,1,"Analysis_kri0014",2025-02-01,"AA-AA-000-0000"
"0X5562","Site",2,3,0.666666666666667,2,1,"Analysis_kri0014",2025-02-01,"AA-AA-000-0000"
"0X7543","Site",2,3,0.666666666666667,2,1,"Analysis_kri0014",2025-02-01,"AA-AA-000-0000"
"0X2131","Site",2,4,0.5,2,1,"Analysis_kri0014",2025-02-01,"AA-AA-000-0000"
"0X8400","Site",2,4,0.5,2,1,"Analysis_kri0014",2025-02-01,"AA-AA-000-0000"
"0X9779","Site",2,4,0.5,2,1,"Analysis_kri0014",2025-02-01,"AA-AA-000-0000"
"0X3137","Site",2,5,0.4,2,1,"Analysis_kri0014",2025-02-01,"AA-AA-000-0000"
"0X1185","Site",1,3,0.333333333333333,1,0,"Analysis_kri0014",2025-02-01,"AA-AA-000-0000"
"0X707","Site",1,3,0.333333333333333,1,0,"Analysis_kri0014",2025-02-01,"AA-AA-000-0000"
"0X9046","Site",1,3,0.333333333333333,1,0,"Analysis_kri0014",2025-02-01,"AA-AA-000-0000"
"0X2896","Site",0,3,0,0,0,"Analysis_kri0014",2025-02-01,"AA-AA-000-0000"
"0X6774","Site",0,3,0,0,0,"Analysis_kri0014",2025-02-01,"AA-AA-000-0000"
"0X1012","Site",1,1,1,NA,NA,"Analysis_kri0014",2025-02-01,"AA-AA-000-0000"
"0X1175","Site",1,1,1,NA,NA,"Analysis_kri0014",2025-02-01,"AA-AA-000-0000"
"0X2594","Site",2,2,1,NA,NA,"Analysis_kri0014",2025-02-01,"AA-AA-000-0000"
"0X2460","Site",1,2,0.5,NA,NA,"Analysis_kri0014",2025-02-01,"AA-AA-000-0000"
"0X5512","Site",1,2,0.5,NA,NA,"Analysis_kri0014",2025-02-01,"AA-AA-000-0000"
"0X7472","Site",1,2,0.5,NA,NA,"Analysis_kri0014",2025-02-01,"AA-AA-000-0000"
"0X8743","Site",1,2,0.5,NA,NA,"Analysis_kri0014",2025-02-01,"AA-AA-000-0000"
"0X2896","Site",1,3,0.333333333333333,1,1,"Analysis_kri0015",2025-02-01,"AA-AA-000-0000"
"0X6533","Site",1,5,0.2,1,1,"Analysis_kri0015",2025-02-01,"AA-AA-000-0000"
"0X1012","Site",0,1,0,0,0,"Analysis_kri0015",2025-02-01,"AA-AA-000-0000"
"0X1070","Site",0,6,0,0,0,"Analysis_kri0015",2025-02-01,"AA-AA-000-0000"
"0X108","Site",0,5,0,0,0,"Analysis_kri0015",2025-02-01,"AA-AA-000-0000"
"0X1175","Site",0,1,0,0,0,"Analysis_kri0015",2025-02-01,"AA-AA-000-0000"
"0X1185","Site",0,3,0,0,0,"Analysis_kri0015",2025-02-01,"AA-AA-000-0000"
"0X1505","Site",0,3,0,0,0,"Analysis_kri0015",2025-02-01,"AA-AA-000-0000"
"0X1570","Site",0,3,0,0,0,"Analysis_kri0015",2025-02-01,"AA-AA-000-0000"
"0X2106","Site",0,3,0,0,0,"Analysis_kri0015",2025-02-01,"AA-AA-000-0000"
"0X2131","Site",0,4,0,0,0,"Analysis_kri0015",2025-02-01,"AA-AA-000-0000"
"0X2460","Site",0,2,0,0,0,"Analysis_kri0015",2025-02-01,"AA-AA-000-0000"
"0X2521","Site",0,3,0,0,0,"Analysis_kri0015",2025-02-01,"AA-AA-000-0000"
"0X2594","Site",0,2,0,0,0,"Analysis_kri0015",2025-02-01,"AA-AA-000-0000"
"0X2996","Site",0,5,0,0,0,"Analysis_kri0015",2025-02-01,"AA-AA-000-0000"
"0X3137","Site",0,5,0,0,0,"Analysis_kri0015",2025-02-01,"AA-AA-000-0000"
"0X3959","Site",0,4,0,0,0,"Analysis_kri0015",2025-02-01,"AA-AA-000-0000"
"0X4131","Site",0,4,0,0,0,"Analysis_kri0015",2025-02-01,"AA-AA-000-0000"
"0X4621","Site",0,7,0,0,0,"Analysis_kri0015",2025-02-01,"AA-AA-000-0000"
"0X5512","Site",0,2,0,0,0,"Analysis_kri0015",2025-02-01,"AA-AA-000-0000"
"0X5562","Site",0,3,0,0,0,"Analysis_kri0015",2025-02-01,"AA-AA-000-0000"
"0X5569","Site",0,4,0,0,0,"Analysis_kri0015",2025-02-01,"AA-AA-000-0000"
"0X5593","Site",0,4,0,0,0,"Analysis_kri0015",2025-02-01,"AA-AA-000-0000"
"0X5705","Site",0,5,0,0,0,"Analysis_kri0015",2025-02-01,"AA-AA-000-0000"
"0X6774","Site",0,3,0,0,0,"Analysis_kri0015",2025-02-01,"AA-AA-000-0000"
"0X707","Site",0,3,0,0,0,"Analysis_kri0015",2025-02-01,"AA-AA-000-0000"
"0X7206","Site",0,3,0,0,0,"Analysis_kri0015",2025-02-01,"AA-AA-000-0000"
"0X7472","Site",0,2,0,0,0,"Analysis_kri0015",2025-02-01,"AA-AA-000-0000"
"0X7543","Site",0,3,0,0,0,"Analysis_kri0015",2025-02-01,"AA-AA-000-0000"
"0X7795","Site",0,5,0,0,0,"Analysis_kri0015",2025-02-01,"AA-AA-000-0000"
"0X8400","Site",0,4,0,0,0,"Analysis_kri0015",2025-02-01,"AA-AA-000-0000"
"0X8530","Site",0,4,0,0,0,"Analysis_kri0015",2025-02-01,"AA-AA-000-0000"
"0X8743","Site",0,2,0,0,0,"Analysis_kri0015",2025-02-01,"AA-AA-000-0000"
"0X9046","Site",0,3,0,0,0,"Analysis_kri0015",2025-02-01,"AA-AA-000-0000"
"0X9062","Site",0,3,0,0,0,"Analysis_kri0015",2025-02-01,"AA-AA-000-0000"
"0X9066","Site",0,5,0,0,0,"Analysis_kri0015",2025-02-01,"AA-AA-000-0000"
"0X9595","Site",0,4,0,0,0,"Analysis_kri0015",2025-02-01,"AA-AA-000-0000"
"0X9779","Site",0,4,0,0,0,"Analysis_kri0015",2025-02-01,"AA-AA-000-0000"
"0X9845","Site",0,7,0,0,0,"Analysis_kri0015",2025-02-01,"AA-AA-000-0000"
"0X5593","Site",2,4,0.5,4.72742407237491,2,"Analysis_kri0019",2025-02-01,"AA-AA-000-0000"
"0X1185","Site",1,3,0.333333333333333,NA,NA,"Analysis_kri0019",2025-02-01,"AA-AA-000-0000"
"0X1570","Site",1,3,0.333333333333333,NA,NA,"Analysis_kri0019",2025-02-01,"AA-AA-000-0000"
"0X4621","Site",0,7,0,NA,NA,"Analysis_kri0019",2025-02-01,"AA-AA-000-0000"
"0X9845","Site",0,7,0,NA,NA,"Analysis_kri0019",2025-02-01,"AA-AA-000-0000"
"0X1070","Site",0,6,0,NA,NA,"Analysis_kri0019",2025-02-01,"AA-AA-000-0000"
"0X108","Site",0,5,0,NA,NA,"Analysis_kri0019",2025-02-01,"AA-AA-000-0000"
"0X2996","Site",0,5,0,NA,NA,"Analysis_kri0019",2025-02-01,"AA-AA-000-0000"
"0X3137","Site",0,5,0,NA,NA,"Analysis_kri0019",2025-02-01,"AA-AA-000-0000"
"0X5705","Site",0,5,0,NA,NA,"Analysis_kri0019",2025-02-01,"AA-AA-000-0000"
"0X6533","Site",0,5,0,NA,NA,"Analysis_kri0019",2025-02-01,"AA-AA-000-0000"
"0X7795","Site",0,5,0,NA,NA,"Analysis_kri0019",2025-02-01,"AA-AA-000-0000"
"0X9066","Site",0,5,0,NA,NA,"Analysis_kri0019",2025-02-01,"AA-AA-000-0000"
"0X2131","Site",0,4,0,NA,NA,"Analysis_kri0019",2025-02-01,"AA-AA-000-0000"
"0X3959","Site",0,4,0,NA,NA,"Analysis_kri0019",2025-02-01,"AA-AA-000-0000"
"0X4131","Site",0,4,0,NA,NA,"Analysis_kri0019",2025-02-01,"AA-AA-000-0000"
"0X5569","Site",0,4,0,NA,NA,"Analysis_kri0019",2025-02-01,"AA-AA-000-0000"
"0X8400","Site",0,4,0,NA,NA,"Analysis_kri0019",2025-02-01,"AA-AA-000-0000"
"0X8530","Site",0,4,0,NA,NA,"Analysis_kri0019",2025-02-01,"AA-AA-000-0000"
"0X9595","Site",0,4,0,NA,NA,"Analysis_kri0019",2025-02-01,"AA-AA-000-0000"
"0X9779","Site",0,4,0,NA,NA,"Analysis_kri0019",2025-02-01,"AA-AA-000-0000"
"0X1505","Site",0,3,0,NA,NA,"Analysis_kri0019",2025-02-01,"AA-AA-000-0000"
"0X2106","Site",0,3,0,NA,NA,"Analysis_kri0019",2025-02-01,"AA-AA-000-0000"
"0X2521","Site",0,3,0,NA,NA,"Analysis_kri0019",2025-02-01,"AA-AA-000-0000"
"0X2896","Site",0,3,0,NA,NA,"Analysis_kri0019",2025-02-01,"AA-AA-000-0000"
"0X5562","Site",0,3,0,NA,NA,"Analysis_kri0019",2025-02-01,"AA-AA-000-0000"
"0X6774","Site",0,3,0,NA,NA,"Analysis_kri0019",2025-02-01,"AA-AA-000-0000"
"0X707","Site",0,3,0,NA,NA,"Analysis_kri0019",2025-02-01,"AA-AA-000-0000"
"0X7206","Site",0,3,0,NA,NA,"Analysis_kri0019",2025-02-01,"AA-AA-000-0000"
"0X7543","Site",0,3,0,NA,NA,"Analysis_kri0019",2025-02-01,"AA-AA-000-0000"
"0X9046","Site",0,3,0,NA,NA,"Analysis_kri0019",2025-02-01,"AA-AA-000-0000"
"0X9062","Site",0,3,0,NA,NA,"Analysis_kri0019",2025-02-01,"AA-AA-000-0000"
"0X2460","Site",0,2,0,NA,NA,"Analysis_kri0019",2025-02-01,"AA-AA-000-0000"
"0X2594","Site",0,2,0,NA,NA,"Analysis_kri0019",2025-02-01,"AA-AA-000-0000"
"0X5512","Site",0,2,0,NA,NA,"Analysis_kri0019",2025-02-01,"AA-AA-000-0000"
"0X7472","Site",0,2,0,NA,NA,"Analysis_kri0019",2025-02-01,"AA-AA-000-0000"
"0X8743","Site",0,2,0,NA,NA,"Analysis_kri0019",2025-02-01,"AA-AA-000-0000"
"0X1012","Site",0,1,0,NA,NA,"Analysis_kri0019",2025-02-01,"AA-AA-000-0000"
"0X1175","Site",0,1,0,NA,NA,"Analysis_kri0019",2025-02-01,"AA-AA-000-0000"
"0X1012","Site",0,176,0,0,NA,"Analysis_srs0001",2025-02-01,"AA-AA-000-0000"
"0X1070","Site",16,176,9.09090909090909,9.09090909090909,NA,"Analysis_srs0001",2025-02-01,"AA-AA-000-0000"
"0X108","Site",16,176,9.09090909090909,9.09090909090909,NA,"Analysis_srs0001",2025-02-01,"AA-AA-000-0000"
"0X1175","Site",0,176,0,0,NA,"Analysis_srs0001",2025-02-01,"AA-AA-000-0000"
"0X1185","Site",0,176,0,0,NA,"Analysis_srs0001",2025-02-01,"AA-AA-000-0000"
"0X1505","Site",8,176,4.54545454545455,4.54545454545455,NA,"Analysis_srs0001",2025-02-01,"AA-AA-000-0000"
"0X1570","Site",16,176,9.09090909090909,9.09090909090909,NA,"Analysis_srs0001",2025-02-01,"AA-AA-000-0000"
"0X2106","Site",8,176,4.54545454545455,4.54545454545455,NA,"Analysis_srs0001",2025-02-01,"AA-AA-000-0000"
"0X2131","Site",8,176,4.54545454545455,4.54545454545455,NA,"Analysis_srs0001",2025-02-01,"AA-AA-000-0000"
"0X2460","Site",0,176,0,0,NA,"Analysis_srs0001",2025-02-01,"AA-AA-000-0000"
"0X2521","Site",16,176,9.09090909090909,9.09090909090909,NA,"Analysis_srs0001",2025-02-01,"AA-AA-000-0000"
"0X2594","Site",0,176,0,0,NA,"Analysis_srs0001",2025-02-01,"AA-AA-000-0000"
"0X2896","Site",8,176,4.54545454545455,4.54545454545455,NA,"Analysis_srs0001",2025-02-01,"AA-AA-000-0000"
"0X2996","Site",16,176,9.09090909090909,9.09090909090909,NA,"Analysis_srs0001",2025-02-01,"AA-AA-000-0000"
"0X3137","Site",12,176,6.81818181818182,6.81818181818182,NA,"Analysis_srs0001",2025-02-01,"AA-AA-000-0000"
"0X3959","Site",16,176,9.09090909090909,9.09090909090909,NA,"Analysis_srs0001",2025-02-01,"AA-AA-000-0000"
"0X4131","Site",20,176,11.3636363636364,11.3636363636364,NA,"Analysis_srs0001",2025-02-01,"AA-AA-000-0000"
"0X4621","Site",16,176,9.09090909090909,9.09090909090909,NA,"Analysis_srs0001",2025-02-01,"AA-AA-000-0000"
"0X5512","Site",0,176,0,0,NA,"Analysis_srs0001",2025-02-01,"AA-AA-000-0000"
"0X5562","Site",24,176,13.6363636363636,13.6363636363636,NA,"Analysis_srs0001",2025-02-01,"AA-AA-000-0000"
"0X5569","Site",16,176,9.09090909090909,9.09090909090909,NA,"Analysis_srs0001",2025-02-01,"AA-AA-000-0000"
"0X5593","Site",53,176,30.1136363636364,30.1136363636364,NA,"Analysis_srs0001",2025-02-01,"AA-AA-000-0000"
"0X5705","Site",16,176,9.09090909090909,9.09090909090909,NA,"Analysis_srs0001",2025-02-01,"AA-AA-000-0000"
"0X6533","Site",24,176,13.6363636363636,13.6363636363636,NA,"Analysis_srs0001",2025-02-01,"AA-AA-000-0000"
"0X6774","Site",16,176,9.09090909090909,9.09090909090909,NA,"Analysis_srs0001",2025-02-01,"AA-AA-000-0000"
"0X707","Site",0,176,0,0,NA,"Analysis_srs0001",2025-02-01,"AA-AA-000-0000"
"0X7206","Site",16,176,9.09090909090909,9.09090909090909,NA,"Analysis_srs0001",2025-02-01,"AA-AA-000-0000"
"0X7472","Site",16,176,9.09090909090909,9.09090909090909,NA,"Analysis_srs0001",2025-02-01,"AA-AA-000-0000"
"0X7543","Site",8,176,4.54545454545455,4.54545454545455,NA,"Analysis_srs0001",2025-02-01,"AA-AA-000-0000"
"0X7795","Site",16,176,9.09090909090909,9.09090909090909,NA,"Analysis_srs0001",2025-02-01,"AA-AA-000-0000"
"0X8400","Site",8,176,4.54545454545455,4.54545454545455,NA,"Analysis_srs0001",2025-02-01,"AA-AA-000-0000"
"0X8530","Site",17,176,9.65909090909091,9.65909090909091,NA,"Analysis_srs0001",2025-02-01,"AA-AA-000-0000"
"0X8743","Site",16,176,9.09090909090909,9.09090909090909,NA,"Analysis_srs0001",2025-02-01,"AA-AA-000-0000"
"0X9046","Site",0,176,0,0,NA,"Analysis_srs0001",2025-02-01,"AA-AA-000-0000"
"0X9062","Site",16,176,9.09090909090909,9.09090909090909,NA,"Analysis_srs0001",2025-02-01,"AA-AA-000-0000"
"0X9066","Site",16,176,9.09090909090909,9.09090909090909,NA,"Analysis_srs0001",2025-02-01,"AA-AA-000-0000"
"0X9595","Site",16,176,9.09090909090909,9.09090909090909,NA,"Analysis_srs0001",2025-02-01,"AA-AA-000-0000"
"0X9779","Site",8,176,4.54545454545455,4.54545454545455,NA,"Analysis_srs0001",2025-02-01,"AA-AA-000-0000"
"0X9845","Site",16,176,9.09090909090909,9.09090909090909,NA,"Analysis_srs0001",2025-02-01,"AA-AA-000-0000"
"0X1365","Site",11,33,0.333333333333333,2.0813783215796,1,"Analysis_kri0001",2025-03-01,"AA-AA-000-0000"
"0X8213","Site",11,34,0.323529411764706,2.01394394332645,1,"Analysis_kri0001",2025-03-01,"AA-AA-000-0000"
"0X853","Site",13,42,0.30952380952381,2.0816051470805,1,"Analysis_kri0001",2025-03-01,"AA-AA-000-0000"
"0X5562","Site",16,211,0.0758293838862559,-1.1973441765946,-1,"Analysis_kri0001",2025-03-01,"AA-AA-000-0000"
"0X1570","Site",13,172,0.0755813953488372,-1.08665789725688,-1,"Analysis_kri0001",2025-03-01,"AA-AA-000-0000"
"0X8743","Site",13,178,0.0730337078651685,-1.1641555419037,-1,"Analysis_kri0001",2025-03-01,"AA-AA-000-0000"
"0X2521","Site",11,164,0.0670731707317073,-1.24927434369764,-1,"Analysis_kri0001",2025-03-01,"AA-AA-000-0000"
"0X5512","Site",8,144,0.0555555555555556,-1.40933615133087,-1,"Analysis_kri0001",2025-03-01,"AA-AA-000-0000"
"0X6174","Site",22,98,0.224489795918367,1.72579342724454,0,"Analysis_kri0001",2025-03-01,"AA-AA-000-0000"
"0X1154","Site",15,67,0.223880597014925,1.41835202970074,0,"Analysis_kri0001",2025-03-01,"AA-AA-000-0000"
"0X5111","Site",14,66,0.212121212121212,1.24272572614757,0,"Analysis_kri0001",2025-03-01,"AA-AA-000-0000"
"0X8706","Site",9,43,0.209302325581395,0.971158611316895,0,"Analysis_kri0001",2025-03-01,"AA-AA-000-0000"
"0X1571","Site",17,84,0.202380952380952,1.24779864624614,0,"Analysis_kri0001",2025-03-01,"AA-AA-000-0000"
"0X2873","Site",6,30,0.2,0.723178428643751,0,"Analysis_kri0001",2025-03-01,"AA-AA-000-0000"
"0X2967","Site",6,31,0.193548387096774,0.673091250539159,0,"Analysis_kri0001",2025-03-01,"AA-AA-000-0000"
"0X7543","Site",30,157,0.191082802547771,1.46139856814581,0,"Analysis_kri0001",2025-03-01,"AA-AA-000-0000"
"0X4131","Site",33,190,0.173684210526316,1.19345304391085,0,"Analysis_kri0001",2025-03-01,"AA-AA-000-0000"
"0X7604","Site",6,35,0.171428571428571,0.489178975901833,0,"Analysis_kri0001",2025-03-01,"AA-AA-000-0000"
"0X5705","Site",42,264,0.159090909090909,0.997262193217937,0,"Analysis_kri0001",2025-03-01,"AA-AA-000-0000"
"0X1903","Site",13,86,0.151162790697674,0.442204441374545,0,"Analysis_kri0001",2025-03-01,"AA-AA-000-0000"
"0X9779","Site",33,228,0.144736842105263,0.552428966872544,0,"Analysis_kri0001",2025-03-01,"AA-AA-000-0000"
"0X2896","Site",22,155,0.141935483870968,0.395248375814183,0,"Analysis_kri0001",2025-03-01,"AA-AA-000-0000"
"0X1070","Site",42,299,0.140468227424749,0.505138775566033,0,"Analysis_kri0001",2025-03-01,"AA-AA-000-0000"
"0X5593","Site",26,188,0.138297872340426,0.349150033041699,0,"Analysis_kri0001",2025-03-01,"AA-AA-000-0000"
"0X7206","Site",22,160,0.1375,0.304670673661408,0,"Analysis_kri0001",2025-03-01,"AA-AA-000-0000"
"0X9595","Site",28,204,0.137254901960784,0.337975364101593,0,"Analysis_kri0001",2025-03-01,"AA-AA-000-0000"
"0X5569","Site",29,215,0.134883720930233,0.286917396644131,0,"Analysis_kri0001",2025-03-01,"AA-AA-000-0000"
"0X3137","Site",33,246,0.134146341463415,0.286930697868901,0,"Analysis_kri0001",2025-03-01,"AA-AA-000-0000"
"0X7770","Site",4,30,0.133333333333333,0.0925094611191619,0,"Analysis_kri0001",2025-03-01,"AA-AA-000-0000"
"0X5171","Site",8,60,0.133333333333333,0.130828134562545,0,"Analysis_kri0001",2025-03-01,"AA-AA-000-0000"
"0X1185","Site",24,184,0.130434782608696,0.161196778663278,0,"Analysis_kri0001",2025-03-01,"AA-AA-000-0000"
"0X4629","Site",11,85,0.129411764705882,0.0932710937070878,0,"Analysis_kri0001",2025-03-01,"AA-AA-000-0000"
"0X3959","Site",25,196,0.127551020408163,0.0966401932341166,0,"Analysis_kri0001",2025-03-01,"AA-AA-000-0000"
"0X9184","Site",14,113,0.123893805309735,0.00623226599283652,0,"Analysis_kri0001",2025-03-01,"AA-AA-000-0000"
"0X8530","Site",24,194,0.123711340206186,0.00377649007835677,0,"Analysis_kri0001",2025-03-01,"AA-AA-000-0000"
"0X6533","Site",32,262,0.122137404580153,-0.0396130026670834,0,"Analysis_kri0001",2025-03-01,"AA-AA-000-0000"
"0X6774","Site",32,264,0.121212121212121,-0.0657301346943446,0,"Analysis_kri0001",2025-03-01,"AA-AA-000-0000"
"0X3469","Site",8,66,0.121212121212121,-0.0328650673471723,0,"Analysis_kri0001",2025-03-01,"AA-AA-000-0000"
"0X8400","Site",25,210,0.119047619047619,-0.112798667888656,0,"Analysis_kri0001",2025-03-01,"AA-AA-000-0000"
"0X2594","Site",16,136,0.117647058823529,-0.118984497870735,0,"Analysis_kri0001",2025-03-01,"AA-AA-000-0000"
"0X8829","Site",14,119,0.117647058823529,-0.111299806342406,0,"Analysis_kri0001",2025-03-01,"AA-AA-000-0000"
"0X1012","Site",12,102,0.117647058823529,-0.103043597812592,0,"Analysis_kri0001",2025-03-01,"AA-AA-000-0000"
"0X1464","Site",14,120,0.116666666666667,-0.130315561523971,0,"Analysis_kri0001",2025-03-01,"AA-AA-000-0000"
"0X9845","Site",41,354,0.115819209039548,-0.251363552382924,0,"Analysis_kri0001",2025-03-01,"AA-AA-000-0000"
"0X2460","Site",12,104,0.115384615384615,-0.143898756915923,0,"Analysis_kri0001",2025-03-01,"AA-AA-000-0000"
"0X1175","Site",8,71,0.112676056338028,-0.158315083430985,0,"Analysis_kri0001",2025-03-01,"AA-AA-000-0000"
"0X4621","Site",46,423,0.108747044917258,-0.525991206476125,0,"Analysis_kri0001",2025-03-01,"AA-AA-000-0000"
"0X9066","Site",29,267,0.108614232209738,-0.421640117916862,0,"Analysis_kri0001",2025-03-01,"AA-AA-000-0000"
"0X1505","Site",21,194,0.108247422680412,-0.368231684475719,0,"Analysis_kri0001",2025-03-01,"AA-AA-000-0000"
"0X2996","Site",28,259,0.108108108108108,-0.429343588386373,0,"Analysis_kri0001",2025-03-01,"AA-AA-000-0000"
"0X4148","Site",7,66,0.106060606060606,-0.245463532929629,0,"Analysis_kri0001",2025-03-01,"AA-AA-000-0000"
"0X9062","Site",21,202,0.103960396039604,-0.4809833014702,0,"Analysis_kri0001",2025-03-01,"AA-AA-000-0000"
"0X5836","Site",6,58,0.103448275862069,-0.264468227132035,0,"Analysis_kri0001",2025-03-01,"AA-AA-000-0000"
"0X5729","Site",8,79,0.10126582278481,-0.342158341460954,0,"Analysis_kri0001",2025-03-01,"AA-AA-000-0000"
"0X7472","Site",17,170,0.1,-0.530429650431457,0,"Analysis_kri0001",2025-03-01,"AA-AA-000-0000"
"0X707","Site",17,174,0.0977011494252874,-0.589007923972705,0,"Analysis_kri0001",2025-03-01,"AA-AA-000-0000"
"0X2131","Site",22,233,0.0944206008583691,-0.768080117086948,0,"Analysis_kri0001",2025-03-01,"AA-AA-000-0000"
"0X4887","Site",3,32,0.09375,-0.291196954022185,0,"Analysis_kri0001",2025-03-01,"AA-AA-000-0000"
"0X108","Site",28,307,0.0912052117263844,-0.978958047458648,0,"Analysis_kri0001",2025-03-01,"AA-AA-000-0000"
"0X2106","Site",19,209,0.0909090909090909,-0.81512730039923,0,"Analysis_kri0001",2025-03-01,"AA-AA-000-0000"
"0X9046","Site",15,165,0.0909090909090909,-0.724259612433424,0,"Analysis_kri0001",2025-03-01,"AA-AA-000-0000"
"0X7795","Site",19,214,0.088785046728972,-0.878486406644849,0,"Analysis_kri0001",2025-03-01,"AA-AA-000-0000"
"0X8950","Site",8,96,0.0833333333333333,-0.680645254711297,0,"Analysis_kri0001",2025-03-01,"AA-AA-000-0000"
"0X8504","Site",4,51,0.0784313725490196,-0.556563844415022,0,"Analysis_kri0001",2025-03-01,"AA-AA-000-0000"
"0X4343","Site",7,92,0.0760869565217391,-0.78636006227671,0,"Analysis_kri0001",2025-03-01,"AA-AA-000-0000"
"0X6380","Site",5,67,0.0746268656716418,-0.691707423196184,0,"Analysis_kri0001",2025-03-01,"AA-AA-000-0000"
"0X6937","Site",3,51,0.0588235294117647,-0.798414353236962,0,"Analysis_kri0001",2025-03-01,"AA-AA-000-0000"
"0X4067","Site",2,35,0.0571428571428571,-0.6785930369723,0,"Analysis_kri0001",2025-03-01,"AA-AA-000-0000"
"0X8040","Site",6,3,2,NA,NA,"Analysis_kri0001",2025-03-01,"AA-AA-000-0000"
"0X2587","Site",1,2,0.5,NA,NA,"Analysis_kri0001",2025-03-01,"AA-AA-000-0000"
"0X9626","Site",7,19,0.368421052631579,NA,NA,"Analysis_kri0001",2025-03-01,"AA-AA-000-0000"
"0X5558","Site",7,21,0.333333333333333,NA,NA,"Analysis_kri0001",2025-03-01,"AA-AA-000-0000"
"0X6096","Site",8,27,0.296296296296296,NA,NA,"Analysis_kri0001",2025-03-01,"AA-AA-000-0000"
"0X6710","Site",5,19,0.263157894736842,NA,NA,"Analysis_kri0001",2025-03-01,"AA-AA-000-0000"
"0X2283","Site",1,4,0.25,NA,NA,"Analysis_kri0001",2025-03-01,"AA-AA-000-0000"
"0X8058","Site",4,16,0.25,NA,NA,"Analysis_kri0001",2025-03-01,"AA-AA-000-0000"
"0X8676","Site",7,28,0.25,NA,NA,"Analysis_kri0001",2025-03-01,"AA-AA-000-0000"
"0X1713","Site",2,10,0.2,NA,NA,"Analysis_kri0001",2025-03-01,"AA-AA-000-0000"
"0X1319","Site",2,11,0.181818181818182,NA,NA,"Analysis_kri0001",2025-03-01,"AA-AA-000-0000"
"0X2004","Site",2,12,0.166666666666667,NA,NA,"Analysis_kri0001",2025-03-01,"AA-AA-000-0000"
"0X2913","Site",4,24,0.166666666666667,NA,NA,"Analysis_kri0001",2025-03-01,"AA-AA-000-0000"
"0X9943","Site",4,25,0.16,NA,NA,"Analysis_kri0001",2025-03-01,"AA-AA-000-0000"
"0X930","Site",3,19,0.157894736842105,NA,NA,"Analysis_kri0001",2025-03-01,"AA-AA-000-0000"
"0X9913","Site",3,20,0.15,NA,NA,"Analysis_kri0001",2025-03-01,"AA-AA-000-0000"
"0X6074","Site",3,27,0.111111111111111,NA,NA,"Analysis_kri0001",2025-03-01,"AA-AA-000-0000"
"0X5053","Site",2,18,0.111111111111111,NA,NA,"Analysis_kri0001",2025-03-01,"AA-AA-000-0000"
"0X3333","Site",2,19,0.105263157894737,NA,NA,"Analysis_kri0001",2025-03-01,"AA-AA-000-0000"
"0X3375","Site",2,24,0.0833333333333333,NA,NA,"Analysis_kri0001",2025-03-01,"AA-AA-000-0000"
"0X5362","Site",1,16,0.0625,NA,NA,"Analysis_kri0001",2025-03-01,"AA-AA-000-0000"
"0X1167","Site",1,24,0.0416666666666667,NA,NA,"Analysis_kri0001",2025-03-01,"AA-AA-000-0000"
"0X8084","Site",1,25,0.04,NA,NA,"Analysis_kri0001",2025-03-01,"AA-AA-000-0000"
"0X8997","Site",1,25,0.04,NA,NA,"Analysis_kri0001",2025-03-01,"AA-AA-000-0000"
"0X1070","Site",2,299,0.00668896321070234,-1.13994260371374,-1,"Analysis_kri0002",2025-03-01,"AA-AA-000-0000"
"0X5562","Site",1,211,0.004739336492891,-1.11824466846625,-1,"Analysis_kri0002",2025-03-01,"AA-AA-000-0000"
"0X7795","Site",1,214,0.00467289719626168,-1.13167910090246,-1,"Analysis_kri0002",2025-03-01,"AA-AA-000-0000"
"0X8950","Site",0,96,0,-1.01766810251634,-1,"Analysis_kri0002",2025-03-01,"AA-AA-000-0000"
"0X853","Site",3,42,0.0714285714285714,1.95256622783973,0,"Analysis_kri0002",2025-03-01,"AA-AA-000-0000"
"0X2967","Site",2,31,0.0645161290322581,1.45919507411319,0,"Analysis_kri0002",2025-03-01,"AA-AA-000-0000"
"0X1365","Site",2,33,0.0606060606060606,1.37812470463345,0,"Analysis_kri0002",2025-03-01,"AA-AA-000-0000"
"0X8706","Site",2,43,0.0465116279069767,1.04889592441295,0,"Analysis_kri0002",2025-03-01,"AA-AA-000-0000"
"0X3469","Site",3,66,0.0454545454545455,1.25077053237805,0,"Analysis_kri0002",2025-03-01,"AA-AA-000-0000"
"0X6174","Site",4,98,0.0408163265306122,1.26367631644082,0,"Analysis_kri0002",2025-03-01,"AA-AA-000-0000"
"0X3137","Site",10,246,0.040650406504065,1.98736027385689,0,"Analysis_kri0002",2025-03-01,"AA-AA-000-0000"
"0X8829","Site",4,119,0.0336134453781513,0.946819895533506,0,"Analysis_kri0002",2025-03-01,"AA-AA-000-0000"
"0X2873","Site",1,30,0.0333333333333333,0.466692498277746,0,"Analysis_kri0002",2025-03-01,"AA-AA-000-0000"
"0X1185","Site",6,184,0.0326086956521739,1.10003636637582,0,"Analysis_kri0002",2025-03-01,"AA-AA-000-0000"
"0X5593","Site",6,188,0.0319148936170213,1.05797030647062,0,"Analysis_kri0002",2025-03-01,"AA-AA-000-0000"
"0X4131","Site",6,190,0.0315789473684211,1.03731694677602,0,"Analysis_kri0002",2025-03-01,"AA-AA-000-0000"
"0X4887","Site",1,32,0.03125,0.415151133849067,0,"Analysis_kri0002",2025-03-01,"AA-AA-000-0000"
"0X5111","Site",2,66,0.0303030303030303,0.552578416822066,0,"Analysis_kri0002",2025-03-01,"AA-AA-000-0000"
"0X1154","Site",2,67,0.0298507462686567,0.535750026452955,0,"Analysis_kri0002",2025-03-01,"AA-AA-000-0000"
"0X9062","Site",6,202,0.0297029702970297,0.918338581406382,0,"Analysis_kri0002",2025-03-01,"AA-AA-000-0000"
"0X707","Site",5,174,0.028735632183908,0.779941339141634,0,"Analysis_kri0002",2025-03-01,"AA-AA-000-0000"
"0X7604","Site",1,35,0.0285714285714286,0.344291081770128,0,"Analysis_kri0002",2025-03-01,"AA-AA-000-0000"
"0X8400","Site",6,210,0.0285714285714286,0.843337473327654,0,"Analysis_kri0002",2025-03-01,"AA-AA-000-0000"
"0X1175","Site",2,71,0.028169014084507,0.471133531661525,0,"Analysis_kri0002",2025-03-01,"AA-AA-000-0000"
"0X6533","Site",7,262,0.0267175572519084,0.771774659100104,0,"Analysis_kri0002",2025-03-01,"AA-AA-000-0000"
"0X5705","Site",7,264,0.0265151515151515,0.75606077586614,0,"Analysis_kri0002",2025-03-01,"AA-AA-000-0000"
"0X1571","Site",2,84,0.0238095238095238,0.285820984770128,0,"Analysis_kri0002",2025-03-01,"AA-AA-000-0000"
"0X7472","Site",4,170,0.0235294117647059,0.385894949057911,0,"Analysis_kri0002",2025-03-01,"AA-AA-000-0000"
"0X5569","Site",5,215,0.0232558139534884,0.411219051805078,0,"Analysis_kri0002",2025-03-01,"AA-AA-000-0000"
"0X9779","Site",5,228,0.0219298245614035,0.309901220066179,0,"Analysis_kri0002",2025-03-01,"AA-AA-000-0000"
"0X4343","Site",2,92,0.0217391304347826,0.186481745752877,0,"Analysis_kri0002",2025-03-01,"AA-AA-000-0000"
"0X1505","Site",4,194,0.0206185567010309,0.182267103049889,0,"Analysis_kri0002",2025-03-01,"AA-AA-000-0000"
"0X6937","Site",1,51,0.0196078431372549,0.0525116872158696,0,"Analysis_kri0002",2025-03-01,"AA-AA-000-0000"
"0X2896","Site",3,155,0.0193548387096774,0.0736788862405543,0,"Analysis_kri0002",2025-03-01,"AA-AA-000-0000"
"0X9184","Site",2,113,0.0176991150442478,-0.0369234409991997,0,"Analysis_kri0002",2025-03-01,"AA-AA-000-0000"
"0X1570","Site",3,172,0.0174418604651163,-0.0646910854668929,0,"Analysis_kri0002",2025-03-01,"AA-AA-000-0000"
"0X5836","Site",1,58,0.0172413793103448,-0.0462262661502605,0,"Analysis_kri0002",2025-03-01,"AA-AA-000-0000"
"0X5171","Site",1,60,0.0166666666666667,-0.0722672079955841,0,"Analysis_kri0002",2025-03-01,"AA-AA-000-0000"
"0X4621","Site",7,423,0.016548463356974,-0.205672149318401,0,"Analysis_kri0002",2025-03-01,"AA-AA-000-0000"
"0X8530","Site",3,194,0.0154639175257732,-0.224968784384575,0,"Analysis_kri0002",2025-03-01,"AA-AA-000-0000"
"0X4148","Site",1,66,0.0151515151515152,-0.14561369873392,0,"Analysis_kri0002",2025-03-01,"AA-AA-000-0000"
"0X9066","Site",4,267,0.0149812734082397,-0.308656028972563,0,"Analysis_kri0002",2025-03-01,"AA-AA-000-0000"
"0X2594","Site",2,136,0.0147058823529412,-0.238503410316387,0,"Analysis_kri0002",2025-03-01,"AA-AA-000-0000"
"0X9845","Site",5,354,0.0141242937853107,-0.446860172995686,0,"Analysis_kri0002",2025-03-01,"AA-AA-000-0000"
"0X108","Site",4,307,0.0130293159609121,-0.524962935689046,0,"Analysis_kri0002",2025-03-01,"AA-AA-000-0000"
"0X2131","Site",3,233,0.0128755364806867,-0.470652583770383,0,"Analysis_kri0002",2025-03-01,"AA-AA-000-0000"
"0X5729","Site",1,79,0.0126582278481013,-0.285009560652051,0,"Analysis_kri0002",2025-03-01,"AA-AA-000-0000"
"0X2521","Site",2,164,0.0121951219512195,-0.44428566863847,0,"Analysis_kri0002",2025-03-01,"AA-AA-000-0000"
"0X4629","Site",1,85,0.0117647058823529,-0.342360980540657,0,"Analysis_kri0002",2025-03-01,"AA-AA-000-0000"
"0X1903","Site",1,86,0.0116279069767442,-0.351564774623681,0,"Analysis_kri0002",2025-03-01,"AA-AA-000-0000"
"0X2996","Site",3,259,0.0115830115830116,-0.614205254832412,0,"Analysis_kri0002",2025-03-01,"AA-AA-000-0000"
"0X3959","Site",2,196,0.0102040816326531,-0.643808769378663,0,"Analysis_kri0002",2025-03-01,"AA-AA-000-0000"
"0X9595","Site",2,204,0.00980392156862745,-0.689235031620538,0,"Analysis_kri0002",2025-03-01,"AA-AA-000-0000"
"0X1012","Site",1,102,0.00980392156862745,-0.487362764690207,0,"Analysis_kri0002",2025-03-01,"AA-AA-000-0000"
"0X2460","Site",1,104,0.00961538461538462,-0.503023499580999,0,"Analysis_kri0002",2025-03-01,"AA-AA-000-0000"
"0X2106","Site",2,209,0.00956937799043062,-0.71686325642319,0,"Analysis_kri0002",2025-03-01,"AA-AA-000-0000"
"0X1464","Site",1,120,0.00833333333333333,-0.619994396771035,0,"Analysis_kri0002",2025-03-01,"AA-AA-000-0000"
"0X6774","Site",2,264,0.00757575757575758,-0.989419513023826,0,"Analysis_kri0002",2025-03-01,"AA-AA-000-0000"
"0X5512","Site",1,144,0.00694444444444444,-0.773705492619789,0,"Analysis_kri0002",2025-03-01,"AA-AA-000-0000"
"0X7543","Site",1,157,0.00636942675159236,-0.848742657476034,0,"Analysis_kri0002",2025-03-01,"AA-AA-000-0000"
"0X7206","Site",1,160,0.00625,-0.865381865558748,0,"Analysis_kri0002",2025-03-01,"AA-AA-000-0000"
"0X9046","Site",1,165,0.00606060606060606,-0.892598672118901,0,"Analysis_kri0002",2025-03-01,"AA-AA-000-0000"
"0X8743","Site",1,178,0.00561797752808989,-0.960591316517145,0,"Analysis_kri0002",2025-03-01,"AA-AA-000-0000"
"0X6380","Site",0,67,0,-0.850174250404651,0,"Analysis_kri0002",2025-03-01,"AA-AA-000-0000"
"0X8504","Site",0,51,0,-0.741746718836408,0,"Analysis_kri0002",2025-03-01,"AA-AA-000-0000"
"0X4067","Site",0,35,0,-0.614475494839333,0,"Analysis_kri0002",2025-03-01,"AA-AA-000-0000"
"0X8213","Site",0,34,0,-0.605633659844286,0,"Analysis_kri0002",2025-03-01,"AA-AA-000-0000"
"0X7770","Site",0,30,0,-0.568893763939939,0,"Analysis_kri0002",2025-03-01,"AA-AA-000-0000"
"0X8040","Site",2,3,0.666666666666667,NA,NA,"Analysis_kri0002",2025-03-01,"AA-AA-000-0000"
"0X6096","Site",2,27,0.0740740740740741,NA,NA,"Analysis_kri0002",2025-03-01,"AA-AA-000-0000"
"0X8058","Site",1,16,0.0625,NA,NA,"Analysis_kri0002",2025-03-01,"AA-AA-000-0000"
"0X6710","Site",1,19,0.0526315789473684,NA,NA,"Analysis_kri0002",2025-03-01,"AA-AA-000-0000"
"0X9626","Site",1,19,0.0526315789473684,NA,NA,"Analysis_kri0002",2025-03-01,"AA-AA-000-0000"
"0X5558","Site",1,21,0.0476190476190476,NA,NA,"Analysis_kri0002",2025-03-01,"AA-AA-000-0000"
"0X1167","Site",1,24,0.0416666666666667,NA,NA,"Analysis_kri0002",2025-03-01,"AA-AA-000-0000"
"0X2913","Site",1,24,0.0416666666666667,NA,NA,"Analysis_kri0002",2025-03-01,"AA-AA-000-0000"
"0X8084","Site",1,25,0.04,NA,NA,"Analysis_kri0002",2025-03-01,"AA-AA-000-0000"
"0X8676","Site",1,28,0.0357142857142857,NA,NA,"Analysis_kri0002",2025-03-01,"AA-AA-000-0000"
"0X6074","Site",0,27,0,NA,NA,"Analysis_kri0002",2025-03-01,"AA-AA-000-0000"
"0X8997","Site",0,25,0,NA,NA,"Analysis_kri0002",2025-03-01,"AA-AA-000-0000"
"0X9943","Site",0,25,0,NA,NA,"Analysis_kri0002",2025-03-01,"AA-AA-000-0000"
"0X3375","Site",0,24,0,NA,NA,"Analysis_kri0002",2025-03-01,"AA-AA-000-0000"
"0X9913","Site",0,20,0,NA,NA,"Analysis_kri0002",2025-03-01,"AA-AA-000-0000"
"0X3333","Site",0,19,0,NA,NA,"Analysis_kri0002",2025-03-01,"AA-AA-000-0000"
"0X930","Site",0,19,0,NA,NA,"Analysis_kri0002",2025-03-01,"AA-AA-000-0000"
"0X5053","Site",0,18,0,NA,NA,"Analysis_kri0002",2025-03-01,"AA-AA-000-0000"
"0X5362","Site",0,16,0,NA,NA,"Analysis_kri0002",2025-03-01,"AA-AA-000-0000"
"0X2004","Site",0,12,0,NA,NA,"Analysis_kri0002",2025-03-01,"AA-AA-000-0000"
"0X1319","Site",0,11,0,NA,NA,"Analysis_kri0002",2025-03-01,"AA-AA-000-0000"
"0X1713","Site",0,10,0,NA,NA,"Analysis_kri0002",2025-03-01,"AA-AA-000-0000"
"0X2283","Site",0,4,0,NA,NA,"Analysis_kri0002",2025-03-01,"AA-AA-000-0000"
"0X2587","Site",0,2,0,NA,NA,"Analysis_kri0002",2025-03-01,"AA-AA-000-0000"
"0X1154","Site",12,67,0.17910447761194,2.41954625339641,1,"Analysis_kri0003",2025-03-01,"AA-AA-000-0000"
"0X9595","Site",24,204,0.117647058823529,2.00131570254913,1,"Analysis_kri0003",2025-03-01,"AA-AA-000-0000"
"0X8706","Site",7,43,0.162790697674419,1.66771497240523,0,"Analysis_kri0003",2025-03-01,"AA-AA-000-0000"
"0X853","Site",6,42,0.142857142857143,1.32139968863465,0,"Analysis_kri0003",2025-03-01,"AA-AA-000-0000"
"0X5593","Site",19,188,0.101063829787234,1.34601184872313,0,"Analysis_kri0003",2025-03-01,"AA-AA-000-0000"
"0X5171","Site",6,60,0.1,0.73955961071782,0,"Analysis_kri0003",2025-03-01,"AA-AA-000-0000"
"0X9046","Site",16,165,0.096969696969697,1.12794884369515,0,"Analysis_kri0003",2025-03-01,"AA-AA-000-0000"
"0X1365","Site",3,33,0.0909090909090909,0.41635800056228,0,"Analysis_kri0003",2025-03-01,"AA-AA-000-0000"
"0X5111","Site",6,66,0.0909090909090909,0.588819131197721,0,"Analysis_kri0003",2025-03-01,"AA-AA-000-0000"
"0X6380","Site",6,67,0.0895522388059701,0.565166448503551,0,"Analysis_kri0003",2025-03-01,"AA-AA-000-0000"
"0X8213","Site",3,34,0.0882352941176471,0.383177940498135,0,"Analysis_kri0003",2025-03-01,"AA-AA-000-0000"
"0X2996","Site",22,259,0.0849420849420849,0.923497458124177,0,"Analysis_kri0003",2025-03-01,"AA-AA-000-0000"
"0X5569","Site",18,215,0.0837209302325581,0.796107375240964,0,"Analysis_kri0003",2025-03-01,"AA-AA-000-0000"
"0X1571","Site",7,84,0.0833333333333333,0.488626598885811,0,"Analysis_kri0003",2025-03-01,"AA-AA-000-0000"
"0X9066","Site",22,267,0.0823970037453183,0.832445112095391,0,"Analysis_kri0003",2025-03-01,"AA-AA-000-0000"
"0X1903","Site",7,86,0.0813953488372093,0.448943613017364,0,"Analysis_kri0003",2025-03-01,"AA-AA-000-0000"
"0X7206","Site",13,160,0.08125,0.607702897970966,0,"Analysis_kri0003",2025-03-01,"AA-AA-000-0000"
"0X6937","Site",4,51,0.0784313725490196,0.292174339515788,0,"Analysis_kri0003",2025-03-01,"AA-AA-000-0000"
"0X8530","Site",15,194,0.077319587628866,0.53067167845952,0,"Analysis_kri0003",2025-03-01,"AA-AA-000-0000"
"0X3137","Site",19,246,0.0772357723577236,0.594249603519038,0,"Analysis_kri0003",2025-03-01,"AA-AA-000-0000"
"0X2896","Site",11,155,0.0709677419354839,0.274285689713544,0,"Analysis_kri0003",2025-03-01,"AA-AA-000-0000"
"0X9184","Site",8,113,0.0707964601769911,0.229588289581026,0,"Analysis_kri0003",2025-03-01,"AA-AA-000-0000"
"0X8743","Site",12,178,0.0674157303370786,0.174046086499793,0,"Analysis_kri0003",2025-03-01,"AA-AA-000-0000"
"0X2873","Site",2,30,0.0666666666666667,0.0610728744398287,0,"Analysis_kri0003",2025-03-01,"AA-AA-000-0000"
"0X6533","Site",17,262,0.0648854961832061,0.107548025869463,0,"Analysis_kri0003",2025-03-01,"AA-AA-000-0000"
"0X4887","Site",2,32,0.0625,0.00344802078149374,0,"Analysis_kri0003",2025-03-01,"AA-AA-000-0000"
"0X9845","Site",22,354,0.0621468926553672,-0.00533888371725486,0,"Analysis_kri0003",2025-03-01,"AA-AA-000-0000"
"0X2521","Site",10,164,0.0609756097560976,-0.0415801054947254,0,"Analysis_kri0003",2025-03-01,"AA-AA-000-0000"
"0X9062","Site",12,202,0.0594059405940594,-0.102584176415077,0,"Analysis_kri0003",2025-03-01,"AA-AA-000-0000"
"0X2594","Site",8,136,0.0588235294117647,-0.101355666495797,0,"Analysis_kri0003",2025-03-01,"AA-AA-000-0000"
"0X8829","Site",7,119,0.0588235294117647,-0.0948095445588484,0,"Analysis_kri0003",2025-03-01,"AA-AA-000-0000"
"0X8504","Site",3,51,0.0588235294117647,-0.0620674163636016,0,"Analysis_kri0003",2025-03-01,"AA-AA-000-0000"
"0X2460","Site",6,104,0.0576923076923077,-0.117817256731529,0,"Analysis_kri0003",2025-03-01,"AA-AA-000-0000"
"0X1070","Site",17,299,0.0568561872909699,-0.236344292535225,0,"Analysis_kri0003",2025-03-01,"AA-AA-000-0000"
"0X1175","Site",4,71,0.0563380281690141,-0.126215113955481,0,"Analysis_kri0003",2025-03-01,"AA-AA-000-0000"
"0X4621","Site",23,423,0.0543735224586288,-0.410285616891316,0,"Analysis_kri0003",2025-03-01,"AA-AA-000-0000"
"0X6774","Site",14,264,0.053030303030303,-0.37934117320791,0,"Analysis_kri0003",2025-03-01,"AA-AA-000-0000"
"0X8400","Site",11,210,0.0523809523809524,-0.362133092058055,0,"Analysis_kri0003",2025-03-01,"AA-AA-000-0000"
"0X5562","Site",11,211,0.0521327014218009,-0.372116855449172,0,"Analysis_kri0003",2025-03-01,"AA-AA-000-0000"
"0X108","Site",16,307,0.0521172638436482,-0.449540555446597,0,"Analysis_kri0003",2025-03-01,"AA-AA-000-0000"
"0X6174","Site",5,98,0.0510204081632653,-0.281457010649364,0,"Analysis_kri0003",2025-03-01,"AA-AA-000-0000"
"0X1185","Site",9,184,0.0489130434782609,-0.457978814963538,0,"Analysis_kri0003",2025-03-01,"AA-AA-000-0000"
"0X5512","Site",7,144,0.0486111111111111,-0.414317667706869,0,"Analysis_kri0003",2025-03-01,"AA-AA-000-0000"
"0X9779","Site",11,228,0.0482456140350877,-0.535299930607583,0,"Analysis_kri0003",2025-03-01,"AA-AA-000-0000"
"0X2106","Site",10,209,0.0478468899521531,-0.527093112826892,0,"Analysis_kri0003",2025-03-01,"AA-AA-000-0000"
"0X7472","Site",8,170,0.0470588235294118,-0.501371481105459,0,"Analysis_kri0003",2025-03-01,"AA-AA-000-0000"
"0X1570","Site",8,172,0.0465116279069767,-0.52246691024743,0,"Analysis_kri0003",2025-03-01,"AA-AA-000-0000"
"0X1505","Site",9,194,0.0463917525773196,-0.55909926804318,0,"Analysis_kri0003",2025-03-01,"AA-AA-000-0000"
"0X3959","Site",9,196,0.0459183673469388,-0.57873976068632,0,"Analysis_kri0003",2025-03-01,"AA-AA-000-0000"
"0X3469","Site",3,66,0.0454545454545455,-0.34536853016429,0,"Analysis_kri0003",2025-03-01,"AA-AA-000-0000"
"0X4343","Site",4,92,0.0434782608695652,-0.455714457453572,0,"Analysis_kri0003",2025-03-01,"AA-AA-000-0000"
"0X2131","Site",10,233,0.0429184549356223,-0.746849067302259,0,"Analysis_kri0003",2025-03-01,"AA-AA-000-0000"
"0X7795","Site",9,214,0.0420560747663551,-0.747665359249881,0,"Analysis_kri0003",2025-03-01,"AA-AA-000-0000"
"0X8950","Site",4,96,0.0416666666666667,-0.510419512240463,0,"Analysis_kri0003",2025-03-01,"AA-AA-000-0000"
"0X7543","Site",6,157,0.0382165605095541,-0.762104051147796,0,"Analysis_kri0003",2025-03-01,"AA-AA-000-0000"
"0X5729","Site",3,79,0.0379746835443038,-0.54604109757555,0,"Analysis_kri0003",2025-03-01,"AA-AA-000-0000"
"0X1464","Site",4,120,0.0333333333333333,-0.801603733901193,0,"Analysis_kri0003",2025-03-01,"AA-AA-000-0000"
"0X7770","Site",1,30,0.0333333333333333,-0.400801866950596,0,"Analysis_kri0003",2025-03-01,"AA-AA-000-0000"
"0X2967","Site",1,31,0.032258064516129,-0.422572609448791,0,"Analysis_kri0003",2025-03-01,"AA-AA-000-0000"
"0X5705","Site",8,264,0.0303030303030303,-1.31352883456992,0,"Analysis_kri0003",2025-03-01,"AA-AA-000-0000"
"0X4148","Site",2,66,0.0303030303030303,-0.65676441728496,0,"Analysis_kri0003",2025-03-01,"AA-AA-000-0000"
"0X1012","Site",3,102,0.0294117647058824,-0.839236825288101,0,"Analysis_kri0003",2025-03-01,"AA-AA-000-0000"
"0X707","Site",5,174,0.028735632183908,-1.11868515577279,0,"Analysis_kri0003",2025-03-01,"AA-AA-000-0000"
"0X4067","Site",1,35,0.0285714285714286,-0.504184315050181,0,"Analysis_kri0003",2025-03-01,"AA-AA-000-0000"
"0X7604","Site",1,35,0.0285714285714286,-0.504184315050181,0,"Analysis_kri0003",2025-03-01,"AA-AA-000-0000"
"0X4131","Site",5,190,0.0263157894736842,-1.25336979489454,0,"Analysis_kri0003",2025-03-01,"AA-AA-000-0000"
"0X5836","Site",1,58,0.0172413793103448,-0.867325164203618,0,"Analysis_kri0003",2025-03-01,"AA-AA-000-0000"
"0X4629","Site",1,85,0.0117647058823529,-1.1777066268145,0,"Analysis_kri0003",2025-03-01,"AA-AA-000-0000"
"0X8040","Site",4,3,1.33333333333333,NA,NA,"Analysis_kri0003",2025-03-01,"AA-AA-000-0000"
"0X2283","Site",2,4,0.5,NA,NA,"Analysis_kri0003",2025-03-01,"AA-AA-000-0000"
"0X9626","Site",6,19,0.315789473684211,NA,NA,"Analysis_kri0003",2025-03-01,"AA-AA-000-0000"
"0X930","Site",4,19,0.210526315789474,NA,NA,"Analysis_kri0003",2025-03-01,"AA-AA-000-0000"
"0X1319","Site",2,11,0.181818181818182,NA,NA,"Analysis_kri0003",2025-03-01,"AA-AA-000-0000"
"0X1167","Site",4,24,0.166666666666667,NA,NA,"Analysis_kri0003",2025-03-01,"AA-AA-000-0000"
"0X2913","Site",4,24,0.166666666666667,NA,NA,"Analysis_kri0003",2025-03-01,"AA-AA-000-0000"
"0X8058","Site",2,16,0.125,NA,NA,"Analysis_kri0003",2025-03-01,"AA-AA-000-0000"
"0X5053","Site",2,18,0.111111111111111,NA,NA,"Analysis_kri0003",2025-03-01,"AA-AA-000-0000"
"0X6096","Site",3,27,0.111111111111111,NA,NA,"Analysis_kri0003",2025-03-01,"AA-AA-000-0000"
"0X6710","Site",2,19,0.105263157894737,NA,NA,"Analysis_kri0003",2025-03-01,"AA-AA-000-0000"
"0X1713","Site",1,10,0.1,NA,NA,"Analysis_kri0003",2025-03-01,"AA-AA-000-0000"
"0X9913","Site",2,20,0.1,NA,NA,"Analysis_kri0003",2025-03-01,"AA-AA-000-0000"
"0X3375","Site",2,24,0.0833333333333333,NA,NA,"Analysis_kri0003",2025-03-01,"AA-AA-000-0000"
"0X8084","Site",2,25,0.08,NA,NA,"Analysis_kri0003",2025-03-01,"AA-AA-000-0000"
"0X5558","Site",1,21,0.0476190476190476,NA,NA,"Analysis_kri0003",2025-03-01,"AA-AA-000-0000"
"0X8997","Site",1,25,0.04,NA,NA,"Analysis_kri0003",2025-03-01,"AA-AA-000-0000"
"0X9943","Site",1,25,0.04,NA,NA,"Analysis_kri0003",2025-03-01,"AA-AA-000-0000"
"0X6074","Site",1,27,0.037037037037037,NA,NA,"Analysis_kri0003",2025-03-01,"AA-AA-000-0000"
"0X8676","Site",1,28,0.0357142857142857,NA,NA,"Analysis_kri0003",2025-03-01,"AA-AA-000-0000"
"0X3333","Site",0,19,0,NA,NA,"Analysis_kri0003",2025-03-01,"AA-AA-000-0000"
"0X5362","Site",0,16,0,NA,NA,"Analysis_kri0003",2025-03-01,"AA-AA-000-0000"
"0X2004","Site",0,12,0,NA,NA,"Analysis_kri0003",2025-03-01,"AA-AA-000-0000"
"0X2587","Site",0,2,0,NA,NA,"Analysis_kri0003",2025-03-01,"AA-AA-000-0000"
"0X853","Site",6,42,0.142857142857143,1.91445610508732,0,"Analysis_kri0004",2025-03-01,"AA-AA-000-0000"
"0X6174","Site",11,98,0.112244897959184,1.82937325941146,0,"Analysis_kri0004",2025-03-01,"AA-AA-000-0000"
"0X1571","Site",9,84,0.107142857142857,1.52470732441073,0,"Analysis_kri0004",2025-03-01,"AA-AA-000-0000"
"0X4629","Site",9,85,0.105882352941176,1.49176452017234,0,"Analysis_kri0004",2025-03-01,"AA-AA-000-0000"
"0X6937","Site",5,51,0.0980392156862745,0.953128423987172,0,"Analysis_kri0004",2025-03-01,"AA-AA-000-0000"
"0X2967","Site",3,31,0.0967741935483871,0.717649874794876,0,"Analysis_kri0004",2025-03-01,"AA-AA-000-0000"
"0X8400","Site",20,210,0.0952380952380952,1.78741394321454,0,"Analysis_kri0004",2025-03-01,"AA-AA-000-0000"
"0X8706","Site",4,43,0.0930232558139535,0.756337038026627,0,"Analysis_kri0004",2025-03-01,"AA-AA-000-0000"
"0X9779","Site",21,228,0.0921052631578947,1.69151472553417,0,"Analysis_kri0004",2025-03-01,"AA-AA-000-0000"
"0X5111","Site",6,66,0.0909090909090909,0.874968073972463,0,"Analysis_kri0004",2025-03-01,"AA-AA-000-0000"
"0X2896","Site",14,155,0.0903225806451613,1.31448361876585,0,"Analysis_kri0004",2025-03-01,"AA-AA-000-0000"
"0X9184","Site",10,113,0.0884955752212389,1.05217477759654,0,"Analysis_kri0004",2025-03-01,"AA-AA-000-0000"
"0X7206","Site",14,160,0.0875,1.20650920135129,0,"Analysis_kri0004",2025-03-01,"AA-AA-000-0000"
"0X8829","Site",10,119,0.0840336134453782,0.903870811033786,0,"Analysis_kri0004",2025-03-01,"AA-AA-000-0000"
"0X5171","Site",5,60,0.0833333333333333,0.622212998658937,0,"Analysis_kri0004",2025-03-01,"AA-AA-000-0000"
"0X1903","Site",7,86,0.0813953488372093,0.67998584927355,0,"Analysis_kri0004",2025-03-01,"AA-AA-000-0000"
"0X4131","Site",15,190,0.0789473684210526,0.888786909422111,0,"Analysis_kri0004",2025-03-01,"AA-AA-000-0000"
"0X9046","Site",13,165,0.0787878787878788,0.820850046881778,0,"Analysis_kri0004",2025-03-01,"AA-AA-000-0000"
"0X2106","Site",15,209,0.0717703349282297,0.557257860200231,0,"Analysis_kri0004",2025-03-01,"AA-AA-000-0000"
"0X5836","Site",4,58,0.0689655172413793,0.216376132501358,0,"Analysis_kri0004",2025-03-01,"AA-AA-000-0000"
"0X1012","Site",7,102,0.0686274509803922,0.274605847076326,0,"Analysis_kri0004",2025-03-01,"AA-AA-000-0000"
"0X5705","Site",18,264,0.0681818181818182,0.41562269475,0,"Analysis_kri0004",2025-03-01,"AA-AA-000-0000"
"0X6774","Site",18,264,0.0681818181818182,0.41562269475,0,"Analysis_kri0004",2025-03-01,"AA-AA-000-0000"
"0X8743","Site",12,178,0.0674157303370786,0.304345695745708,0,"Analysis_kri0004",2025-03-01,"AA-AA-000-0000"
"0X2873","Site",2,30,0.0666666666666667,0.110119916930964,0,"Analysis_kri0004",2025-03-01,"AA-AA-000-0000"
"0X1570","Site",11,172,0.063953488372093,0.13510191158122,0,"Analysis_kri0004",2025-03-01,"AA-AA-000-0000"
"0X5593","Site",12,188,0.0638297872340425,0.135117413294757,0,"Analysis_kri0004",2025-03-01,"AA-AA-000-0000"
"0X4621","Site",27,423,0.0638297872340425,0.202676119942136,0,"Analysis_kri0004",2025-03-01,"AA-AA-000-0000"
"0X9595","Site",13,204,0.0637254901960784,0.135367057453616,0,"Analysis_kri0004",2025-03-01,"AA-AA-000-0000"
"0X5729","Site",5,79,0.0632911392405063,0.0702890231747158,0,"Analysis_kri0004",2025-03-01,"AA-AA-000-0000"
"0X4887","Site",2,32,0.0625,0.0285641698069783,0,"Analysis_kri0004",2025-03-01,"AA-AA-000-0000"
"0X8530","Site",12,194,0.0618556701030928,0.0379032937370615,0,"Analysis_kri0004",2025-03-01,"AA-AA-000-0000"
"0X2996","Site",16,259,0.0617760617760618,0.0391658275739502,0,"Analysis_kri0004",2025-03-01,"AA-AA-000-0000"
"0X3959","Site",12,196,0.0612244897959184,0.00616882229806713,0,"Analysis_kri0004",2025-03-01,"AA-AA-000-0000"
"0X5569","Site",13,215,0.0604651162790698,-0.0337721711273721,0,"Analysis_kri0004",2025-03-01,"AA-AA-000-0000"
"0X1154","Site",4,67,0.0597014925373134,-0.0414381320772656,0,"Analysis_kri0004",2025-03-01,"AA-AA-000-0000"
"0X2594","Site",8,136,0.0588235294117647,-0.0960340402988738,0,"Analysis_kri0004",2025-03-01,"AA-AA-000-0000"
"0X8213","Site",2,34,0.0588235294117647,-0.0480170201494369,0,"Analysis_kri0004",2025-03-01,"AA-AA-000-0000"
"0X1464","Site",7,120,0.0583333333333333,-0.10961127990126,0,"Analysis_kri0004",2025-03-01,"AA-AA-000-0000"
"0X4067","Site",2,35,0.0571428571428571,-0.0846454228095825,0,"Analysis_kri0004",2025-03-01,"AA-AA-000-0000"
"0X7604","Site",2,35,0.0571428571428571,-0.0846454228095825,0,"Analysis_kri0004",2025-03-01,"AA-AA-000-0000"
"0X5512","Site",8,144,0.0555555555555556,-0.240517738202065,0,"Analysis_kri0004",2025-03-01,"AA-AA-000-0000"
"0X108","Site",17,307,0.0553745928338762,-0.362641161941007,0,"Analysis_kri0004",2025-03-01,"AA-AA-000-0000"
"0X1185","Site",10,184,0.0543478260869565,-0.331073734554833,0,"Analysis_kri0004",2025-03-01,"AA-AA-000-0000"
"0X4343","Site",5,92,0.0543478260869565,-0.234104482776477,0,"Analysis_kri0004",2025-03-01,"AA-AA-000-0000"
"0X2131","Site",12,233,0.0515021459227468,-0.529511985408842,0,"Analysis_kri0004",2025-03-01,"AA-AA-000-0000"
"0X7795","Site",11,214,0.0514018691588785,-0.512763882319716,0,"Analysis_kri0004",2025-03-01,"AA-AA-000-0000"
"0X7543","Site",8,157,0.0509554140127389,-0.459411267161414,0,"Analysis_kri0004",2025-03-01,"AA-AA-000-0000"
"0X1070","Site",15,299,0.0501672240802676,-0.683243766864972,0,"Analysis_kri0004",2025-03-01,"AA-AA-000-0000"
"0X2460","Site",5,104,0.0480769230769231,-0.479980610324595,0,"Analysis_kri0004",2025-03-01,"AA-AA-000-0000"
"0X4148","Site",3,66,0.0454545454545455,-0.459345379222463,0,"Analysis_kri0004",2025-03-01,"AA-AA-000-0000"
"0X9066","Site",12,267,0.0449438202247191,-0.954050304490624,0,"Analysis_kri0004",2025-03-01,"AA-AA-000-0000"
"0X6380","Site",3,67,0.0447761194029851,-0.482877617122139,0,"Analysis_kri0004",2025-03-01,"AA-AA-000-0000"
"0X9062","Site",9,202,0.0445544554455446,-0.849830096835961,0,"Analysis_kri0004",2025-03-01,"AA-AA-000-0000"
"0X2521","Site",7,164,0.0426829268292683,-0.852336544319266,0,"Analysis_kri0004",2025-03-01,"AA-AA-000-0000"
"0X1505","Site",8,194,0.0412371134020619,-0.999786879919271,0,"Analysis_kri0004",2025-03-01,"AA-AA-000-0000"
"0X8504","Site",2,51,0.0392156862745098,-0.56477711074488,0,"Analysis_kri0004",2025-03-01,"AA-AA-000-0000"
"0X6533","Site",10,262,0.0381679389312977,-1.34137588948456,0,"Analysis_kri0004",2025-03-01,"AA-AA-000-0000"
"0X5562","Site",8,211,0.037914691943128,-1.21705535779363,0,"Analysis_kri0004",2025-03-01,"AA-AA-000-0000"
"0X9845","Site",13,354,0.0367231638418079,-1.65742114192698,0,"Analysis_kri0004",2025-03-01,"AA-AA-000-0000"
"0X3137","Site",9,246,0.0365853658536585,-1.38946182777297,0,"Analysis_kri0004",2025-03-01,"AA-AA-000-0000"
"0X8950","Site",3,96,0.03125,-1.05687967586104,0,"Analysis_kri0004",2025-03-01,"AA-AA-000-0000"
"0X1365","Site",1,33,0.0303030303030303,-0.639306929549101,0,"Analysis_kri0004",2025-03-01,"AA-AA-000-0000"
"0X1175","Site",2,71,0.028169014084507,-1.00271159921347,0,"Analysis_kri0004",2025-03-01,"AA-AA-000-0000"
"0X7472","Site",4,170,0.0235294117647059,-1.77015152420049,0,"Analysis_kri0004",2025-03-01,"AA-AA-000-0000"
"0X707","Site",4,174,0.0229885057471264,-1.81663706678275,0,"Analysis_kri0004",2025-03-01,"AA-AA-000-0000"
"0X3469","Site",1,66,0.0151515151515152,-1.34888768135241,0,"Analysis_kri0004",2025-03-01,"AA-AA-000-0000"
"0X7770","Site",0,30,0,-1.20928453812178,0,"Analysis_kri0004",2025-03-01,"AA-AA-000-0000"
"0X2587","Site",1,2,0.5,NA,NA,"Analysis_kri0004",2025-03-01,"AA-AA-000-0000"
"0X2283","Site",1,4,0.25,NA,NA,"Analysis_kri0004",2025-03-01,"AA-AA-000-0000"
"0X6096","Site",6,27,0.222222222222222,NA,NA,"Analysis_kri0004",2025-03-01,"AA-AA-000-0000"
"0X1167","Site",5,24,0.208333333333333,NA,NA,"Analysis_kri0004",2025-03-01,"AA-AA-000-0000"
"0X1713","Site",2,10,0.2,NA,NA,"Analysis_kri0004",2025-03-01,"AA-AA-000-0000"
"0X9626","Site",3,19,0.157894736842105,NA,NA,"Analysis_kri0004",2025-03-01,"AA-AA-000-0000"
"0X5558","Site",3,21,0.142857142857143,NA,NA,"Analysis_kri0004",2025-03-01,"AA-AA-000-0000"
"0X8058","Site",2,16,0.125,NA,NA,"Analysis_kri0004",2025-03-01,"AA-AA-000-0000"
"0X8676","Site",3,28,0.107142857142857,NA,NA,"Analysis_kri0004",2025-03-01,"AA-AA-000-0000"
"0X6710","Site",2,19,0.105263157894737,NA,NA,"Analysis_kri0004",2025-03-01,"AA-AA-000-0000"
"0X1319","Site",1,11,0.0909090909090909,NA,NA,"Analysis_kri0004",2025-03-01,"AA-AA-000-0000"
"0X2004","Site",1,12,0.0833333333333333,NA,NA,"Analysis_kri0004",2025-03-01,"AA-AA-000-0000"
"0X8084","Site",2,25,0.08,NA,NA,"Analysis_kri0004",2025-03-01,"AA-AA-000-0000"
"0X5362","Site",1,16,0.0625,NA,NA,"Analysis_kri0004",2025-03-01,"AA-AA-000-0000"
"0X5053","Site",1,18,0.0555555555555556,NA,NA,"Analysis_kri0004",2025-03-01,"AA-AA-000-0000"
"0X3333","Site",1,19,0.0526315789473684,NA,NA,"Analysis_kri0004",2025-03-01,"AA-AA-000-0000"
"0X930","Site",1,19,0.0526315789473684,NA,NA,"Analysis_kri0004",2025-03-01,"AA-AA-000-0000"
"0X3375","Site",1,24,0.0416666666666667,NA,NA,"Analysis_kri0004",2025-03-01,"AA-AA-000-0000"
"0X6074","Site",1,27,0.037037037037037,NA,NA,"Analysis_kri0004",2025-03-01,"AA-AA-000-0000"
"0X8997","Site",0,25,0,NA,NA,"Analysis_kri0004",2025-03-01,"AA-AA-000-0000"
"0X9943","Site",0,25,0,NA,NA,"Analysis_kri0004",2025-03-01,"AA-AA-000-0000"
"0X2913","Site",0,24,0,NA,NA,"Analysis_kri0004",2025-03-01,"AA-AA-000-0000"
"0X9913","Site",0,20,0,NA,NA,"Analysis_kri0004",2025-03-01,"AA-AA-000-0000"
"0X8040","Site",0,3,0,NA,NA,"Analysis_kri0004",2025-03-01,"AA-AA-000-0000"
"0X5111","Site",17,718,0.0236768802228412,2.00259216505492,1,"Analysis_kri0005",2025-03-01,"AA-AA-000-0000"
"0X8530","Site",26,1108,0.0234657039711191,2.43011196780981,1,"Analysis_kri0005",2025-03-01,"AA-AA-000-0000"
"0X7604","Site",10,377,0.026525198938992,1.90429137961266,0,"Analysis_kri0005",2025-03-01,"AA-AA-000-0000"
"0X6096","Site",15,717,0.0209205020920502,1.39640077919431,0,"Analysis_kri0005",2025-03-01,"AA-AA-000-0000"
"0X8743","Site",18,899,0.0200222469410456,1.34292297516236,0,"Analysis_kri0005",2025-03-01,"AA-AA-000-0000"
"0X6380","Site",11,553,0.0198915009041591,1.02806143786962,0,"Analysis_kri0005",2025-03-01,"AA-AA-000-0000"
"0X5569","Site",36,1867,0.0192822710230316,1.67327871873,0,"Analysis_kri0005",2025-03-01,"AA-AA-000-0000"
"0X7472","Site",24,1266,0.018957345971564,1.28314994857829,0,"Analysis_kri0005",2025-03-01,"AA-AA-000-0000"
"0X7543","Site",20,1068,0.0187265917602996,1.11675107793993,0,"Analysis_kri0005",2025-03-01,"AA-AA-000-0000"
"0X2594","Site",17,930,0.0182795698924731,0.930399633445758,0,"Analysis_kri0005",2025-03-01,"AA-AA-000-0000"
"0X9845","Site",40,2231,0.0179291797400269,1.30542951446387,0,"Analysis_kri0005",2025-03-01,"AA-AA-000-0000"
"0X1903","Site",13,728,0.0178571428571429,0.729782004850836,0,"Analysis_kri0005",2025-03-01,"AA-AA-000-0000"
"0X9595","Site",39,2198,0.0177434030937216,1.22436886045767,0,"Analysis_kri0005",2025-03-01,"AA-AA-000-0000"
"0X2996","Site",29,1640,0.0176829268292683,1.03752872701438,0,"Analysis_kri0005",2025-03-01,"AA-AA-000-0000"
"0X3959","Site",25,1462,0.0170998632010944,0.796923069235151,0,"Analysis_kri0005",2025-03-01,"AA-AA-000-0000"
"0X7206","Site",25,1465,0.0170648464163823,0.786757669275008,0,"Analysis_kri0005",2025-03-01,"AA-AA-000-0000"
"0X9046","Site",18,1073,0.0167753960857409,0.595627303972517,0,"Analysis_kri0005",2025-03-01,"AA-AA-000-0000"
"0X1505","Site",31,1865,0.0166219839142091,0.730972456737879,0,"Analysis_kri0005",2025-03-01,"AA-AA-000-0000"
"0X4621","Site",46,2783,0.0165289256198347,0.852704164418064,0,"Analysis_kri0005",2025-03-01,"AA-AA-000-0000"
"0X9066","Site",37,2266,0.0163283318623124,0.691189359257822,0,"Analysis_kri0005",2025-03-01,"AA-AA-000-0000"
"0X2106","Site",22,1431,0.0153738644304682,0.253407583085133,0,"Analysis_kri0005",2025-03-01,"AA-AA-000-0000"
"0X1571","Site",17,1120,0.0151785714285714,0.170630366471625,0,"Analysis_kri0005",2025-03-01,"AA-AA-000-0000"
"0X9062","Site",19,1256,0.0151273885350318,0.165829514444412,0,"Analysis_kri0005",2025-03-01,"AA-AA-000-0000"
"0X8400","Site",25,1654,0.0151148730350665,0.186127364989131,0,"Analysis_kri0005",2025-03-01,"AA-AA-000-0000"
"0X707","Site",14,947,0.0147835269271383,0.0572831509260755,0,"Analysis_kri0005",2025-03-01,"AA-AA-000-0000"
"0X5562","Site",14,951,0.0147213459516299,0.0416910212023921,0,"Analysis_kri0005",2025-03-01,"AA-AA-000-0000"
"0X5593","Site",22,1496,0.0147058823529412,0.0473889037436309,0,"Analysis_kri0005",2025-03-01,"AA-AA-000-0000"
"0X108","Site",21,1472,0.0142663043478261,-0.0911904015762188,0,"Analysis_kri0005",2025-03-01,"AA-AA-000-0000"
"0X3137","Site",23,1619,0.0142063001852996,-0.115419460516124,0,"Analysis_kri0005",2025-03-01,"AA-AA-000-0000"
"0X1185","Site",23,1652,0.0139225181598063,-0.211104809655471,0,"Analysis_kri0005",2025-03-01,"AA-AA-000-0000"
"0X8829","Site",15,1106,0.0135623869801085,-0.270871832958691,0,"Analysis_kri0005",2025-03-01,"AA-AA-000-0000"
"0X5512","Site",10,745,0.0134228187919463,-0.25352863856322,0,"Analysis_kri0005",2025-03-01,"AA-AA-000-0000"
"0X1570","Site",12,914,0.0131291028446389,-0.35357922378682,0,"Analysis_kri0005",2025-03-01,"AA-AA-000-0000"
"0X1070","Site",24,1842,0.0130293159609121,-0.537041373497337,0,"Analysis_kri0005",2025-03-01,"AA-AA-000-0000"
"0X2131","Site",18,1419,0.0126849894291755,-0.577646643804194,0,"Analysis_kri0005",2025-03-01,"AA-AA-000-0000"
"0X6533","Site",27,2207,0.0122338015405528,-0.894085369269798,0,"Analysis_kri0005",2025-03-01,"AA-AA-000-0000"
"0X6774","Site",18,1481,0.012153950033761,-0.757592740853883,0,"Analysis_kri0005",2025-03-01,"AA-AA-000-0000"
"0X2521","Site",15,1284,0.0116822429906542,-0.843913724186792,0,"Analysis_kri0005",2025-03-01,"AA-AA-000-0000"
"0X4131","Site",14,1265,0.0110671936758893,-1.01689935652665,0,"Analysis_kri0005",2025-03-01,"AA-AA-000-0000"
"0X5705","Site",20,1810,0.0110497237569061,-1.22247796813773,0,"Analysis_kri0005",2025-03-01,"AA-AA-000-0000"
"0X5729","Site",10,925,0.0108108108108108,-0.933463607812821,0,"Analysis_kri0005",2025-03-01,"AA-AA-000-0000"
"0X9779","Site",19,1837,0.0103429504627109,-1.47978712783546,0,"Analysis_kri0005",2025-03-01,"AA-AA-000-0000"
"0X7795","Site",14,1439,0.00972897845726199,-1.50055869745421,0,"Analysis_kri0005",2025-03-01,"AA-AA-000-0000"
"0X6074","Site",6,188,0.0319148936170213,NA,NA,"Analysis_kri0005",2025-03-01,"AA-AA-000-0000"
"0X9913","Site",5,178,0.0280898876404494,NA,NA,"Analysis_kri0005",2025-03-01,"AA-AA-000-0000"
"0X5362","Site",5,188,0.0265957446808511,NA,NA,"Analysis_kri0005",2025-03-01,"AA-AA-000-0000"
"0X1175","Site",4,188,0.0212765957446809,NA,NA,"Analysis_kri0005",2025-03-01,"AA-AA-000-0000"
"0X8040","Site",4,188,0.0212765957446809,NA,NA,"Analysis_kri0005",2025-03-01,"AA-AA-000-0000"
"0X8504","Site",7,368,0.0190217391304348,NA,NA,"Analysis_kri0005",2025-03-01,"AA-AA-000-0000"
"0X4148","Site",7,372,0.0188172043010753,NA,NA,"Analysis_kri0005",2025-03-01,"AA-AA-000-0000"
"0X8676","Site",7,377,0.0185676392572944,NA,NA,"Analysis_kri0005",2025-03-01,"AA-AA-000-0000"
"0X2967","Site",6,362,0.0165745856353591,NA,NA,"Analysis_kri0005",2025-03-01,"AA-AA-000-0000"
"0X2004","Site",3,194,0.0154639175257732,NA,NA,"Analysis_kri0005",2025-03-01,"AA-AA-000-0000"
"0X9184","Site",8,522,0.0153256704980843,NA,NA,"Analysis_kri0005",2025-03-01,"AA-AA-000-0000"
"0X3333","Site",3,199,0.0150753768844221,NA,NA,"Analysis_kri0005",2025-03-01,"AA-AA-000-0000"
"0X6174","Site",8,557,0.0143626570915619,NA,NA,"Analysis_kri0005",2025-03-01,"AA-AA-000-0000"
"0X2873","Site",5,354,0.0141242937853107,NA,NA,"Analysis_kri0005",2025-03-01,"AA-AA-000-0000"
"0X6710","Site",5,355,0.0140845070422535,NA,NA,"Analysis_kri0005",2025-03-01,"AA-AA-000-0000"
"0X5836","Site",5,357,0.0140056022408964,NA,NA,"Analysis_kri0005",2025-03-01,"AA-AA-000-0000"
"0X930","Site",5,363,0.0137741046831956,NA,NA,"Analysis_kri0005",2025-03-01,"AA-AA-000-0000"
"0X8213","Site",5,370,0.0135135135135135,NA,NA,"Analysis_kri0005",2025-03-01,"AA-AA-000-0000"
"0X3469","Site",7,546,0.0128205128205128,NA,NA,"Analysis_kri0005",2025-03-01,"AA-AA-000-0000"
"0X5171","Site",6,531,0.0112994350282486,NA,NA,"Analysis_kri0005",2025-03-01,"AA-AA-000-0000"
"0X2283","Site",2,177,0.0112994350282486,NA,NA,"Analysis_kri0005",2025-03-01,"AA-AA-000-0000"
"0X2913","Site",2,180,0.0111111111111111,NA,NA,"Analysis_kri0005",2025-03-01,"AA-AA-000-0000"
"0X7770","Site",4,362,0.0110497237569061,NA,NA,"Analysis_kri0005",2025-03-01,"AA-AA-000-0000"
"0X1154","Site",8,727,0.0110041265474553,NA,NA,"Analysis_kri0005",2025-03-01,"AA-AA-000-0000"
"0X4343","Site",8,741,0.0107962213225371,NA,NA,"Analysis_kri0005",2025-03-01,"AA-AA-000-0000"
"0X4067","Site",4,378,0.0105820105820106,NA,NA,"Analysis_kri0005",2025-03-01,"AA-AA-000-0000"
"0X6937","Site",4,405,0.00987654320987654,NA,NA,"Analysis_kri0005",2025-03-01,"AA-AA-000-0000"
"0X8706","Site",7,710,0.00985915492957747,NA,NA,"Analysis_kri0005",2025-03-01,"AA-AA-000-0000"
"0X1012","Site",7,742,0.00943396226415094,NA,NA,"Analysis_kri0005",2025-03-01,"AA-AA-000-0000"
"0X1365","Site",5,558,0.00896057347670251,NA,NA,"Analysis_kri0005",2025-03-01,"AA-AA-000-0000"
"0X2460","Site",8,918,0.00871459694989107,NA,NA,"Analysis_kri0005",2025-03-01,"AA-AA-000-0000"
"0X1464","Site",8,925,0.00864864864864865,NA,NA,"Analysis_kri0005",2025-03-01,"AA-AA-000-0000"
"0X8950","Site",8,936,0.00854700854700855,NA,NA,"Analysis_kri0005",2025-03-01,"AA-AA-000-0000"
"0X2896","Site",9,1098,0.00819672131147541,NA,NA,"Analysis_kri0005",2025-03-01,"AA-AA-000-0000"
"0X9626","Site",3,375,0.008,NA,NA,"Analysis_kri0005",2025-03-01,"AA-AA-000-0000"
"0X5053","Site",2,333,0.00600600600600601,NA,NA,"Analysis_kri0005",2025-03-01,"AA-AA-000-0000"
"0X853","Site",3,522,0.00574712643678161,NA,NA,"Analysis_kri0005",2025-03-01,"AA-AA-000-0000"
"0X4629","Site",2,348,0.00574712643678161,NA,NA,"Analysis_kri0005",2025-03-01,"AA-AA-000-0000"
"0X5558","Site",2,351,0.0056980056980057,NA,NA,"Analysis_kri0005",2025-03-01,"AA-AA-000-0000"
"0X1167","Site",1,182,0.00549450549450549,NA,NA,"Analysis_kri0005",2025-03-01,"AA-AA-000-0000"
"0X1713","Site",0,200,0,NA,NA,"Analysis_kri0005",2025-03-01,"AA-AA-000-0000"
"0X3375","Site",1,2,0.5,NA,NA,"Analysis_kri0006",2025-03-01,"AA-AA-000-0000"
"0X1505","Site",2,7,0.285714285714286,NA,NA,"Analysis_kri0006",2025-03-01,"AA-AA-000-0000"
"0X7795","Site",1,5,0.2,NA,NA,"Analysis_kri0006",2025-03-01,"AA-AA-000-0000"
"0X1185","Site",1,7,0.142857142857143,NA,NA,"Analysis_kri0006",2025-03-01,"AA-AA-000-0000"
"0X8400","Site",1,7,0.142857142857143,NA,NA,"Analysis_kri0006",2025-03-01,"AA-AA-000-0000"
"0X5705","Site",1,9,0.111111111111111,NA,NA,"Analysis_kri0006",2025-03-01,"AA-AA-000-0000"
"0X4621","Site",0,12,0,NA,NA,"Analysis_kri0006",2025-03-01,"AA-AA-000-0000"
"0X6533","Site",0,10,0,NA,NA,"Analysis_kri0006",2025-03-01,"AA-AA-000-0000"
"0X6774","Site",0,10,0,NA,NA,"Analysis_kri0006",2025-03-01,"AA-AA-000-0000"
"0X1070","Site",0,9,0,NA,NA,"Analysis_kri0006",2025-03-01,"AA-AA-000-0000"
"0X5569","Site",0,9,0,NA,NA,"Analysis_kri0006",2025-03-01,"AA-AA-000-0000"
"0X9066","Site",0,9,0,NA,NA,"Analysis_kri0006",2025-03-01,"AA-AA-000-0000"
"0X9845","Site",0,9,0,NA,NA,"Analysis_kri0006",2025-03-01,"AA-AA-000-0000"
"0X108","Site",0,8,0,NA,NA,"Analysis_kri0006",2025-03-01,"AA-AA-000-0000"
"0X6174","Site",0,8,0,NA,NA,"Analysis_kri0006",2025-03-01,"AA-AA-000-0000"
"0X9595","Site",0,8,0,NA,NA,"Analysis_kri0006",2025-03-01,"AA-AA-000-0000"
"0X9779","Site",0,8,0,NA,NA,"Analysis_kri0006",2025-03-01,"AA-AA-000-0000"
"0X1464","Site",0,7,0,NA,NA,"Analysis_kri0006",2025-03-01,"AA-AA-000-0000"
"0X1571","Site",0,7,0,NA,NA,"Analysis_kri0006",2025-03-01,"AA-AA-000-0000"
"0X1903","Site",0,7,0,NA,NA,"Analysis_kri0006",2025-03-01,"AA-AA-000-0000"
"0X2106","Site",0,7,0,NA,NA,"Analysis_kri0006",2025-03-01,"AA-AA-000-0000"
"0X2131","Site",0,7,0,NA,NA,"Analysis_kri0006",2025-03-01,"AA-AA-000-0000"
"0X2996","Site",0,7,0,NA,NA,"Analysis_kri0006",2025-03-01,"AA-AA-000-0000"
"0X5111","Site",0,7,0,NA,NA,"Analysis_kri0006",2025-03-01,"AA-AA-000-0000"
"0X7206","Site",0,7,0,NA,NA,"Analysis_kri0006",2025-03-01,"AA-AA-000-0000"
"0X8829","Site",0,7,0,NA,NA,"Analysis_kri0006",2025-03-01,"AA-AA-000-0000"
"0X8950","Site",0,7,0,NA,NA,"Analysis_kri0006",2025-03-01,"AA-AA-000-0000"
"0X9184","Site",0,7,0,NA,NA,"Analysis_kri0006",2025-03-01,"AA-AA-000-0000"
"0X2896","Site",0,6,0,NA,NA,"Analysis_kri0006",2025-03-01,"AA-AA-000-0000"
"0X3137","Site",0,6,0,NA,NA,"Analysis_kri0006",2025-03-01,"AA-AA-000-0000"
"0X4131","Site",0,6,0,NA,NA,"Analysis_kri0006",2025-03-01,"AA-AA-000-0000"
"0X5562","Site",0,6,0,NA,NA,"Analysis_kri0006",2025-03-01,"AA-AA-000-0000"
"0X5593","Site",0,6,0,NA,NA,"Analysis_kri0006",2025-03-01,"AA-AA-000-0000"
"0X7472","Site",0,6,0,NA,NA,"Analysis_kri0006",2025-03-01,"AA-AA-000-0000"
"0X7543","Site",0,6,0,NA,NA,"Analysis_kri0006",2025-03-01,"AA-AA-000-0000"
"0X9062","Site",0,6,0,NA,NA,"Analysis_kri0006",2025-03-01,"AA-AA-000-0000"
"0X1012","Site",0,5,0,NA,NA,"Analysis_kri0006",2025-03-01,"AA-AA-000-0000"
"0X1154","Site",0,5,0,NA,NA,"Analysis_kri0006",2025-03-01,"AA-AA-000-0000"
"0X2521","Site",0,5,0,NA,NA,"Analysis_kri0006",2025-03-01,"AA-AA-000-0000"
"0X3959","Site",0,5,0,NA,NA,"Analysis_kri0006",2025-03-01,"AA-AA-000-0000"
"0X4343","Site",0,5,0,NA,NA,"Analysis_kri0006",2025-03-01,"AA-AA-000-0000"
"0X5171","Site",0,5,0,NA,NA,"Analysis_kri0006",2025-03-01,"AA-AA-000-0000"
"0X5512","Site",0,5,0,NA,NA,"Analysis_kri0006",2025-03-01,"AA-AA-000-0000"
"0X5729","Site",0,5,0,NA,NA,"Analysis_kri0006",2025-03-01,"AA-AA-000-0000"
"0X853","Site",0,5,0,NA,NA,"Analysis_kri0006",2025-03-01,"AA-AA-000-0000"
"0X8530","Site",0,5,0,NA,NA,"Analysis_kri0006",2025-03-01,"AA-AA-000-0000"
"0X8743","Site",0,5,0,NA,NA,"Analysis_kri0006",2025-03-01,"AA-AA-000-0000"
"0X9046","Site",0,5,0,NA,NA,"Analysis_kri0006",2025-03-01,"AA-AA-000-0000"
"0X1570","Site",0,4,0,NA,NA,"Analysis_kri0006",2025-03-01,"AA-AA-000-0000"
"0X2594","Site",0,4,0,NA,NA,"Analysis_kri0006",2025-03-01,"AA-AA-000-0000"
"0X3469","Site",0,4,0,NA,NA,"Analysis_kri0006",2025-03-01,"AA-AA-000-0000"
"0X4629","Site",0,4,0,NA,NA,"Analysis_kri0006",2025-03-01,"AA-AA-000-0000"
"0X6096","Site",0,4,0,NA,NA,"Analysis_kri0006",2025-03-01,"AA-AA-000-0000"
"0X6380","Site",0,4,0,NA,NA,"Analysis_kri0006",2025-03-01,"AA-AA-000-0000"
"0X6937","Site",0,4,0,NA,NA,"Analysis_kri0006",2025-03-01,"AA-AA-000-0000"
"0X707","Site",0,4,0,NA,NA,"Analysis_kri0006",2025-03-01,"AA-AA-000-0000"
"0X8706","Site",0,4,0,NA,NA,"Analysis_kri0006",2025-03-01,"AA-AA-000-0000"
"0X1365","Site",0,3,0,NA,NA,"Analysis_kri0006",2025-03-01,"AA-AA-000-0000"
"0X2460","Site",0,3,0,NA,NA,"Analysis_kri0006",2025-03-01,"AA-AA-000-0000"
"0X2913","Site",0,3,0,NA,NA,"Analysis_kri0006",2025-03-01,"AA-AA-000-0000"
"0X2967","Site",0,3,0,NA,NA,"Analysis_kri0006",2025-03-01,"AA-AA-000-0000"
"0X4067","Site",0,3,0,NA,NA,"Analysis_kri0006",2025-03-01,"AA-AA-000-0000"
"0X4148","Site",0,3,0,NA,NA,"Analysis_kri0006",2025-03-01,"AA-AA-000-0000"
"0X5558","Site",0,3,0,NA,NA,"Analysis_kri0006",2025-03-01,"AA-AA-000-0000"
"0X5836","Site",0,3,0,NA,NA,"Analysis_kri0006",2025-03-01,"AA-AA-000-0000"
"0X7604","Site",0,3,0,NA,NA,"Analysis_kri0006",2025-03-01,"AA-AA-000-0000"
"0X8040","Site",0,3,0,NA,NA,"Analysis_kri0006",2025-03-01,"AA-AA-000-0000"
"0X8504","Site",0,3,0,NA,NA,"Analysis_kri0006",2025-03-01,"AA-AA-000-0000"
"0X9626","Site",0,3,0,NA,NA,"Analysis_kri0006",2025-03-01,"AA-AA-000-0000"
"0X1167","Site",0,2,0,NA,NA,"Analysis_kri0006",2025-03-01,"AA-AA-000-0000"
"0X1175","Site",0,2,0,NA,NA,"Analysis_kri0006",2025-03-01,"AA-AA-000-0000"
"0X2873","Site",0,2,0,NA,NA,"Analysis_kri0006",2025-03-01,"AA-AA-000-0000"
"0X4887","Site",0,2,0,NA,NA,"Analysis_kri0006",2025-03-01,"AA-AA-000-0000"
"0X5053","Site",0,2,0,NA,NA,"Analysis_kri0006",2025-03-01,"AA-AA-000-0000"
"0X6710","Site",0,2,0,NA,NA,"Analysis_kri0006",2025-03-01,"AA-AA-000-0000"
"0X7770","Site",0,2,0,NA,NA,"Analysis_kri0006",2025-03-01,"AA-AA-000-0000"
"0X8213","Site",0,2,0,NA,NA,"Analysis_kri0006",2025-03-01,"AA-AA-000-0000"
"0X8676","Site",0,2,0,NA,NA,"Analysis_kri0006",2025-03-01,"AA-AA-000-0000"
"0X930","Site",0,2,0,NA,NA,"Analysis_kri0006",2025-03-01,"AA-AA-000-0000"
"0X1319","Site",0,1,0,NA,NA,"Analysis_kri0006",2025-03-01,"AA-AA-000-0000"
"0X1713","Site",0,1,0,NA,NA,"Analysis_kri0006",2025-03-01,"AA-AA-000-0000"
"0X2004","Site",0,1,0,NA,NA,"Analysis_kri0006",2025-03-01,"AA-AA-000-0000"
"0X2283","Site",0,1,0,NA,NA,"Analysis_kri0006",2025-03-01,"AA-AA-000-0000"
"0X2587","Site",0,1,0,NA,NA,"Analysis_kri0006",2025-03-01,"AA-AA-000-0000"
"0X3333","Site",0,1,0,NA,NA,"Analysis_kri0006",2025-03-01,"AA-AA-000-0000"
"0X5362","Site",0,1,0,NA,NA,"Analysis_kri0006",2025-03-01,"AA-AA-000-0000"
"0X6074","Site",0,1,0,NA,NA,"Analysis_kri0006",2025-03-01,"AA-AA-000-0000"
"0X8058","Site",0,1,0,NA,NA,"Analysis_kri0006",2025-03-01,"AA-AA-000-0000"
"0X8084","Site",0,1,0,NA,NA,"Analysis_kri0006",2025-03-01,"AA-AA-000-0000"
"0X8997","Site",0,1,0,NA,NA,"Analysis_kri0006",2025-03-01,"AA-AA-000-0000"
"0X9913","Site",0,1,0,NA,NA,"Analysis_kri0006",2025-03-01,"AA-AA-000-0000"
"0X9943","Site",0,1,0,NA,NA,"Analysis_kri0006",2025-03-01,"AA-AA-000-0000"
"0X2913","Site",1,3,0.333333333333333,NA,NA,"Analysis_kri0007",2025-03-01,"AA-AA-000-0000"
"0X1012","Site",1,5,0.2,NA,NA,"Analysis_kri0007",2025-03-01,"AA-AA-000-0000"
"0X4343","Site",1,5,0.2,NA,NA,"Analysis_kri0007",2025-03-01,"AA-AA-000-0000"
"0X7795","Site",1,5,0.2,NA,NA,"Analysis_kri0007",2025-03-01,"AA-AA-000-0000"
"0X853","Site",1,5,0.2,NA,NA,"Analysis_kri0007",2025-03-01,"AA-AA-000-0000"
"0X2896","Site",1,6,0.166666666666667,NA,NA,"Analysis_kri0007",2025-03-01,"AA-AA-000-0000"
"0X3137","Site",1,6,0.166666666666667,NA,NA,"Analysis_kri0007",2025-03-01,"AA-AA-000-0000"
"0X4131","Site",1,6,0.166666666666667,NA,NA,"Analysis_kri0007",2025-03-01,"AA-AA-000-0000"
"0X1464","Site",1,7,0.142857142857143,NA,NA,"Analysis_kri0007",2025-03-01,"AA-AA-000-0000"
"0X8400","Site",1,7,0.142857142857143,NA,NA,"Analysis_kri0007",2025-03-01,"AA-AA-000-0000"
"0X8950","Site",1,7,0.142857142857143,NA,NA,"Analysis_kri0007",2025-03-01,"AA-AA-000-0000"
"0X5705","Site",1,9,0.111111111111111,NA,NA,"Analysis_kri0007",2025-03-01,"AA-AA-000-0000"
"0X6533","Site",1,10,0.1,NA,NA,"Analysis_kri0007",2025-03-01,"AA-AA-000-0000"
"0X4621","Site",0,12,0,NA,NA,"Analysis_kri0007",2025-03-01,"AA-AA-000-0000"
"0X6774","Site",0,10,0,NA,NA,"Analysis_kri0007",2025-03-01,"AA-AA-000-0000"
"0X1070","Site",0,9,0,NA,NA,"Analysis_kri0007",2025-03-01,"AA-AA-000-0000"
"0X5569","Site",0,9,0,NA,NA,"Analysis_kri0007",2025-03-01,"AA-AA-000-0000"
"0X9066","Site",0,9,0,NA,NA,"Analysis_kri0007",2025-03-01,"AA-AA-000-0000"
"0X9845","Site",0,9,0,NA,NA,"Analysis_kri0007",2025-03-01,"AA-AA-000-0000"
"0X108","Site",0,8,0,NA,NA,"Analysis_kri0007",2025-03-01,"AA-AA-000-0000"
"0X6174","Site",0,8,0,NA,NA,"Analysis_kri0007",2025-03-01,"AA-AA-000-0000"
"0X9595","Site",0,8,0,NA,NA,"Analysis_kri0007",2025-03-01,"AA-AA-000-0000"
"0X9779","Site",0,8,0,NA,NA,"Analysis_kri0007",2025-03-01,"AA-AA-000-0000"
"0X1185","Site",0,7,0,NA,NA,"Analysis_kri0007",2025-03-01,"AA-AA-000-0000"
"0X1505","Site",0,7,0,NA,NA,"Analysis_kri0007",2025-03-01,"AA-AA-000-0000"
"0X1571","Site",0,7,0,NA,NA,"Analysis_kri0007",2025-03-01,"AA-AA-000-0000"
"0X1903","Site",0,7,0,NA,NA,"Analysis_kri0007",2025-03-01,"AA-AA-000-0000"
"0X2106","Site",0,7,0,NA,NA,"Analysis_kri0007",2025-03-01,"AA-AA-000-0000"
"0X2131","Site",0,7,0,NA,NA,"Analysis_kri0007",2025-03-01,"AA-AA-000-0000"
"0X2996","Site",0,7,0,NA,NA,"Analysis_kri0007",2025-03-01,"AA-AA-000-0000"
"0X5111","Site",0,7,0,NA,NA,"Analysis_kri0007",2025-03-01,"AA-AA-000-0000"
"0X7206","Site",0,7,0,NA,NA,"Analysis_kri0007",2025-03-01,"AA-AA-000-0000"
"0X8829","Site",0,7,0,NA,NA,"Analysis_kri0007",2025-03-01,"AA-AA-000-0000"
"0X9184","Site",0,7,0,NA,NA,"Analysis_kri0007",2025-03-01,"AA-AA-000-0000"
"0X5562","Site",0,6,0,NA,NA,"Analysis_kri0007",2025-03-01,"AA-AA-000-0000"
"0X5593","Site",0,6,0,NA,NA,"Analysis_kri0007",2025-03-01,"AA-AA-000-0000"
"0X7472","Site",0,6,0,NA,NA,"Analysis_kri0007",2025-03-01,"AA-AA-000-0000"
"0X7543","Site",0,6,0,NA,NA,"Analysis_kri0007",2025-03-01,"AA-AA-000-0000"
"0X9062","Site",0,6,0,NA,NA,"Analysis_kri0007",2025-03-01,"AA-AA-000-0000"
"0X1154","Site",0,5,0,NA,NA,"Analysis_kri0007",2025-03-01,"AA-AA-000-0000"
"0X2521","Site",0,5,0,NA,NA,"Analysis_kri0007",2025-03-01,"AA-AA-000-0000"
"0X3959","Site",0,5,0,NA,NA,"Analysis_kri0007",2025-03-01,"AA-AA-000-0000"
"0X5171","Site",0,5,0,NA,NA,"Analysis_kri0007",2025-03-01,"AA-AA-000-0000"
"0X5512","Site",0,5,0,NA,NA,"Analysis_kri0007",2025-03-01,"AA-AA-000-0000"
"0X5729","Site",0,5,0,NA,NA,"Analysis_kri0007",2025-03-01,"AA-AA-000-0000"
"0X8530","Site",0,5,0,NA,NA,"Analysis_kri0007",2025-03-01,"AA-AA-000-0000"
"0X8743","Site",0,5,0,NA,NA,"Analysis_kri0007",2025-03-01,"AA-AA-000-0000"
"0X9046","Site",0,5,0,NA,NA,"Analysis_kri0007",2025-03-01,"AA-AA-000-0000"
"0X1570","Site",0,4,0,NA,NA,"Analysis_kri0007",2025-03-01,"AA-AA-000-0000"
"0X2594","Site",0,4,0,NA,NA,"Analysis_kri0007",2025-03-01,"AA-AA-000-0000"
"0X3469","Site",0,4,0,NA,NA,"Analysis_kri0007",2025-03-01,"AA-AA-000-0000"
"0X4629","Site",0,4,0,NA,NA,"Analysis_kri0007",2025-03-01,"AA-AA-000-0000"
"0X6096","Site",0,4,0,NA,NA,"Analysis_kri0007",2025-03-01,"AA-AA-000-0000"
"0X6380","Site",0,4,0,NA,NA,"Analysis_kri0007",2025-03-01,"AA-AA-000-0000"
"0X6937","Site",0,4,0,NA,NA,"Analysis_kri0007",2025-03-01,"AA-AA-000-0000"
"0X707","Site",0,4,0,NA,NA,"Analysis_kri0007",2025-03-01,"AA-AA-000-0000"
"0X8706","Site",0,4,0,NA,NA,"Analysis_kri0007",2025-03-01,"AA-AA-000-0000"
"0X1365","Site",0,3,0,NA,NA,"Analysis_kri0007",2025-03-01,"AA-AA-000-0000"
"0X2460","Site",0,3,0,NA,NA,"Analysis_kri0007",2025-03-01,"AA-AA-000-0000"
"0X2967","Site",0,3,0,NA,NA,"Analysis_kri0007",2025-03-01,"AA-AA-000-0000"
"0X4067","Site",0,3,0,NA,NA,"Analysis_kri0007",2025-03-01,"AA-AA-000-0000"
"0X4148","Site",0,3,0,NA,NA,"Analysis_kri0007",2025-03-01,"AA-AA-000-0000"
"0X5558","Site",0,3,0,NA,NA,"Analysis_kri0007",2025-03-01,"AA-AA-000-0000"
"0X5836","Site",0,3,0,NA,NA,"Analysis_kri0007",2025-03-01,"AA-AA-000-0000"
"0X7604","Site",0,3,0,NA,NA,"Analysis_kri0007",2025-03-01,"AA-AA-000-0000"
"0X8040","Site",0,3,0,NA,NA,"Analysis_kri0007",2025-03-01,"AA-AA-000-0000"
"0X8504","Site",0,3,0,NA,NA,"Analysis_kri0007",2025-03-01,"AA-AA-000-0000"
"0X9626","Site",0,3,0,NA,NA,"Analysis_kri0007",2025-03-01,"AA-AA-000-0000"
"0X1167","Site",0,2,0,NA,NA,"Analysis_kri0007",2025-03-01,"AA-AA-000-0000"
"0X1175","Site",0,2,0,NA,NA,"Analysis_kri0007",2025-03-01,"AA-AA-000-0000"
"0X2873","Site",0,2,0,NA,NA,"Analysis_kri0007",2025-03-01,"AA-AA-000-0000"
"0X3375","Site",0,2,0,NA,NA,"Analysis_kri0007",2025-03-01,"AA-AA-000-0000"
"0X4887","Site",0,2,0,NA,NA,"Analysis_kri0007",2025-03-01,"AA-AA-000-0000"
"0X5053","Site",0,2,0,NA,NA,"Analysis_kri0007",2025-03-01,"AA-AA-000-0000"
"0X6710","Site",0,2,0,NA,NA,"Analysis_kri0007",2025-03-01,"AA-AA-000-0000"
"0X7770","Site",0,2,0,NA,NA,"Analysis_kri0007",2025-03-01,"AA-AA-000-0000"
"0X8213","Site",0,2,0,NA,NA,"Analysis_kri0007",2025-03-01,"AA-AA-000-0000"
"0X8676","Site",0,2,0,NA,NA,"Analysis_kri0007",2025-03-01,"AA-AA-000-0000"
"0X930","Site",0,2,0,NA,NA,"Analysis_kri0007",2025-03-01,"AA-AA-000-0000"
"0X1319","Site",0,1,0,NA,NA,"Analysis_kri0007",2025-03-01,"AA-AA-000-0000"
"0X1713","Site",0,1,0,NA,NA,"Analysis_kri0007",2025-03-01,"AA-AA-000-0000"
"0X2004","Site",0,1,0,NA,NA,"Analysis_kri0007",2025-03-01,"AA-AA-000-0000"
"0X2283","Site",0,1,0,NA,NA,"Analysis_kri0007",2025-03-01,"AA-AA-000-0000"
"0X2587","Site",0,1,0,NA,NA,"Analysis_kri0007",2025-03-01,"AA-AA-000-0000"
"0X3333","Site",0,1,0,NA,NA,"Analysis_kri0007",2025-03-01,"AA-AA-000-0000"
"0X5362","Site",0,1,0,NA,NA,"Analysis_kri0007",2025-03-01,"AA-AA-000-0000"
"0X6074","Site",0,1,0,NA,NA,"Analysis_kri0007",2025-03-01,"AA-AA-000-0000"
"0X8058","Site",0,1,0,NA,NA,"Analysis_kri0007",2025-03-01,"AA-AA-000-0000"
"0X8084","Site",0,1,0,NA,NA,"Analysis_kri0007",2025-03-01,"AA-AA-000-0000"
"0X8997","Site",0,1,0,NA,NA,"Analysis_kri0007",2025-03-01,"AA-AA-000-0000"
"0X9913","Site",0,1,0,NA,NA,"Analysis_kri0007",2025-03-01,"AA-AA-000-0000"
"0X9943","Site",0,1,0,NA,NA,"Analysis_kri0007",2025-03-01,"AA-AA-000-0000"
"0X1012","Site",96,1536,0.0625,0,0,"Analysis_kri0008",2025-03-01,"AA-AA-000-0000"
"0X1070","Site",240,3840,0.0625,0,0,"Analysis_kri0008",2025-03-01,"AA-AA-000-0000"
"0X108","Site",208,3328,0.0625,0,0,"Analysis_kri0008",2025-03-01,"AA-AA-000-0000"
"0X1154","Site",80,1280,0.0625,0,0,"Analysis_kri0008",2025-03-01,"AA-AA-000-0000"
"0X1167","Site",32,512,0.0625,0,0,"Analysis_kri0008",2025-03-01,"AA-AA-000-0000"
"0X1175","Site",48,768,0.0625,0,0,"Analysis_kri0008",2025-03-01,"AA-AA-000-0000"
"0X1185","Site",160,2560,0.0625,0,0,"Analysis_kri0008",2025-03-01,"AA-AA-000-0000"
"0X1365","Site",48,768,0.0625,0,0,"Analysis_kri0008",2025-03-01,"AA-AA-000-0000"
"0X1464","Site",112,1792,0.0625,0,0,"Analysis_kri0008",2025-03-01,"AA-AA-000-0000"
"0X1505","Site",160,2560,0.0625,0,0,"Analysis_kri0008",2025-03-01,"AA-AA-000-0000"
"0X1570","Site",112,1792,0.0625,0,0,"Analysis_kri0008",2025-03-01,"AA-AA-000-0000"
"0X1571","Site",112,1792,0.0625,0,0,"Analysis_kri0008",2025-03-01,"AA-AA-000-0000"
"0X1903","Site",112,1792,0.0625,0,0,"Analysis_kri0008",2025-03-01,"AA-AA-000-0000"
"0X2106","Site",160,2560,0.0625,0,0,"Analysis_kri0008",2025-03-01,"AA-AA-000-0000"
"0X2131","Site",176,2816,0.0625,0,0,"Analysis_kri0008",2025-03-01,"AA-AA-000-0000"
"0X2460","Site",80,1280,0.0625,0,0,"Analysis_kri0008",2025-03-01,"AA-AA-000-0000"
"0X2521","Site",128,2048,0.0625,0,0,"Analysis_kri0008",2025-03-01,"AA-AA-000-0000"
"0X2594","Site",96,1536,0.0625,0,0,"Analysis_kri0008",2025-03-01,"AA-AA-000-0000"
"0X2873","Site",32,512,0.0625,0,0,"Analysis_kri0008",2025-03-01,"AA-AA-000-0000"
"0X2896","Site",144,2304,0.0625,0,0,"Analysis_kri0008",2025-03-01,"AA-AA-000-0000"
"0X2913","Site",48,768,0.0625,0,0,"Analysis_kri0008",2025-03-01,"AA-AA-000-0000"
"0X2967","Site",48,768,0.0625,0,0,"Analysis_kri0008",2025-03-01,"AA-AA-000-0000"
"0X2996","Site",192,3072,0.0625,0,0,"Analysis_kri0008",2025-03-01,"AA-AA-000-0000"
"0X3137","Site",176,2816,0.0625,0,0,"Analysis_kri0008",2025-03-01,"AA-AA-000-0000"
"0X3375","Site",32,512,0.0625,0,0,"Analysis_kri0008",2025-03-01,"AA-AA-000-0000"
"0X3469","Site",64,1024,0.0625,0,0,"Analysis_kri0008",2025-03-01,"AA-AA-000-0000"
"0X3959","Site",144,2304,0.0625,0,0,"Analysis_kri0008",2025-03-01,"AA-AA-000-0000"
"0X4067","Site",48,768,0.0625,0,0,"Analysis_kri0008",2025-03-01,"AA-AA-000-0000"
"0X4131","Site",160,2560,0.0625,0,0,"Analysis_kri0008",2025-03-01,"AA-AA-000-0000"
"0X4148","Site",48,768,0.0625,0,0,"Analysis_kri0008",2025-03-01,"AA-AA-000-0000"
"0X4343","Site",80,1280,0.0625,0,0,"Analysis_kri0008",2025-03-01,"AA-AA-000-0000"
"0X4621","Site",304,4864,0.0625,0,0,"Analysis_kri0008",2025-03-01,"AA-AA-000-0000"
"0X4629","Site",64,1024,0.0625,0,0,"Analysis_kri0008",2025-03-01,"AA-AA-000-0000"
"0X4887","Site",32,512,0.0625,0,0,"Analysis_kri0008",2025-03-01,"AA-AA-000-0000"
"0X5053","Site",32,512,0.0625,0,0,"Analysis_kri0008",2025-03-01,"AA-AA-000-0000"
"0X5111","Site",112,1792,0.0625,0,0,"Analysis_kri0008",2025-03-01,"AA-AA-000-0000"
"0X5171","Site",80,1280,0.0625,0,0,"Analysis_kri0008",2025-03-01,"AA-AA-000-0000"
"0X5512","Site",112,1792,0.0625,0,0,"Analysis_kri0008",2025-03-01,"AA-AA-000-0000"
"0X5558","Site",48,768,0.0625,0,0,"Analysis_kri0008",2025-03-01,"AA-AA-000-0000"
"0X5562","Site",144,2304,0.0625,0,0,"Analysis_kri0008",2025-03-01,"AA-AA-000-0000"
"0X5569","Site",208,3328,0.0625,0,0,"Analysis_kri0008",2025-03-01,"AA-AA-000-0000"
"0X5593","Site",160,2560,0.0625,0,0,"Analysis_kri0008",2025-03-01,"AA-AA-000-0000"
"0X5705","Site",224,3584,0.0625,0,0,"Analysis_kri0008",2025-03-01,"AA-AA-000-0000"
"0X5729","Site",80,1280,0.0625,0,0,"Analysis_kri0008",2025-03-01,"AA-AA-000-0000"
"0X5836","Site",48,768,0.0625,0,0,"Analysis_kri0008",2025-03-01,"AA-AA-000-0000"
"0X6096","Site",64,1024,0.0625,0,0,"Analysis_kri0008",2025-03-01,"AA-AA-000-0000"
"0X6174","Site",128,2048,0.0625,0,0,"Analysis_kri0008",2025-03-01,"AA-AA-000-0000"
"0X6380","Site",64,1024,0.0625,0,0,"Analysis_kri0008",2025-03-01,"AA-AA-000-0000"
"0X6533","Site",240,3840,0.0625,0,0,"Analysis_kri0008",2025-03-01,"AA-AA-000-0000"
"0X6710","Site",32,512,0.0625,0,0,"Analysis_kri0008",2025-03-01,"AA-AA-000-0000"
"0X6774","Site",208,3328,0.0625,0,0,"Analysis_kri0008",2025-03-01,"AA-AA-000-0000"
"0X6937","Site",64,1024,0.0625,0,0,"Analysis_kri0008",2025-03-01,"AA-AA-000-0000"
"0X707","Site",112,1792,0.0625,0,0,"Analysis_kri0008",2025-03-01,"AA-AA-000-0000"
"0X7206","Site",160,2560,0.0625,0,0,"Analysis_kri0008",2025-03-01,"AA-AA-000-0000"
"0X7472","Site",128,2048,0.0625,0,0,"Analysis_kri0008",2025-03-01,"AA-AA-000-0000"
"0X7543","Site",144,2304,0.0625,0,0,"Analysis_kri0008",2025-03-01,"AA-AA-000-0000"
"0X7604","Site",48,768,0.0625,0,0,"Analysis_kri0008",2025-03-01,"AA-AA-000-0000"
"0X7770","Site",32,512,0.0625,0,0,"Analysis_kri0008",2025-03-01,"AA-AA-000-0000"
"0X7795","Site",160,2560,0.0625,0,0,"Analysis_kri0008",2025-03-01,"AA-AA-000-0000"
"0X8040","Site",48,768,0.0625,0,0,"Analysis_kri0008",2025-03-01,"AA-AA-000-0000"
"0X8213","Site",32,512,0.0625,0,0,"Analysis_kri0008",2025-03-01,"AA-AA-000-0000"
"0X8400","Site",176,2816,0.0625,0,0,"Analysis_kri0008",2025-03-01,"AA-AA-000-0000"
"0X8504","Site",48,768,0.0625,0,0,"Analysis_kri0008",2025-03-01,"AA-AA-000-0000"
"0X853","Site",80,1280,0.0625,0,0,"Analysis_kri0008",2025-03-01,"AA-AA-000-0000"
"0X8530","Site",144,2304,0.0625,0,0,"Analysis_kri0008",2025-03-01,"AA-AA-000-0000"
"0X8676","Site",32,512,0.0625,0,0,"Analysis_kri0008",2025-03-01,"AA-AA-000-0000"
"0X8706","Site",64,1024,0.0625,0,0,"Analysis_kri0008",2025-03-01,"AA-AA-000-0000"
"0X8743","Site",112,1792,0.0625,0,0,"Analysis_kri0008",2025-03-01,"AA-AA-000-0000"
"0X8829","Site",112,1792,0.0625,0,0,"Analysis_kri0008",2025-03-01,"AA-AA-000-0000"
"0X8950","Site",112,1792,0.0625,0,0,"Analysis_kri0008",2025-03-01,"AA-AA-000-0000"
"0X9046","Site",128,2048,0.0625,0,0,"Analysis_kri0008",2025-03-01,"AA-AA-000-0000"
"0X9062","Site",144,2304,0.0625,0,0,"Analysis_kri0008",2025-03-01,"AA-AA-000-0000"
"0X9066","Site",224,3584,0.0625,0,0,"Analysis_kri0008",2025-03-01,"AA-AA-000-0000"
"0X9184","Site",112,1792,0.0625,0,0,"Analysis_kri0008",2025-03-01,"AA-AA-000-0000"
"0X930","Site",32,512,0.0625,0,0,"Analysis_kri0008",2025-03-01,"AA-AA-000-0000"
"0X9595","Site",192,3072,0.0625,0,0,"Analysis_kri0008",2025-03-01,"AA-AA-000-0000"
"0X9626","Site",48,768,0.0625,0,0,"Analysis_kri0008",2025-03-01,"AA-AA-000-0000"
"0X9779","Site",192,3072,0.0625,0,0,"Analysis_kri0008",2025-03-01,"AA-AA-000-0000"
"0X9845","Site",256,4096,0.0625,0,0,"Analysis_kri0008",2025-03-01,"AA-AA-000-0000"
"0X1319","Site",16,256,0.0625,NA,NA,"Analysis_kri0008",2025-03-01,"AA-AA-000-0000"
"0X1713","Site",16,256,0.0625,NA,NA,"Analysis_kri0008",2025-03-01,"AA-AA-000-0000"
"0X2004","Site",16,256,0.0625,NA,NA,"Analysis_kri0008",2025-03-01,"AA-AA-000-0000"
"0X2283","Site",16,256,0.0625,NA,NA,"Analysis_kri0008",2025-03-01,"AA-AA-000-0000"
"0X2587","Site",16,256,0.0625,NA,NA,"Analysis_kri0008",2025-03-01,"AA-AA-000-0000"
"0X3333","Site",16,256,0.0625,NA,NA,"Analysis_kri0008",2025-03-01,"AA-AA-000-0000"
"0X5362","Site",16,256,0.0625,NA,NA,"Analysis_kri0008",2025-03-01,"AA-AA-000-0000"
"0X6074","Site",16,256,0.0625,NA,NA,"Analysis_kri0008",2025-03-01,"AA-AA-000-0000"
"0X8058","Site",16,256,0.0625,NA,NA,"Analysis_kri0008",2025-03-01,"AA-AA-000-0000"
"0X8084","Site",16,256,0.0625,NA,NA,"Analysis_kri0008",2025-03-01,"AA-AA-000-0000"
"0X8997","Site",16,256,0.0625,NA,NA,"Analysis_kri0008",2025-03-01,"AA-AA-000-0000"
"0X9913","Site",16,256,0.0625,NA,NA,"Analysis_kri0008",2025-03-01,"AA-AA-000-0000"
"0X9943","Site",16,256,0.0625,NA,NA,"Analysis_kri0008",2025-03-01,"AA-AA-000-0000"
"0X2460","Site",68,80,0.85,2.42526776269617,1,"Analysis_kri0009",2025-03-01,"AA-AA-000-0000"
"0X5171","Site",68,80,0.85,2.42526776269617,1,"Analysis_kri0009",2025-03-01,"AA-AA-000-0000"
"0X5729","Site",64,80,0.8,1.28290240096263,0,"Analysis_kri0009",2025-03-01,"AA-AA-000-0000"
"0X4131","Site",128,160,0.8,1.81429797464235,0,"Analysis_kri0009",2025-03-01,"AA-AA-000-0000"
"0X108","Site",166,208,0.798076923076923,1.99777147227109,0,"Analysis_kri0009",2025-03-01,"AA-AA-000-0000"
"0X1175","Site",38,48,0.791666666666667,0.846253192704944,0,"Analysis_kri0009",2025-03-01,"AA-AA-000-0000"
"0X5562","Site",114,144,0.791666666666667,1.46575352583234,0,"Analysis_kri0009",2025-03-01,"AA-AA-000-0000"
"0X9046","Site",101,128,0.7890625,1.30666575056968,0,"Analysis_kri0009",2025-03-01,"AA-AA-000-0000"
"0X1070","Site",189,240,0.7875,1.72739342778704,0,"Analysis_kri0009",2025-03-01,"AA-AA-000-0000"
"0X6937","Site",50,64,0.78125,0.764301800223448,0,"Analysis_kri0009",2025-03-01,"AA-AA-000-0000"
"0X9779","Site",150,192,0.78125,1.32380955030337,0,"Analysis_kri0009",2025-03-01,"AA-AA-000-0000"
"0X5558","Site",37,48,0.770833333333333,0.477556357598427,0,"Analysis_kri0009",2025-03-01,"AA-AA-000-0000"
"0X8040","Site",37,48,0.770833333333333,0.477556357598427,0,"Analysis_kri0009",2025-03-01,"AA-AA-000-0000"
"0X8504","Site",37,48,0.770833333333333,0.477556357598427,0,"Analysis_kri0009",2025-03-01,"AA-AA-000-0000"
"0X9626","Site",37,48,0.770833333333333,0.477556357598427,0,"Analysis_kri0009",2025-03-01,"AA-AA-000-0000"
"0X2594","Site",74,96,0.770833333333333,0.67536667771319,0,"Analysis_kri0009",2025-03-01,"AA-AA-000-0000"
"0X3137","Site",135,176,0.767045454545455,0.786087042864972,0,"Analysis_kri0009",2025-03-01,"AA-AA-000-0000"
"0X3959","Site",110,144,0.763888888888889,0.614284657839892,0,"Analysis_kri0009",2025-03-01,"AA-AA-000-0000"
"0X8400","Site",134,176,0.761363636363636,0.593541400424089,0,"Analysis_kri0009",2025-03-01,"AA-AA-000-0000"
"0X6774","Site",158,208,0.759615384615385,0.580841627805834,0,"Analysis_kri0009",2025-03-01,"AA-AA-000-0000"
"0X5593","Site",121,160,0.75625,0.400692960362131,0,"Analysis_kri0009",2025-03-01,"AA-AA-000-0000"
"0X2913","Site",36,48,0.75,0.108859522491907,0,"Analysis_kri0009",2025-03-01,"AA-AA-000-0000"
"0X7604","Site",36,48,0.75,0.108859522491907,0,"Analysis_kri0009",2025-03-01,"AA-AA-000-0000"
"0X4629","Site",48,64,0.75,0.125700149229114,0,"Analysis_kri0009",2025-03-01,"AA-AA-000-0000"
"0X6096","Site",48,64,0.75,0.125700149229114,0,"Analysis_kri0009",2025-03-01,"AA-AA-000-0000"
"0X8706","Site",48,64,0.75,0.125700149229114,0,"Analysis_kri0009",2025-03-01,"AA-AA-000-0000"
"0X1570","Site",84,112,0.75,0.166285667311971,0,"Analysis_kri0009",2025-03-01,"AA-AA-000-0000"
"0X707","Site",84,112,0.75,0.166285667311971,0,"Analysis_kri0009",2025-03-01,"AA-AA-000-0000"
"0X1505","Site",120,160,0.75,0.198749386893529,0,"Analysis_kri0009",2025-03-01,"AA-AA-000-0000"
"0X2996","Site",144,192,0.75,0.217719044983815,0,"Analysis_kri0009",2025-03-01,"AA-AA-000-0000"
"0X6533","Site",180,240,0.75,0.243417292290072,0,"Analysis_kri0009",2025-03-01,"AA-AA-000-0000"
"0X9066","Site",167,224,0.745535714285714,0.0644899756087799,0,"Analysis_kri0009",2025-03-01,"AA-AA-000-0000"
"0X1185","Site",119,160,0.74375,-0.00319418657507349,0,"Analysis_kri0009",2025-03-01,"AA-AA-000-0000"
"0X2521","Site",95,128,0.7421875,-0.0480129231153752,0,"Analysis_kri0009",2025-03-01,"AA-AA-000-0000"
"0X1464","Site",83,112,0.741071428571429,-0.0750830691689244,0,"Analysis_kri0009",2025-03-01,"AA-AA-000-0000"
"0X9595","Site",142,192,0.739583333333333,-0.150977790122703,0,"Analysis_kri0009",2025-03-01,"AA-AA-000-0000"
"0X1012","Site",71,96,0.739583333333333,-0.106757419204322,0,"Analysis_kri0009",2025-03-01,"AA-AA-000-0000"
"0X7795","Site",118,160,0.7375,-0.205137760043676,0,"Analysis_kri0009",2025-03-01,"AA-AA-000-0000"
"0X5705","Site",165,224,0.736607142857143,-0.27685696505536,0,"Analysis_kri0009",2025-03-01,"AA-AA-000-0000"
"0X7543","Site",106,144,0.736111111111111,-0.237184210152551,0,"Analysis_kri0009",2025-03-01,"AA-AA-000-0000"
"0X7206","Site",117,160,0.73125,-0.407081333512281,0,"Analysis_kri0009",2025-03-01,"AA-AA-000-0000"
"0X5569","Site",152,208,0.730769230769231,-0.481855755543105,0,"Analysis_kri0009",2025-03-01,"AA-AA-000-0000"
"0X2967","Site",35,48,0.729166666666667,-0.259837312614612,0,"Analysis_kri0009",2025-03-01,"AA-AA-000-0000"
"0X5836","Site",35,48,0.729166666666667,-0.259837312614612,0,"Analysis_kri0009",2025-03-01,"AA-AA-000-0000"
"0X4621","Site",221,304,0.726973684210526,-0.751579741057879,0,"Analysis_kri0009",2025-03-01,"AA-AA-000-0000"
"0X9845","Site",186,256,0.7265625,-0.706502178033275,0,"Analysis_kri0009",2025-03-01,"AA-AA-000-0000"
"0X2106","Site",116,160,0.725,-0.609024906980884,0,"Analysis_kri0009",2025-03-01,"AA-AA-000-0000"
"0X853","Site",58,80,0.725,-0.430645641637689,0,"Analysis_kri0009",2025-03-01,"AA-AA-000-0000"
"0X8829","Site",81,112,0.723214285714286,-0.557820542130718,0,"Analysis_kri0009",2025-03-01,"AA-AA-000-0000"
"0X8950","Site",81,112,0.723214285714286,-0.557820542130718,0,"Analysis_kri0009",2025-03-01,"AA-AA-000-0000"
"0X2896","Site",104,144,0.722222222222222,-0.662918644148776,0,"Analysis_kri0009",2025-03-01,"AA-AA-000-0000"
"0X2131","Site",127,176,0.721590909090909,-0.754278096662083,0,"Analysis_kri0009",2025-03-01,"AA-AA-000-0000"
"0X7472","Site",92,128,0.71875,-0.725352259957904,0,"Analysis_kri0009",2025-03-01,"AA-AA-000-0000"
"0X8530","Site",103,144,0.715277777777778,-0.875785861146887,0,"Analysis_kri0009",2025-03-01,"AA-AA-000-0000"
"0X5512","Site",80,112,0.714285714285714,-0.799189278611613,0,"Analysis_kri0009",2025-03-01,"AA-AA-000-0000"
"0X8743","Site",80,112,0.714285714285714,-0.799189278611613,0,"Analysis_kri0009",2025-03-01,"AA-AA-000-0000"
"0X1154","Site",57,80,0.7125,-0.716236982071074,0,"Analysis_kri0009",2025-03-01,"AA-AA-000-0000"
"0X1365","Site",34,48,0.708333333333333,-0.628534147721129,0,"Analysis_kri0009",2025-03-01,"AA-AA-000-0000"
"0X1903","Site",79,112,0.705357142857143,-1.04055801509251,0,"Analysis_kri0009",2025-03-01,"AA-AA-000-0000"
"0X5111","Site",79,112,0.705357142857143,-1.04055801509251,0,"Analysis_kri0009",2025-03-01,"AA-AA-000-0000"
"0X6174","Site",90,128,0.703125,-1.17691181785292,0,"Analysis_kri0009",2025-03-01,"AA-AA-000-0000"
"0X3469","Site",45,64,0.703125,-0.832202327262389,0,"Analysis_kri0009",2025-03-01,"AA-AA-000-0000"
"0X4343","Site",56,80,0.7,-1.00182832250446,0,"Analysis_kri0009",2025-03-01,"AA-AA-000-0000"
"0X1571","Site",78,112,0.696428571428571,-1.28192675157341,0,"Analysis_kri0009",2025-03-01,"AA-AA-000-0000"
"0X9062","Site",100,144,0.694444444444444,-1.51438751214122,0,"Analysis_kri0009",2025-03-01,"AA-AA-000-0000"
"0X9184","Site",77,112,0.6875,-1.5232954880543,0,"Analysis_kri0009",2025-03-01,"AA-AA-000-0000"
"0X6380","Site",43,64,0.671875,-1.47080397825672,0,"Analysis_kri0009",2025-03-01,"AA-AA-000-0000"
"0X4148","Site",32,48,0.666666666666667,-1.36592781793417,0,"Analysis_kri0009",2025-03-01,"AA-AA-000-0000"
"0X2587","Site",15,16,0.9375,NA,NA,"Analysis_kri0009",2025-03-01,"AA-AA-000-0000"
"0X3375","Site",29,32,0.90625,NA,NA,"Analysis_kri0009",2025-03-01,"AA-AA-000-0000"
"0X5362","Site",14,16,0.875,NA,NA,"Analysis_kri0009",2025-03-01,"AA-AA-000-0000"
"0X2873","Site",28,32,0.875,NA,NA,"Analysis_kri0009",2025-03-01,"AA-AA-000-0000"
"0X2283","Site",13,16,0.8125,NA,NA,"Analysis_kri0009",2025-03-01,"AA-AA-000-0000"
"0X8997","Site",13,16,0.8125,NA,NA,"Analysis_kri0009",2025-03-01,"AA-AA-000-0000"
"0X8676","Site",26,32,0.8125,NA,NA,"Analysis_kri0009",2025-03-01,"AA-AA-000-0000"
"0X7770","Site",25,32,0.78125,NA,NA,"Analysis_kri0009",2025-03-01,"AA-AA-000-0000"
"0X1319","Site",12,16,0.75,NA,NA,"Analysis_kri0009",2025-03-01,"AA-AA-000-0000"
"0X8084","Site",12,16,0.75,NA,NA,"Analysis_kri0009",2025-03-01,"AA-AA-000-0000"
"0X5053","Site",24,32,0.75,NA,NA,"Analysis_kri0009",2025-03-01,"AA-AA-000-0000"
"0X4887","Site",23,32,0.71875,NA,NA,"Analysis_kri0009",2025-03-01,"AA-AA-000-0000"
"0X6710","Site",23,32,0.71875,NA,NA,"Analysis_kri0009",2025-03-01,"AA-AA-000-0000"
"0X8213","Site",23,32,0.71875,NA,NA,"Analysis_kri0009",2025-03-01,"AA-AA-000-0000"
"0X1167","Site",22,32,0.6875,NA,NA,"Analysis_kri0009",2025-03-01,"AA-AA-000-0000"
"0X930","Site",22,32,0.6875,NA,NA,"Analysis_kri0009",2025-03-01,"AA-AA-000-0000"
"0X6074","Site",11,16,0.6875,NA,NA,"Analysis_kri0009",2025-03-01,"AA-AA-000-0000"
"0X9913","Site",11,16,0.6875,NA,NA,"Analysis_kri0009",2025-03-01,"AA-AA-000-0000"
"0X2004","Site",10,16,0.625,NA,NA,"Analysis_kri0009",2025-03-01,"AA-AA-000-0000"
"0X3333","Site",10,16,0.625,NA,NA,"Analysis_kri0009",2025-03-01,"AA-AA-000-0000"
"0X8058","Site",10,16,0.625,NA,NA,"Analysis_kri0009",2025-03-01,"AA-AA-000-0000"
"0X9943","Site",10,16,0.625,NA,NA,"Analysis_kri0009",2025-03-01,"AA-AA-000-0000"
"0X4067","Site",29,48,0.604166666666667,NA,NA,"Analysis_kri0009",2025-03-01,"AA-AA-000-0000"
"0X1713","Site",9,16,0.5625,NA,NA,"Analysis_kri0009",2025-03-01,"AA-AA-000-0000"
"0X9913","Site",1,64,0.015625,NA,NA,"Analysis_kri0010",2025-03-01,"AA-AA-000-0000"
"0X2873","Site",2,128,0.015625,NA,NA,"Analysis_kri0010",2025-03-01,"AA-AA-000-0000"
"0X5729","Site",3,320,0.009375,NA,NA,"Analysis_kri0010",2025-03-01,"AA-AA-000-0000"
"0X4887","Site",1,128,0.0078125,NA,NA,"Analysis_kri0010",2025-03-01,"AA-AA-000-0000"
"0X6710","Site",1,128,0.0078125,NA,NA,"Analysis_kri0010",2025-03-01,"AA-AA-000-0000"
"0X2106","Site",4,640,0.00625,NA,NA,"Analysis_kri0010",2025-03-01,"AA-AA-000-0000"
"0X2913","Site",1,192,0.00520833333333333,NA,NA,"Analysis_kri0010",2025-03-01,"AA-AA-000-0000"
"0X7206","Site",3,640,0.0046875,NA,NA,"Analysis_kri0010",2025-03-01,"AA-AA-000-0000"
"0X5512","Site",2,448,0.00446428571428571,NA,NA,"Analysis_kri0010",2025-03-01,"AA-AA-000-0000"
"0X2131","Site",3,704,0.00426136363636364,NA,NA,"Analysis_kri0010",2025-03-01,"AA-AA-000-0000"
"0X3469","Site",1,256,0.00390625,NA,NA,"Analysis_kri0010",2025-03-01,"AA-AA-000-0000"
"0X4629","Site",1,256,0.00390625,NA,NA,"Analysis_kri0010",2025-03-01,"AA-AA-000-0000"
"0X6937","Site",1,256,0.00390625,NA,NA,"Analysis_kri0010",2025-03-01,"AA-AA-000-0000"
"0X9062","Site",2,576,0.00347222222222222,NA,NA,"Analysis_kri0010",2025-03-01,"AA-AA-000-0000"
"0X1154","Site",1,320,0.003125,NA,NA,"Analysis_kri0010",2025-03-01,"AA-AA-000-0000"
"0X2460","Site",1,320,0.003125,NA,NA,"Analysis_kri0010",2025-03-01,"AA-AA-000-0000"
"0X4343","Site",1,320,0.003125,NA,NA,"Analysis_kri0010",2025-03-01,"AA-AA-000-0000"
"0X853","Site",1,320,0.003125,NA,NA,"Analysis_kri0010",2025-03-01,"AA-AA-000-0000"
"0X1185","Site",2,640,0.003125,NA,NA,"Analysis_kri0010",2025-03-01,"AA-AA-000-0000"
"0X1505","Site",2,640,0.003125,NA,NA,"Analysis_kri0010",2025-03-01,"AA-AA-000-0000"
"0X4131","Site",2,640,0.003125,NA,NA,"Analysis_kri0010",2025-03-01,"AA-AA-000-0000"
"0X5593","Site",2,640,0.003125,NA,NA,"Analysis_kri0010",2025-03-01,"AA-AA-000-0000"
"0X9845","Site",3,1024,0.0029296875,NA,NA,"Analysis_kri0010",2025-03-01,"AA-AA-000-0000"
"0X3137","Site",2,704,0.00284090909090909,NA,NA,"Analysis_kri0010",2025-03-01,"AA-AA-000-0000"
"0X9595","Site",2,768,0.00260416666666667,NA,NA,"Analysis_kri0010",2025-03-01,"AA-AA-000-0000"
"0X108","Site",2,832,0.00240384615384615,NA,NA,"Analysis_kri0010",2025-03-01,"AA-AA-000-0000"
"0X1464","Site",1,448,0.00223214285714286,NA,NA,"Analysis_kri0010",2025-03-01,"AA-AA-000-0000"
"0X1903","Site",1,448,0.00223214285714286,NA,NA,"Analysis_kri0010",2025-03-01,"AA-AA-000-0000"
"0X8743","Site",1,448,0.00223214285714286,NA,NA,"Analysis_kri0010",2025-03-01,"AA-AA-000-0000"
"0X3959","Site",1,576,0.00173611111111111,NA,NA,"Analysis_kri0010",2025-03-01,"AA-AA-000-0000"
"0X8530","Site",1,576,0.00173611111111111,NA,NA,"Analysis_kri0010",2025-03-01,"AA-AA-000-0000"
"0X4621","Site",2,1216,0.00164473684210526,NA,NA,"Analysis_kri0010",2025-03-01,"AA-AA-000-0000"
"0X5569","Site",1,832,0.00120192307692308,NA,NA,"Analysis_kri0010",2025-03-01,"AA-AA-000-0000"
"0X5705","Site",1,896,0.00111607142857143,NA,NA,"Analysis_kri0010",2025-03-01,"AA-AA-000-0000"
"0X9066","Site",1,896,0.00111607142857143,NA,NA,"Analysis_kri0010",2025-03-01,"AA-AA-000-0000"
"0X6533","Site",1,960,0.00104166666666667,NA,NA,"Analysis_kri0010",2025-03-01,"AA-AA-000-0000"
"0X1070","Site",0,960,0,NA,NA,"Analysis_kri0010",2025-03-01,"AA-AA-000-0000"
"0X6774","Site",0,832,0,NA,NA,"Analysis_kri0010",2025-03-01,"AA-AA-000-0000"
"0X2996","Site",0,768,0,NA,NA,"Analysis_kri0010",2025-03-01,"AA-AA-000-0000"
"0X9779","Site",0,768,0,NA,NA,"Analysis_kri0010",2025-03-01,"AA-AA-000-0000"
"0X8400","Site",0,704,0,NA,NA,"Analysis_kri0010",2025-03-01,"AA-AA-000-0000"
"0X7795","Site",0,640,0,NA,NA,"Analysis_kri0010",2025-03-01,"AA-AA-000-0000"
"0X2896","Site",0,576,0,NA,NA,"Analysis_kri0010",2025-03-01,"AA-AA-000-0000"
"0X5562","Site",0,576,0,NA,NA,"Analysis_kri0010",2025-03-01,"AA-AA-000-0000"
"0X7543","Site",0,576,0,NA,NA,"Analysis_kri0010",2025-03-01,"AA-AA-000-0000"
"0X2521","Site",0,512,0,NA,NA,"Analysis_kri0010",2025-03-01,"AA-AA-000-0000"
"0X6174","Site",0,512,0,NA,NA,"Analysis_kri0010",2025-03-01,"AA-AA-000-0000"
"0X7472","Site",0,512,0,NA,NA,"Analysis_kri0010",2025-03-01,"AA-AA-000-0000"
"0X9046","Site",0,512,0,NA,NA,"Analysis_kri0010",2025-03-01,"AA-AA-000-0000"
"0X1570","Site",0,448,0,NA,NA,"Analysis_kri0010",2025-03-01,"AA-AA-000-0000"
"0X1571","Site",0,448,0,NA,NA,"Analysis_kri0010",2025-03-01,"AA-AA-000-0000"
"0X5111","Site",0,448,0,NA,NA,"Analysis_kri0010",2025-03-01,"AA-AA-000-0000"
"0X707","Site",0,448,0,NA,NA,"Analysis_kri0010",2025-03-01,"AA-AA-000-0000"
"0X8829","Site",0,448,0,NA,NA,"Analysis_kri0010",2025-03-01,"AA-AA-000-0000"
"0X8950","Site",0,448,0,NA,NA,"Analysis_kri0010",2025-03-01,"AA-AA-000-0000"
"0X9184","Site",0,448,0,NA,NA,"Analysis_kri0010",2025-03-01,"AA-AA-000-0000"
"0X1012","Site",0,384,0,NA,NA,"Analysis_kri0010",2025-03-01,"AA-AA-000-0000"
"0X2594","Site",0,384,0,NA,NA,"Analysis_kri0010",2025-03-01,"AA-AA-000-0000"
"0X5171","Site",0,320,0,NA,NA,"Analysis_kri0010",2025-03-01,"AA-AA-000-0000"
"0X6096","Site",0,256,0,NA,NA,"Analysis_kri0010",2025-03-01,"AA-AA-000-0000"
"0X6380","Site",0,256,0,NA,NA,"Analysis_kri0010",2025-03-01,"AA-AA-000-0000"
"0X8706","Site",0,256,0,NA,NA,"Analysis_kri0010",2025-03-01,"AA-AA-000-0000"
"0X1175","Site",0,192,0,NA,NA,"Analysis_kri0010",2025-03-01,"AA-AA-000-0000"
"0X1365","Site",0,192,0,NA,NA,"Analysis_kri0010",2025-03-01,"AA-AA-000-0000"
"0X2967","Site",0,192,0,NA,NA,"Analysis_kri0010",2025-03-01,"AA-AA-000-0000"
"0X4067","Site",0,192,0,NA,NA,"Analysis_kri0010",2025-03-01,"AA-AA-000-0000"
"0X4148","Site",0,192,0,NA,NA,"Analysis_kri0010",2025-03-01,"AA-AA-000-0000"
"0X5558","Site",0,192,0,NA,NA,"Analysis_kri0010",2025-03-01,"AA-AA-000-0000"
"0X5836","Site",0,192,0,NA,NA,"Analysis_kri0010",2025-03-01,"AA-AA-000-0000"
"0X7604","Site",0,192,0,NA,NA,"Analysis_kri0010",2025-03-01,"AA-AA-000-0000"
"0X8040","Site",0,192,0,NA,NA,"Analysis_kri0010",2025-03-01,"AA-AA-000-0000"
"0X8504","Site",0,192,0,NA,NA,"Analysis_kri0010",2025-03-01,"AA-AA-000-0000"
"0X9626","Site",0,192,0,NA,NA,"Analysis_kri0010",2025-03-01,"AA-AA-000-0000"
"0X1167","Site",0,128,0,NA,NA,"Analysis_kri0010",2025-03-01,"AA-AA-000-0000"
"0X3375","Site",0,128,0,NA,NA,"Analysis_kri0010",2025-03-01,"AA-AA-000-0000"
"0X5053","Site",0,128,0,NA,NA,"Analysis_kri0010",2025-03-01,"AA-AA-000-0000"
"0X7770","Site",0,128,0,NA,NA,"Analysis_kri0010",2025-03-01,"AA-AA-000-0000"
"0X8213","Site",0,128,0,NA,NA,"Analysis_kri0010",2025-03-01,"AA-AA-000-0000"
"0X8676","Site",0,128,0,NA,NA,"Analysis_kri0010",2025-03-01,"AA-AA-000-0000"
"0X930","Site",0,128,0,NA,NA,"Analysis_kri0010",2025-03-01,"AA-AA-000-0000"
"0X1319","Site",0,64,0,NA,NA,"Analysis_kri0010",2025-03-01,"AA-AA-000-0000"
"0X1713","Site",0,64,0,NA,NA,"Analysis_kri0010",2025-03-01,"AA-AA-000-0000"
"0X2004","Site",0,64,0,NA,NA,"Analysis_kri0010",2025-03-01,"AA-AA-000-0000"
"0X2283","Site",0,64,0,NA,NA,"Analysis_kri0010",2025-03-01,"AA-AA-000-0000"
"0X2587","Site",0,64,0,NA,NA,"Analysis_kri0010",2025-03-01,"AA-AA-000-0000"
"0X3333","Site",0,64,0,NA,NA,"Analysis_kri0010",2025-03-01,"AA-AA-000-0000"
"0X5362","Site",0,64,0,NA,NA,"Analysis_kri0010",2025-03-01,"AA-AA-000-0000"
"0X6074","Site",0,64,0,NA,NA,"Analysis_kri0010",2025-03-01,"AA-AA-000-0000"
"0X8058","Site",0,64,0,NA,NA,"Analysis_kri0010",2025-03-01,"AA-AA-000-0000"
"0X8084","Site",0,64,0,NA,NA,"Analysis_kri0010",2025-03-01,"AA-AA-000-0000"
"0X8997","Site",0,64,0,NA,NA,"Analysis_kri0010",2025-03-01,"AA-AA-000-0000"
"0X9943","Site",0,64,0,NA,NA,"Analysis_kri0010",2025-03-01,"AA-AA-000-0000"
"0X4067","Site",553,768,0.720052083333333,2.77004783430828,1,"Analysis_kri0011",2025-03-01,"AA-AA-000-0000"
"0X2521","Site",1421,2048,0.69384765625,2.03720580790801,1,"Analysis_kri0011",2025-03-01,"AA-AA-000-0000"
"0X8058","Site",186,256,0.7265625,1.81767962481443,0,"Analysis_kri0011",2025-03-01,"AA-AA-000-0000"
"0X9913","Site",185,256,0.72265625,1.68664456760938,0,"Analysis_kri0011",2025-03-01,"AA-AA-000-0000"
"0X6074","Site",183,256,0.71484375,1.4245744531993,0,"Analysis_kri0011",2025-03-01,"AA-AA-000-0000"
"0X3333","Site",181,256,0.70703125,1.16250433878921,0,"Analysis_kri0011",2025-03-01,"AA-AA-000-0000"
"0X1713","Site",180,256,0.703125,1.03146928158417,0,"Analysis_kri0011",2025-03-01,"AA-AA-000-0000"
"0X2587","Site",178,256,0.6953125,0.769399167174079,0,"Analysis_kri0011",2025-03-01,"AA-AA-000-0000"
"0X1154","Site",886,1280,0.6921875,1.48602620335612,0,"Analysis_kri0011",2025-03-01,"AA-AA-000-0000"
"0X7206","Site",1766,2560,0.68984375,1.85293687036899,0,"Analysis_kri0011",2025-03-01,"AA-AA-000-0000"
"0X1571","Site",1236,1792,0.689732142857143,1.54037289186045,0,"Analysis_kri0011",2025-03-01,"AA-AA-000-0000"
"0X6174","Site",1412,2048,0.689453125,1.62025480905517,0,"Analysis_kri0011",2025-03-01,"AA-AA-000-0000"
"0X5558","Site",529,768,0.688802083333333,0.954372821093638,0,"Analysis_kri0011",2025-03-01,"AA-AA-000-0000"
"0X3137","Site",1939,2816,0.688565340909091,1.80114578211873,0,"Analysis_kri0011",2025-03-01,"AA-AA-000-0000"
"0X2106","Site",1761,2560,0.687890625,1.64575225331979,0,"Analysis_kri0011",2025-03-01,"AA-AA-000-0000"
"0X9943","Site",176,256,0.6875,0.507329052763992,0,"Analysis_kri0011",2025-03-01,"AA-AA-000-0000"
"0X5512","Site",1230,1792,0.686383928571429,1.24321331380702,0,"Analysis_kri0011",2025-03-01,"AA-AA-000-0000"
"0X6096","Site",702,1024,0.685546875,0.883623048322941,0,"Analysis_kri0011",2025-03-01,"AA-AA-000-0000"
"0X4343","Site",877,1280,0.68515625,0.958620271733235,0,"Analysis_kri0011",2025-03-01,"AA-AA-000-0000"
"0X1464","Site",1227,1792,0.684709821428571,1.09463352478029,0,"Analysis_kri0011",2025-03-01,"AA-AA-000-0000"
"0X6380","Site",700,1024,0.68359375,0.752587991117897,0,"Analysis_kri0011",2025-03-01,"AA-AA-000-0000"
"0X8743","Site",1223,1792,0.682477678571429,0.896527139411348,0,"Analysis_kri0011",2025-03-01,"AA-AA-000-0000"
"0X5111","Site",1222,1792,0.681919642857143,0.847000543069111,0,"Analysis_kri0011",2025-03-01,"AA-AA-000-0000"
"0X2896","Site",1568,2304,0.680555555555556,0.82313351986508,0,"Analysis_kri0011",2025-03-01,"AA-AA-000-0000"
"0X7795","Site",1742,2560,0.68046875,0.858450708532841,0,"Analysis_kri0011",2025-03-01,"AA-AA-000-0000"
"0X6774","Site",2264,3328,0.680288461538462,0.956978849944891,0,"Analysis_kri0011",2025-03-01,"AA-AA-000-0000"
"0X1319","Site",174,256,0.6796875,0.245258938353905,0,"Analysis_kri0011",2025-03-01,"AA-AA-000-0000"
"0X5362","Site",174,256,0.6796875,0.245258938353905,0,"Analysis_kri0011",2025-03-01,"AA-AA-000-0000"
"0X7604","Site",522,768,0.6796875,0.424800942239366,0,"Analysis_kri0011",2025-03-01,"AA-AA-000-0000"
"0X4148","Site",521,768,0.678385416666667,0.349147816688754,0,"Analysis_kri0011",2025-03-01,"AA-AA-000-0000"
"0X5836","Site",521,768,0.678385416666667,0.349147816688754,0,"Analysis_kri0011",2025-03-01,"AA-AA-000-0000"
"0X108","Site",2257,3328,0.678185096153846,0.70258074814081,0,"Analysis_kri0011",2025-03-01,"AA-AA-000-0000"
"0X5729","Site",868,1280,0.678125,0.43121434011034,0,"Analysis_kri0011",2025-03-01,"AA-AA-000-0000"
"0X7543","Site",1559,2304,0.676649305555556,0.430028348249949,0,"Analysis_kri0011",2025-03-01,"AA-AA-000-0000"
"0X8997","Site",173,256,0.67578125,0.114223881148861,0,"Analysis_kri0011",2025-03-01,"AA-AA-000-0000"
"0X8213","Site",346,512,0.67578125,0.161536961867612,0,"Analysis_kri0011",2025-03-01,"AA-AA-000-0000"
"0X2460","Site",865,1280,0.67578125,0.255412362902711,0,"Analysis_kri0011",2025-03-01,"AA-AA-000-0000"
"0X1012","Site",1038,1536,0.67578125,0.279790225255021,0,"Analysis_kri0011",2025-03-01,"AA-AA-000-0000"
"0X8504","Site",518,768,0.674479166666667,0.122188440036925,0,"Analysis_kri0011",2025-03-01,"AA-AA-000-0000"
"0X2996","Site",2071,3072,0.674153645833333,0.206550317298553,0,"Analysis_kri0011",2025-03-01,"AA-AA-000-0000"
"0X6937","Site",690,1024,0.673828125,0.097412705092679,0,"Analysis_kri0011",2025-03-01,"AA-AA-000-0000"
"0X9066","Site",2413,3584,0.673270089285714,0.112201299542458,0,"Analysis_kri0011",2025-03-01,"AA-AA-000-0000"
"0X1570","Site",1206,1792,0.672991071428571,0.0545750015932917,0,"Analysis_kri0011",2025-03-01,"AA-AA-000-0000"
"0X707","Site",1206,1792,0.672991071428571,0.0545750015932917,0,"Analysis_kri0011",2025-03-01,"AA-AA-000-0000"
"0X9845","Site",2756,4096,0.6728515625,0.0637903529803144,0,"Analysis_kri0011",2025-03-01,"AA-AA-000-0000"
"0X9595","Site",2066,3072,0.672526041666667,0.0174175034220194,0,"Analysis_kri0011",2025-03-01,"AA-AA-000-0000"
"0X1365","Site",516,768,0.671875,-0.0291178110642931,0,"Analysis_kri0011",2025-03-01,"AA-AA-000-0000"
"0X4887","Site",344,512,0.671875,-0.0237745931780948,0,"Analysis_kri0011",2025-03-01,"AA-AA-000-0000"
"0X5562","Site",1546,2304,0.671006944444444,-0.137790232971912,0,"Analysis_kri0011",2025-03-01,"AA-AA-000-0000"
"0X9184","Site",1202,1792,0.670758928571429,-0.143531383775656,0,"Analysis_kri0011",2025-03-01,"AA-AA-000-0000"
"0X4131","Site",1717,2560,0.670703125,-0.177472376713146,0,"Analysis_kri0011",2025-03-01,"AA-AA-000-0000"
"0X1175","Site",515,768,0.670572916666667,-0.104770936614905,0,"Analysis_kri0011",2025-03-01,"AA-AA-000-0000"
"0X8400","Site",1888,2816,0.670454545454545,-0.213790588401835,0,"Analysis_kri0011",2025-03-01,"AA-AA-000-0000"
"0X4621","Site",3261,4864,0.670435855263158,-0.283708744231238,0,"Analysis_kri0011",2025-03-01,"AA-AA-000-0000"
"0X7472","Site",1373,2048,0.67041015625,-0.18653285264047,0,"Analysis_kri0011",2025-03-01,"AA-AA-000-0000"
"0X8530","Site",1544,2304,0.670138888888889,-0.225146937775277,0,"Analysis_kri0011",2025-03-01,"AA-AA-000-0000"
"0X4629","Site",686,1024,0.669921875,-0.164657409317408,0,"Analysis_kri0011",2025-03-01,"AA-AA-000-0000"
"0X5053","Site",343,512,0.669921875,-0.116430370700948,0,"Analysis_kri0011",2025-03-01,"AA-AA-000-0000"
"0X3959","Site",1541,2304,0.668836805555556,-0.356181994980313,0,"Analysis_kri0011",2025-03-01,"AA-AA-000-0000"
"0X2594","Site",1026,1536,0.66796875,-0.362147831882502,0,"Analysis_kri0011",2025-03-01,"AA-AA-000-0000"
"0X6710","Site",342,512,0.66796875,-0.209086148223802,0,"Analysis_kri0011",2025-03-01,"AA-AA-000-0000"
"0X1070","Site",2564,3840,0.667708333333333,-0.606439105508521,0,"Analysis_kri0011",2025-03-01,"AA-AA-000-0000"
"0X8950","Site",1195,1792,0.666852678571429,-0.490217558171323,0,"Analysis_kri0011",2025-03-01,"AA-AA-000-0000"
"0X9779","Site",2046,3072,0.666015625,-0.739113752084076,0,"Analysis_kri0011",2025-03-01,"AA-AA-000-0000"
"0X9046","Site",1364,2048,0.666015625,-0.603483851493311,0,"Analysis_kri0011",2025-03-01,"AA-AA-000-0000"
"0X2967","Site",511,768,0.665364583333333,-0.407383438817341,0,"Analysis_kri0011",2025-03-01,"AA-AA-000-0000"
"0X8829","Site",1190,1792,0.6640625,-0.737850539882517,0,"Analysis_kri0011",2025-03-01,"AA-AA-000-0000"
"0X8706","Site",680,1024,0.6640625,-0.557762580932539,0,"Analysis_kri0011",2025-03-01,"AA-AA-000-0000"
"0X9626","Site",510,768,0.6640625,-0.483036564367953,0,"Analysis_kri0011",2025-03-01,"AA-AA-000-0000"
"0X2283","Site",170,256,0.6640625,-0.278881290466269,0,"Analysis_kri0011",2025-03-01,"AA-AA-000-0000"
"0X5569","Site",2209,3328,0.663762019230769,-1.04186337851571,0,"Analysis_kri0011",2025-03-01,"AA-AA-000-0000"
"0X9062","Site",1526,2304,0.662326388888889,-1.01135728100554,0,"Analysis_kri0011",2025-03-01,"AA-AA-000-0000"
"0X8676","Site",339,512,0.662109375,-0.487053480792362,0,"Analysis_kri0011",2025-03-01,"AA-AA-000-0000"
"0X5171","Site",847,1280,0.66171875,-0.799399500343072,0,"Analysis_kri0011",2025-03-01,"AA-AA-000-0000"
"0X1903","Site",1185,1792,0.661272321428571,-0.985483521593711,0,"Analysis_kri0011",2025-03-01,"AA-AA-000-0000"
"0X6533","Site",2539,3840,0.661197916666667,-1.45226676271597,0,"Analysis_kri0011",2025-03-01,"AA-AA-000-0000"
"0X5705","Site",2368,3584,0.660714285714286,-1.46372534597839,0,"Analysis_kri0011",2025-03-01,"AA-AA-000-0000"
"0X853","Site",845,1280,0.66015625,-0.916600818481494,0,"Analysis_kri0011",2025-03-01,"AA-AA-000-0000"
"0X1185","Site",1687,2560,0.658984375,-1.42058007900833,0,"Analysis_kri0011",2025-03-01,"AA-AA-000-0000"
"0X5593","Site",1682,2560,0.65703125,-1.62776469605753,0,"Analysis_kri0011",2025-03-01,"AA-AA-000-0000"
"0X1505","Site",1680,2560,0.65625,-1.7106385428772,0,"Analysis_kri0011",2025-03-01,"AA-AA-000-0000"
"0X2873","Site",336,512,0.65625,-0.765020813360923,0,"Analysis_kri0011",2025-03-01,"AA-AA-000-0000"
"0X3375","Site",336,512,0.65625,-0.765020813360923,0,"Analysis_kri0011",2025-03-01,"AA-AA-000-0000"
"0X1167","Site",335,512,0.654296875,-0.857676590883776,0,"Analysis_kri0011",2025-03-01,"AA-AA-000-0000"
"0X930","Site",335,512,0.654296875,-0.857676590883776,0,"Analysis_kri0011",2025-03-01,"AA-AA-000-0000"
"0X3469","Site",669,1024,0.6533203125,-1.27845539556028,0,"Analysis_kri0011",2025-03-01,"AA-AA-000-0000"
"0X2131","Site",1837,2816,0.65234375,-2.22872695892239,0,"Analysis_kri0011",2025-03-01,"AA-AA-000-0000"
"0X2913","Site",495,768,0.64453125,-1.6178334476271,0,"Analysis_kri0011",2025-03-01,"AA-AA-000-0000"
"0X8040","Site",495,768,0.64453125,-1.6178334476271,0,"Analysis_kri0011",2025-03-01,"AA-AA-000-0000"
"0X2004","Site",164,256,0.640625,-1.06509163369653,0,"Analysis_kri0011",2025-03-01,"AA-AA-000-0000"
"0X7770","Site",325,512,0.634765625,-1.78423436611231,0,"Analysis_kri0011",2025-03-01,"AA-AA-000-0000"
"0X8084","Site",162,256,0.6328125,-1.32716174810662,0,"Analysis_kri0011",2025-03-01,"AA-AA-000-0000"
"0X9943","Site",4,5,0.8,3.04272498776025,2,"Analysis_kri0012",2025-03-01,"AA-AA-000-0000"
"0X1713","Site",3,4,0.75,2.47723693712053,1,"Analysis_kri0012",2025-03-01,"AA-AA-000-0000"
"0X8676","Site",3,5,0.6,1.95036541226899,0,"Analysis_kri0012",2025-03-01,"AA-AA-000-0000"
"0X1167","Site",2,4,0.5,1.25594180378488,0,"Analysis_kri0012",2025-03-01,"AA-AA-000-0000"
"0X1175","Site",2,4,0.5,1.25594180378488,0,"Analysis_kri0012",2025-03-01,"AA-AA-000-0000"
"0X5053","Site",2,4,0.5,1.25594180378488,0,"Analysis_kri0012",2025-03-01,"AA-AA-000-0000"
"0X6710","Site",2,4,0.5,1.25594180378488,0,"Analysis_kri0012",2025-03-01,"AA-AA-000-0000"
"0X4343","Site",4,9,0.444444444444444,1.47681432789878,0,"Analysis_kri0012",2025-03-01,"AA-AA-000-0000"
"0X3469","Site",3,7,0.428571428571429,1.1998486655324,0,"Analysis_kri0012",2025-03-01,"AA-AA-000-0000"
"0X6380","Site",3,7,0.428571428571429,1.1998486655324,0,"Analysis_kri0012",2025-03-01,"AA-AA-000-0000"
"0X1365","Site",2,5,0.4,0.858005836777717,0,"Analysis_kri0012",2025-03-01,"AA-AA-000-0000"
"0X2460","Site",2,5,0.4,0.858005836777717,0,"Analysis_kri0012",2025-03-01,"AA-AA-000-0000"
"0X4067","Site",2,5,0.4,0.858005836777717,0,"Analysis_kri0012",2025-03-01,"AA-AA-000-0000"
"0X9626","Site",2,5,0.4,0.858005836777717,0,"Analysis_kri0012",2025-03-01,"AA-AA-000-0000"
"0X3137","Site",4,10,0.4,1.21340349096632,0,"Analysis_kri0012",2025-03-01,"AA-AA-000-0000"
"0X5593","Site",4,10,0.4,1.21340349096632,0,"Analysis_kri0012",2025-03-01,"AA-AA-000-0000"
"0X1012","Site",3,8,0.375,0.912583861852147,0,"Analysis_kri0012",2025-03-01,"AA-AA-000-0000"
"0X3959","Site",3,8,0.375,0.912583861852147,0,"Analysis_kri0012",2025-03-01,"AA-AA-000-0000"
"0X8530","Site",3,8,0.375,0.912583861852147,0,"Analysis_kri0012",2025-03-01,"AA-AA-000-0000"
"0X7206","Site",4,11,0.363636363636364,0.978040847503382,0,"Analysis_kri0012",2025-03-01,"AA-AA-000-0000"
"0X2873","Site",1,3,0.333333333333333,0.382562433761245,0,"Analysis_kri0012",2025-03-01,"AA-AA-000-0000"
"0X4887","Site",1,3,0.333333333333333,0.382562433761245,0,"Analysis_kri0012",2025-03-01,"AA-AA-000-0000"
"0X8213","Site",1,3,0.333333333333333,0.382562433761245,0,"Analysis_kri0012",2025-03-01,"AA-AA-000-0000"
"0X930","Site",1,3,0.333333333333333,0.382562433761245,0,"Analysis_kri0012",2025-03-01,"AA-AA-000-0000"
"0X1570","Site",2,6,0.333333333333333,0.541024982279612,0,"Analysis_kri0012",2025-03-01,"AA-AA-000-0000"
"0X2594","Site",2,6,0.333333333333333,0.541024982279612,0,"Analysis_kri0012",2025-03-01,"AA-AA-000-0000"
"0X2896","Site",3,9,0.333333333333333,0.66261757234168,0,"Analysis_kri0012",2025-03-01,"AA-AA-000-0000"
"0X9779","Site",4,12,0.333333333333333,0.76512486752249,0,"Analysis_kri0012",2025-03-01,"AA-AA-000-0000"
"0X9845","Site",4,13,0.307692307692308,0.570549660997066,0,"Analysis_kri0012",2025-03-01,"AA-AA-000-0000"
"0X1464","Site",3,10,0.3,0.440988627642388,0,"Analysis_kri0012",2025-03-01,"AA-AA-000-0000"
"0X2131","Site",3,10,0.3,0.440988627642388,0,"Analysis_kri0012",2025-03-01,"AA-AA-000-0000"
"0X2996","Site",3,10,0.3,0.440988627642388,0,"Analysis_kri0012",2025-03-01,"AA-AA-000-0000"
"0X5512","Site",2,7,0.285714285714286,0.276636322612518,0,"Analysis_kri0012",2025-03-01,"AA-AA-000-0000"
"0X6174","Site",3,11,0.272727272727273,0.241572171946763,0,"Analysis_kri0012",2025-03-01,"AA-AA-000-0000"
"0X4148","Site",1,4,0.25,0.0346466704492382,0,"Analysis_kri0012",2025-03-01,"AA-AA-000-0000"
"0X7604","Site",1,4,0.25,0.0346466704492382,0,"Analysis_kri0012",2025-03-01,"AA-AA-000-0000"
"0X8040","Site",1,4,0.25,0.0346466704492382,0,"Analysis_kri0012",2025-03-01,"AA-AA-000-0000"
"0X4131","Site",2,8,0.25,0.0489977912403838,0,"Analysis_kri0012",2025-03-01,"AA-AA-000-0000"
"0X7472","Site",2,8,0.25,0.0489977912403838,0,"Analysis_kri0012",2025-03-01,"AA-AA-000-0000"
"0X1070","Site",3,12,0.25,0.0600097935311758,0,"Analysis_kri0012",2025-03-01,"AA-AA-000-0000"
"0X1185","Site",2,9,0.222222222222222,-0.151579183215417,0,"Analysis_kri0012",2025-03-01,"AA-AA-000-0000"
"0X1505","Site",2,9,0.222222222222222,-0.151579183215417,0,"Analysis_kri0012",2025-03-01,"AA-AA-000-0000"
"0X1571","Site",2,9,0.222222222222222,-0.151579183215417,0,"Analysis_kri0012",2025-03-01,"AA-AA-000-0000"
"0X2106","Site",2,9,0.222222222222222,-0.151579183215417,0,"Analysis_kri0012",2025-03-01,"AA-AA-000-0000"
"0X9595","Site",2,10,0.2,-0.331426235681546,0,"Analysis_kri0012",2025-03-01,"AA-AA-000-0000"
"0X6937","Site",1,5,0.2,-0.234353738713552,0,"Analysis_kri0012",2025-03-01,"AA-AA-000-0000"
"0X707","Site",1,5,0.2,-0.234353738713552,0,"Analysis_kri0012",2025-03-01,"AA-AA-000-0000"
"0X2521","Site",1,6,0.166666666666667,-0.456158318392614,0,"Analysis_kri0012",2025-03-01,"AA-AA-000-0000"
"0X5171","Site",1,6,0.166666666666667,-0.456158318392614,0,"Analysis_kri0012",2025-03-01,"AA-AA-000-0000"
"0X7795","Site",1,6,0.166666666666667,-0.456158318392614,0,"Analysis_kri0012",2025-03-01,"AA-AA-000-0000"
"0X853","Site",1,6,0.166666666666667,-0.456158318392614,0,"Analysis_kri0012",2025-03-01,"AA-AA-000-0000"
"0X8743","Site",1,6,0.166666666666667,-0.456158318392614,0,"Analysis_kri0012",2025-03-01,"AA-AA-000-0000"
"0X5562","Site",1,7,0.142857142857143,-0.646576020307364,0,"Analysis_kri0012",2025-03-01,"AA-AA-000-0000"
"0X7543","Site",1,7,0.142857142857143,-0.646576020307364,0,"Analysis_kri0012",2025-03-01,"AA-AA-000-0000"
"0X9062","Site",1,7,0.142857142857143,-0.646576020307364,0,"Analysis_kri0012",2025-03-01,"AA-AA-000-0000"
"0X1903","Site",1,8,0.125,-0.81458827937138,0,"Analysis_kri0012",2025-03-01,"AA-AA-000-0000"
"0X8400","Site",1,8,0.125,-0.81458827937138,0,"Analysis_kri0012",2025-03-01,"AA-AA-000-0000"
"0X8950","Site",1,8,0.125,-0.81458827937138,0,"Analysis_kri0012",2025-03-01,"AA-AA-000-0000"
"0X108","Site",1,9,0.111111111111111,-0.965775938772514,0,"Analysis_kri0012",2025-03-01,"AA-AA-000-0000"
"0X5569","Site",1,10,0.1,-1.10384109900548,0,"Analysis_kri0012",2025-03-01,"AA-AA-000-0000"
"0X5705","Site",1,10,0.1,-1.10384109900548,0,"Analysis_kri0012",2025-03-01,"AA-AA-000-0000"
"0X9066","Site",1,10,0.1,-1.10384109900548,0,"Analysis_kri0012",2025-03-01,"AA-AA-000-0000"
"0X6533","Site",1,11,0.0909090909090909,-1.23136517916647,0,"Analysis_kri0012",2025-03-01,"AA-AA-000-0000"
"0X6774","Site",1,11,0.0909090909090909,-1.23136517916647,0,"Analysis_kri0012",2025-03-01,"AA-AA-000-0000"
"0X4621","Site",1,13,0.0769230769230769,-1.46180828933353,0,"Analysis_kri0012",2025-03-01,"AA-AA-000-0000"
"0X5111","Site",0,7,0,-1.56978836322725,0,"Analysis_kri0012",2025-03-01,"AA-AA-000-0000"
"0X8829","Site",0,7,0,-1.56978836322725,0,"Analysis_kri0012",2025-03-01,"AA-AA-000-0000"
"0X9184","Site",0,7,0,-1.56978836322725,0,"Analysis_kri0012",2025-03-01,"AA-AA-000-0000"
"0X1154","Site",0,5,0,-1.32671331420482,0,"Analysis_kri0012",2025-03-01,"AA-AA-000-0000"
"0X5729","Site",0,5,0,-1.32671331420482,0,"Analysis_kri0012",2025-03-01,"AA-AA-000-0000"
"0X9046","Site",0,5,0,-1.32671331420482,0,"Analysis_kri0012",2025-03-01,"AA-AA-000-0000"
"0X4629","Site",0,4,0,-1.18664846288641,0,"Analysis_kri0012",2025-03-01,"AA-AA-000-0000"
"0X6096","Site",0,4,0,-1.18664846288641,0,"Analysis_kri0012",2025-03-01,"AA-AA-000-0000"
"0X8706","Site",0,4,0,-1.18664846288641,0,"Analysis_kri0012",2025-03-01,"AA-AA-000-0000"
"0X2913","Site",0,3,0,-1.02766771422138,0,"Analysis_kri0012",2025-03-01,"AA-AA-000-0000"
"0X2967","Site",0,3,0,-1.02766771422138,0,"Analysis_kri0012",2025-03-01,"AA-AA-000-0000"
"0X5558","Site",0,3,0,-1.02766771422138,0,"Analysis_kri0012",2025-03-01,"AA-AA-000-0000"
"0X5836","Site",0,3,0,-1.02766771422138,0,"Analysis_kri0012",2025-03-01,"AA-AA-000-0000"
"0X8504","Site",0,3,0,-1.02766771422138,0,"Analysis_kri0012",2025-03-01,"AA-AA-000-0000"
"0X2453","Site",1,1,1,NA,NA,"Analysis_kri0012",2025-03-01,"AA-AA-000-0000"
"0X2779","Site",1,1,1,NA,NA,"Analysis_kri0012",2025-03-01,"AA-AA-000-0000"
"0X3333","Site",1,2,0.5,NA,NA,"Analysis_kri0012",2025-03-01,"AA-AA-000-0000"
"0X6074","Site",1,2,0.5,NA,NA,"Analysis_kri0012",2025-03-01,"AA-AA-000-0000"
"0X8058","Site",1,2,0.5,NA,NA,"Analysis_kri0012",2025-03-01,"AA-AA-000-0000"
"0X8997","Site",1,2,0.5,NA,NA,"Analysis_kri0012",2025-03-01,"AA-AA-000-0000"
"0X9913","Site",1,2,0.5,NA,NA,"Analysis_kri0012",2025-03-01,"AA-AA-000-0000"
"0X3375","Site",0,2,0,NA,NA,"Analysis_kri0012",2025-03-01,"AA-AA-000-0000"
"0X7770","Site",0,2,0,NA,NA,"Analysis_kri0012",2025-03-01,"AA-AA-000-0000"
"0X1319","Site",0,1,0,NA,NA,"Analysis_kri0012",2025-03-01,"AA-AA-000-0000"
"0X2004","Site",0,1,0,NA,NA,"Analysis_kri0012",2025-03-01,"AA-AA-000-0000"
"0X2283","Site",0,1,0,NA,NA,"Analysis_kri0012",2025-03-01,"AA-AA-000-0000"
"0X2587","Site",0,1,0,NA,NA,"Analysis_kri0012",2025-03-01,"AA-AA-000-0000"
"0X5362","Site",0,1,0,NA,NA,"Analysis_kri0012",2025-03-01,"AA-AA-000-0000"
"0X8084","Site",0,1,0,NA,NA,"Analysis_kri0012",2025-03-01,"AA-AA-000-0000"
"0X8676","Site",15,18,0.833333333333333,0.833333333333333,-2,"Analysis_kri0013",2025-03-01,"AA-AA-000-0000"
"0X8743","Site",36,44,0.818181818181818,0.818181818181818,-2,"Analysis_kri0013",2025-03-01,"AA-AA-000-0000"
"0X4067","Site",13,16,0.8125,0.8125,-2,"Analysis_kri0013",2025-03-01,"AA-AA-000-0000"
"0X8504","Site",21,26,0.807692307692308,0.807692307692308,-2,"Analysis_kri0013",2025-03-01,"AA-AA-000-0000"
"0X930","Site",11,14,0.785714285714286,0.785714285714286,-2,"Analysis_kri0013",2025-03-01,"AA-AA-000-0000"
"0X2913","Site",10,13,0.769230769230769,0.769230769230769,-2,"Analysis_kri0013",2025-03-01,"AA-AA-000-0000"
"0X2283","Site",7,11,0.636363636363636,0.636363636363636,-2,"Analysis_kri0013",2025-03-01,"AA-AA-000-0000"
"0X5593","Site",50,56,0.892857142857143,0.892857142857143,-1,"Analysis_kri0013",2025-03-01,"AA-AA-000-0000"
"0X1154","Site",33,37,0.891891891891892,0.891891891891892,-1,"Analysis_kri0013",2025-03-01,"AA-AA-000-0000"
"0X1570","Site",23,26,0.884615384615385,0.884615384615385,-1,"Analysis_kri0013",2025-03-01,"AA-AA-000-0000"
"0X5705","Site",68,77,0.883116883116883,0.883116883116883,-1,"Analysis_kri0013",2025-03-01,"AA-AA-000-0000"
"0X5729","Site",29,33,0.878787878787879,0.878787878787879,-1,"Analysis_kri0013",2025-03-01,"AA-AA-000-0000"
"0X853","Site",27,31,0.870967741935484,0.870967741935484,-1,"Analysis_kri0013",2025-03-01,"AA-AA-000-0000"
"0X1012","Site",19,22,0.863636363636364,0.863636363636364,-1,"Analysis_kri0013",2025-03-01,"AA-AA-000-0000"
"0X8400","Site",58,68,0.852941176470588,0.852941176470588,-1,"Analysis_kri0013",2025-03-01,"AA-AA-000-0000"
"0X4621","Site",134,138,0.971014492753623,0.971014492753623,0,"Analysis_kri0013",2025-03-01,"AA-AA-000-0000"
"0X9066","Site",84,88,0.954545454545455,0.954545454545455,0,"Analysis_kri0013",2025-03-01,"AA-AA-000-0000"
"0X2996","Site",78,82,0.951219512195122,0.951219512195122,0,"Analysis_kri0013",2025-03-01,"AA-AA-000-0000"
"0X6533","Site",73,77,0.948051948051948,0.948051948051948,0,"Analysis_kri0013",2025-03-01,"AA-AA-000-0000"
"0X5569","Site",72,76,0.947368421052632,0.947368421052632,0,"Analysis_kri0013",2025-03-01,"AA-AA-000-0000"
"0X1070","Site",69,73,0.945205479452055,0.945205479452055,0,"Analysis_kri0013",2025-03-01,"AA-AA-000-0000"
"0X2896","Site",68,72,0.944444444444444,0.944444444444444,0,"Analysis_kri0013",2025-03-01,"AA-AA-000-0000"
"0X6774","Site",70,75,0.933333333333333,0.933333333333333,0,"Analysis_kri0013",2025-03-01,"AA-AA-000-0000"
"0X1185","Site",53,57,0.929824561403509,0.929824561403509,0,"Analysis_kri0013",2025-03-01,"AA-AA-000-0000"
"0X9779","Site",66,71,0.929577464788732,0.929577464788732,0,"Analysis_kri0013",2025-03-01,"AA-AA-000-0000"
"0X2521","Site",39,42,0.928571428571429,0.928571428571429,0,"Analysis_kri0013",2025-03-01,"AA-AA-000-0000"
"0X9046","Site",52,56,0.928571428571429,0.928571428571429,0,"Analysis_kri0013",2025-03-01,"AA-AA-000-0000"
"0X9595","Site",63,68,0.926470588235294,0.926470588235294,0,"Analysis_kri0013",2025-03-01,"AA-AA-000-0000"
"0X9062","Site",50,54,0.925925925925926,0.925925925925926,0,"Analysis_kri0013",2025-03-01,"AA-AA-000-0000"
"0X7206","Site",33,36,0.916666666666667,0.916666666666667,0,"Analysis_kri0013",2025-03-01,"AA-AA-000-0000"
"0X9845","Site",65,71,0.915492957746479,0.915492957746479,0,"Analysis_kri0013",2025-03-01,"AA-AA-000-0000"
"0X8530","Site",42,46,0.91304347826087,0.91304347826087,0,"Analysis_kri0013",2025-03-01,"AA-AA-000-0000"
"0X5171","Site",31,34,0.911764705882353,0.911764705882353,0,"Analysis_kri0013",2025-03-01,"AA-AA-000-0000"
"0X3137","Site",61,67,0.91044776119403,0.91044776119403,0,"Analysis_kri0013",2025-03-01,"AA-AA-000-0000"
"0X8950","Site",29,32,0.90625,0.90625,0,"Analysis_kri0013",2025-03-01,"AA-AA-000-0000"
"0X6174","Site",57,63,0.904761904761905,0.904761904761905,0,"Analysis_kri0013",2025-03-01,"AA-AA-000-0000"
"0X5512","Site",37,41,0.902439024390244,0.902439024390244,0,"Analysis_kri0013",2025-03-01,"AA-AA-000-0000"
"0X1464","Site",17,17,1,NA,NA,"Analysis_kri0013",2025-03-01,"AA-AA-000-0000"
"0X2004","Site",9,9,1,NA,NA,"Analysis_kri0013",2025-03-01,"AA-AA-000-0000"
"0X2594","Site",6,6,1,NA,NA,"Analysis_kri0013",2025-03-01,"AA-AA-000-0000"
"0X2873","Site",4,4,1,NA,NA,"Analysis_kri0013",2025-03-01,"AA-AA-000-0000"
"0X2967","Site",22,22,1,NA,NA,"Analysis_kri0013",2025-03-01,"AA-AA-000-0000"
"0X4629","Site",12,12,1,NA,NA,"Analysis_kri0013",2025-03-01,"AA-AA-000-0000"
"0X5053","Site",16,16,1,NA,NA,"Analysis_kri0013",2025-03-01,"AA-AA-000-0000"
"0X5111","Site",39,39,1,NA,NA,"Analysis_kri0013",2025-03-01,"AA-AA-000-0000"
"0X6074","Site",6,6,1,NA,NA,"Analysis_kri0013",2025-03-01,"AA-AA-000-0000"
"0X6096","Site",6,6,1,NA,NA,"Analysis_kri0013",2025-03-01,"AA-AA-000-0000"
"0X6937","Site",6,6,1,NA,NA,"Analysis_kri0013",2025-03-01,"AA-AA-000-0000"
"0X8040","Site",12,12,1,NA,NA,"Analysis_kri0013",2025-03-01,"AA-AA-000-0000"
"0X8058","Site",7,7,1,NA,NA,"Analysis_kri0013",2025-03-01,"AA-AA-000-0000"
"0X9184","Site",19,19,1,NA,NA,"Analysis_kri0013",2025-03-01,"AA-AA-000-0000"
"0X9626","Site",14,14,1,NA,NA,"Analysis_kri0013",2025-03-01,"AA-AA-000-0000"
"0X108","Site",71,72,0.986111111111111,NA,NA,"Analysis_kri0013",2025-03-01,"AA-AA-000-0000"
"0X7795","Site",48,49,0.979591836734694,NA,NA,"Analysis_kri0013",2025-03-01,"AA-AA-000-0000"
"0X5562","Site",47,48,0.979166666666667,NA,NA,"Analysis_kri0013",2025-03-01,"AA-AA-000-0000"
"0X2106","Site",46,47,0.978723404255319,NA,NA,"Analysis_kri0013",2025-03-01,"AA-AA-000-0000"
"0X707","Site",46,47,0.978723404255319,NA,NA,"Analysis_kri0013",2025-03-01,"AA-AA-000-0000"
"0X7472","Site",45,46,0.978260869565217,NA,NA,"Analysis_kri0013",2025-03-01,"AA-AA-000-0000"
"0X4131","Site",36,37,0.972972972972973,NA,NA,"Analysis_kri0013",2025-03-01,"AA-AA-000-0000"
"0X7543","Site",63,65,0.969230769230769,NA,NA,"Analysis_kri0013",2025-03-01,"AA-AA-000-0000"
"0X1505","Site",50,52,0.961538461538462,NA,NA,"Analysis_kri0013",2025-03-01,"AA-AA-000-0000"
"0X3959","Site",50,52,0.961538461538462,NA,NA,"Analysis_kri0013",2025-03-01,"AA-AA-000-0000"
"0X4343","Site",24,25,0.96,NA,NA,"Analysis_kri0013",2025-03-01,"AA-AA-000-0000"
"0X2131","Site",47,49,0.959183673469388,NA,NA,"Analysis_kri0013",2025-03-01,"AA-AA-000-0000"
"0X1571","Site",45,47,0.957446808510638,NA,NA,"Analysis_kri0013",2025-03-01,"AA-AA-000-0000"
"0X8829","Site",45,47,0.957446808510638,NA,NA,"Analysis_kri0013",2025-03-01,"AA-AA-000-0000"
"0X3469","Site",21,22,0.954545454545455,NA,NA,"Analysis_kri0013",2025-03-01,"AA-AA-000-0000"
"0X1903","Site",38,40,0.95,NA,NA,"Analysis_kri0013",2025-03-01,"AA-AA-000-0000"
"0X2460","Site",35,37,0.945945945945946,NA,NA,"Analysis_kri0013",2025-03-01,"AA-AA-000-0000"
"0X8706","Site",17,18,0.944444444444444,NA,NA,"Analysis_kri0013",2025-03-01,"AA-AA-000-0000"
"0X1175","Site",15,16,0.9375,NA,NA,"Analysis_kri0013",2025-03-01,"AA-AA-000-0000"
"0X1365","Site",15,16,0.9375,NA,NA,"Analysis_kri0013",2025-03-01,"AA-AA-000-0000"
"0X3375","Site",13,14,0.928571428571429,NA,NA,"Analysis_kri0013",2025-03-01,"AA-AA-000-0000"
"0X6710","Site",13,14,0.928571428571429,NA,NA,"Analysis_kri0013",2025-03-01,"AA-AA-000-0000"
"0X7604","Site",24,26,0.923076923076923,NA,NA,"Analysis_kri0013",2025-03-01,"AA-AA-000-0000"
"0X3333","Site",9,10,0.9,NA,NA,"Analysis_kri0013",2025-03-01,"AA-AA-000-0000"
"0X4887","Site",9,10,0.9,NA,NA,"Analysis_kri0013",2025-03-01,"AA-AA-000-0000"
"0X6380","Site",18,20,0.9,NA,NA,"Analysis_kri0013",2025-03-01,"AA-AA-000-0000"
"0X4148","Site",8,9,0.888888888888889,NA,NA,"Analysis_kri0013",2025-03-01,"AA-AA-000-0000"
"0X7770","Site",15,17,0.882352941176471,NA,NA,"Analysis_kri0013",2025-03-01,"AA-AA-000-0000"
"0X5836","Site",12,14,0.857142857142857,NA,NA,"Analysis_kri0013",2025-03-01,"AA-AA-000-0000"
"0X9913","Site",6,7,0.857142857142857,NA,NA,"Analysis_kri0013",2025-03-01,"AA-AA-000-0000"
"0X8213","Site",5,6,0.833333333333333,NA,NA,"Analysis_kri0013",2025-03-01,"AA-AA-000-0000"
"0X1167","Site",6,8,0.75,NA,NA,"Analysis_kri0013",2025-03-01,"AA-AA-000-0000"
"0X8997","Site",3,4,0.75,NA,NA,"Analysis_kri0013",2025-03-01,"AA-AA-000-0000"
"0X8084","Site",4,6,0.666666666666667,NA,NA,"Analysis_kri0013",2025-03-01,"AA-AA-000-0000"
"0X6096","Site",4,4,1,4,2,"Analysis_kri0014",2025-03-01,"AA-AA-000-0000"
"0X4131","Site",5,6,0.833333333333333,5,2,"Analysis_kri0014",2025-03-01,"AA-AA-000-0000"
"0X2521","Site",4,5,0.8,4,2,"Analysis_kri0014",2025-03-01,"AA-AA-000-0000"
"0X5512","Site",4,5,0.8,4,2,"Analysis_kri0014",2025-03-01,"AA-AA-000-0000"
"0X7795","Site",4,5,0.8,4,2,"Analysis_kri0014",2025-03-01,"AA-AA-000-0000"
"0X1570","Site",3,4,0.75,3,2,"Analysis_kri0014",2025-03-01,"AA-AA-000-0000"
"0X6380","Site",3,4,0.75,3,2,"Analysis_kri0014",2025-03-01,"AA-AA-000-0000"
"0X108","Site",6,8,0.75,6,2,"Analysis_kri0014",2025-03-01,"AA-AA-000-0000"
"0X3137","Site",4,6,0.666666666666667,4,2,"Analysis_kri0014",2025-03-01,"AA-AA-000-0000"
"0X5562","Site",4,6,0.666666666666667,4,2,"Analysis_kri0014",2025-03-01,"AA-AA-000-0000"
"0X1070","Site",6,9,0.666666666666667,6,2,"Analysis_kri0014",2025-03-01,"AA-AA-000-0000"
"0X9595","Site",5,8,0.625,5,2,"Analysis_kri0014",2025-03-01,"AA-AA-000-0000"
"0X853","Site",3,5,0.6,3,2,"Analysis_kri0014",2025-03-01,"AA-AA-000-0000"
"0X8530","Site",3,5,0.6,3,2,"Analysis_kri0014",2025-03-01,"AA-AA-000-0000"
"0X9046","Site",3,5,0.6,3,2,"Analysis_kri0014",2025-03-01,"AA-AA-000-0000"
"0X1464","Site",4,7,0.571428571428571,4,2,"Analysis_kri0014",2025-03-01,"AA-AA-000-0000"
"0X1505","Site",4,7,0.571428571428571,4,2,"Analysis_kri0014",2025-03-01,"AA-AA-000-0000"
"0X2106","Site",4,7,0.571428571428571,4,2,"Analysis_kri0014",2025-03-01,"AA-AA-000-0000"
"0X7206","Site",4,7,0.571428571428571,4,2,"Analysis_kri0014",2025-03-01,"AA-AA-000-0000"
"0X8950","Site",4,7,0.571428571428571,4,2,"Analysis_kri0014",2025-03-01,"AA-AA-000-0000"
"0X5705","Site",5,9,0.555555555555556,5,2,"Analysis_kri0014",2025-03-01,"AA-AA-000-0000"
"0X9066","Site",5,9,0.555555555555556,5,2,"Analysis_kri0014",2025-03-01,"AA-AA-000-0000"
"0X2896","Site",3,6,0.5,3,2,"Analysis_kri0014",2025-03-01,"AA-AA-000-0000"
"0X7543","Site",3,6,0.5,3,2,"Analysis_kri0014",2025-03-01,"AA-AA-000-0000"
"0X9062","Site",3,6,0.5,3,2,"Analysis_kri0014",2025-03-01,"AA-AA-000-0000"
"0X6174","Site",4,8,0.5,4,2,"Analysis_kri0014",2025-03-01,"AA-AA-000-0000"
"0X6533","Site",5,10,0.5,5,2,"Analysis_kri0014",2025-03-01,"AA-AA-000-0000"
"0X6774","Site",5,10,0.5,5,2,"Analysis_kri0014",2025-03-01,"AA-AA-000-0000"
"0X4621","Site",6,12,0.5,6,2,"Analysis_kri0014",2025-03-01,"AA-AA-000-0000"
"0X5569","Site",4,9,0.444444444444444,4,2,"Analysis_kri0014",2025-03-01,"AA-AA-000-0000"
"0X1185","Site",3,7,0.428571428571429,3,2,"Analysis_kri0014",2025-03-01,"AA-AA-000-0000"
"0X1903","Site",3,7,0.428571428571429,3,2,"Analysis_kri0014",2025-03-01,"AA-AA-000-0000"
"0X2131","Site",3,7,0.428571428571429,3,2,"Analysis_kri0014",2025-03-01,"AA-AA-000-0000"
"0X2996","Site",3,7,0.428571428571429,3,2,"Analysis_kri0014",2025-03-01,"AA-AA-000-0000"
"0X5111","Site",3,7,0.428571428571429,3,2,"Analysis_kri0014",2025-03-01,"AA-AA-000-0000"
"0X8400","Site",3,7,0.428571428571429,3,2,"Analysis_kri0014",2025-03-01,"AA-AA-000-0000"
"0X8829","Site",3,7,0.428571428571429,3,2,"Analysis_kri0014",2025-03-01,"AA-AA-000-0000"
"0X9845","Site",3,9,0.333333333333333,3,2,"Analysis_kri0014",2025-03-01,"AA-AA-000-0000"
"0X2913","Site",2,3,0.666666666666667,2,1,"Analysis_kri0014",2025-03-01,"AA-AA-000-0000"
"0X2967","Site",2,3,0.666666666666667,2,1,"Analysis_kri0014",2025-03-01,"AA-AA-000-0000"
"0X4067","Site",2,3,0.666666666666667,2,1,"Analysis_kri0014",2025-03-01,"AA-AA-000-0000"
"0X4148","Site",2,3,0.666666666666667,2,1,"Analysis_kri0014",2025-03-01,"AA-AA-000-0000"
"0X5558","Site",2,3,0.666666666666667,2,1,"Analysis_kri0014",2025-03-01,"AA-AA-000-0000"
"0X5836","Site",2,3,0.666666666666667,2,1,"Analysis_kri0014",2025-03-01,"AA-AA-000-0000"
"0X2594","Site",2,4,0.5,2,1,"Analysis_kri0014",2025-03-01,"AA-AA-000-0000"
"0X1012","Site",2,5,0.4,2,1,"Analysis_kri0014",2025-03-01,"AA-AA-000-0000"
"0X1154","Site",2,5,0.4,2,1,"Analysis_kri0014",2025-03-01,"AA-AA-000-0000"
"0X3959","Site",2,5,0.4,2,1,"Analysis_kri0014",2025-03-01,"AA-AA-000-0000"
"0X5171","Site",2,5,0.4,2,1,"Analysis_kri0014",2025-03-01,"AA-AA-000-0000"
"0X8743","Site",2,5,0.4,2,1,"Analysis_kri0014",2025-03-01,"AA-AA-000-0000"
"0X5593","Site",2,6,0.333333333333333,2,1,"Analysis_kri0014",2025-03-01,"AA-AA-000-0000"
"0X7472","Site",2,6,0.333333333333333,2,1,"Analysis_kri0014",2025-03-01,"AA-AA-000-0000"
"0X9779","Site",2,8,0.25,2,1,"Analysis_kri0014",2025-03-01,"AA-AA-000-0000"
"0X2460","Site",1,3,0.333333333333333,1,0,"Analysis_kri0014",2025-03-01,"AA-AA-000-0000"
"0X7604","Site",1,3,0.333333333333333,1,0,"Analysis_kri0014",2025-03-01,"AA-AA-000-0000"
"0X8504","Site",1,3,0.333333333333333,1,0,"Analysis_kri0014",2025-03-01,"AA-AA-000-0000"
"0X3469","Site",1,4,0.25,1,0,"Analysis_kri0014",2025-03-01,"AA-AA-000-0000"
"0X4629","Site",1,4,0.25,1,0,"Analysis_kri0014",2025-03-01,"AA-AA-000-0000"
"0X6937","Site",1,4,0.25,1,0,"Analysis_kri0014",2025-03-01,"AA-AA-000-0000"
"0X707","Site",1,4,0.25,1,0,"Analysis_kri0014",2025-03-01,"AA-AA-000-0000"
"0X8706","Site",1,4,0.25,1,0,"Analysis_kri0014",2025-03-01,"AA-AA-000-0000"
"0X5729","Site",1,5,0.2,1,0,"Analysis_kri0014",2025-03-01,"AA-AA-000-0000"
"0X1571","Site",1,7,0.142857142857143,1,0,"Analysis_kri0014",2025-03-01,"AA-AA-000-0000"
"0X9184","Site",1,7,0.142857142857143,1,0,"Analysis_kri0014",2025-03-01,"AA-AA-000-0000"
"0X1365","Site",0,3,0,0,0,"Analysis_kri0014",2025-03-01,"AA-AA-000-0000"
"0X4343","Site",0,5,0,0,0,"Analysis_kri0014",2025-03-01,"AA-AA-000-0000"
"0X8040","Site",0,3,0,0,0,"Analysis_kri0014",2025-03-01,"AA-AA-000-0000"
"0X9626","Site",0,3,0,0,0,"Analysis_kri0014",2025-03-01,"AA-AA-000-0000"
"0X1319","Site",1,1,1,NA,NA,"Analysis_kri0014",2025-03-01,"AA-AA-000-0000"
"0X1713","Site",1,1,1,NA,NA,"Analysis_kri0014",2025-03-01,"AA-AA-000-0000"
"0X3333","Site",1,1,1,NA,NA,"Analysis_kri0014",2025-03-01,"AA-AA-000-0000"
"0X5362","Site",1,1,1,NA,NA,"Analysis_kri0014",2025-03-01,"AA-AA-000-0000"
"0X9913","Site",1,1,1,NA,NA,"Analysis_kri0014",2025-03-01,"AA-AA-000-0000"
"0X7770","Site",2,2,1,NA,NA,"Analysis_kri0014",2025-03-01,"AA-AA-000-0000"
"0X1175","Site",1,2,0.5,NA,NA,"Analysis_kri0014",2025-03-01,"AA-AA-000-0000"
"0X3375","Site",1,2,0.5,NA,NA,"Analysis_kri0014",2025-03-01,"AA-AA-000-0000"
"0X4887","Site",1,2,0.5,NA,NA,"Analysis_kri0014",2025-03-01,"AA-AA-000-0000"
"0X6710","Site",1,2,0.5,NA,NA,"Analysis_kri0014",2025-03-01,"AA-AA-000-0000"
"0X8213","Site",1,2,0.5,NA,NA,"Analysis_kri0014",2025-03-01,"AA-AA-000-0000"
"0X8676","Site",1,2,0.5,NA,NA,"Analysis_kri0014",2025-03-01,"AA-AA-000-0000"
"0X1167","Site",0,2,0,NA,NA,"Analysis_kri0014",2025-03-01,"AA-AA-000-0000"
"0X2004","Site",0,1,0,NA,NA,"Analysis_kri0014",2025-03-01,"AA-AA-000-0000"
"0X2283","Site",0,1,0,NA,NA,"Analysis_kri0014",2025-03-01,"AA-AA-000-0000"
"0X2587","Site",0,1,0,NA,NA,"Analysis_kri0014",2025-03-01,"AA-AA-000-0000"
"0X2873","Site",0,2,0,NA,NA,"Analysis_kri0014",2025-03-01,"AA-AA-000-0000"
"0X5053","Site",0,2,0,NA,NA,"Analysis_kri0014",2025-03-01,"AA-AA-000-0000"
"0X6074","Site",0,1,0,NA,NA,"Analysis_kri0014",2025-03-01,"AA-AA-000-0000"
"0X8058","Site",0,1,0,NA,NA,"Analysis_kri0014",2025-03-01,"AA-AA-000-0000"
"0X8084","Site",0,1,0,NA,NA,"Analysis_kri0014",2025-03-01,"AA-AA-000-0000"
"0X8997","Site",0,1,0,NA,NA,"Analysis_kri0014",2025-03-01,"AA-AA-000-0000"
"0X930","Site",0,2,0,NA,NA,"Analysis_kri0014",2025-03-01,"AA-AA-000-0000"
"0X9943","Site",0,1,0,NA,NA,"Analysis_kri0014",2025-03-01,"AA-AA-000-0000"
"0X2896","Site",1,6,0.166666666666667,1,1,"Analysis_kri0015",2025-03-01,"AA-AA-000-0000"
"0X9845","Site",1,9,0.111111111111111,1,1,"Analysis_kri0015",2025-03-01,"AA-AA-000-0000"
"0X6533","Site",1,10,0.1,1,1,"Analysis_kri0015",2025-03-01,"AA-AA-000-0000"
"0X6774","Site",1,10,0.1,1,1,"Analysis_kri0015",2025-03-01,"AA-AA-000-0000"
"0X1012","Site",0,5,0,0,0,"Analysis_kri0015",2025-03-01,"AA-AA-000-0000"
"0X1070","Site",0,9,0,0,0,"Analysis_kri0015",2025-03-01,"AA-AA-000-0000"
"0X108","Site",0,8,0,0,0,"Analysis_kri0015",2025-03-01,"AA-AA-000-0000"
"0X1154","Site",0,5,0,0,0,"Analysis_kri0015",2025-03-01,"AA-AA-000-0000"
"0X1167","Site",0,2,0,0,0,"Analysis_kri0015",2025-03-01,"AA-AA-000-0000"
"0X1175","Site",0,2,0,0,0,"Analysis_kri0015",2025-03-01,"AA-AA-000-0000"
"0X1185","Site",0,7,0,0,0,"Analysis_kri0015",2025-03-01,"AA-AA-000-0000"
"0X1319","Site",0,1,0,0,0,"Analysis_kri0015",2025-03-01,"AA-AA-000-0000"
"0X1365","Site",0,3,0,0,0,"Analysis_kri0015",2025-03-01,"AA-AA-000-0000"
"0X1464","Site",0,7,0,0,0,"Analysis_kri0015",2025-03-01,"AA-AA-000-0000"
"0X1505","Site",0,7,0,0,0,"Analysis_kri0015",2025-03-01,"AA-AA-000-0000"
"0X1570","Site",0,4,0,0,0,"Analysis_kri0015",2025-03-01,"AA-AA-000-0000"
"0X1571","Site",0,7,0,0,0,"Analysis_kri0015",2025-03-01,"AA-AA-000-0000"
"0X1713","Site",0,1,0,0,0,"Analysis_kri0015",2025-03-01,"AA-AA-000-0000"
"0X1903","Site",0,7,0,0,0,"Analysis_kri0015",2025-03-01,"AA-AA-000-0000"
"0X2004","Site",0,1,0,0,0,"Analysis_kri0015",2025-03-01,"AA-AA-000-0000"
"0X2106","Site",0,7,0,0,0,"Analysis_kri0015",2025-03-01,"AA-AA-000-0000"
"0X2131","Site",0,7,0,0,0,"Analysis_kri0015",2025-03-01,"AA-AA-000-0000"
"0X2283","Site",0,1,0,0,0,"Analysis_kri0015",2025-03-01,"AA-AA-000-0000"
"0X2460","Site",0,3,0,0,0,"Analysis_kri0015",2025-03-01,"AA-AA-000-0000"
"0X2521","Site",0,5,0,0,0,"Analysis_kri0015",2025-03-01,"AA-AA-000-0000"
"0X2587","Site",0,1,0,0,0,"Analysis_kri0015",2025-03-01,"AA-AA-000-0000"
"0X2594","Site",0,4,0,0,0,"Analysis_kri0015",2025-03-01,"AA-AA-000-0000"
"0X2873","Site",0,2,0,0,0,"Analysis_kri0015",2025-03-01,"AA-AA-000-0000"
"0X2913","Site",0,3,0,0,0,"Analysis_kri0015",2025-03-01,"AA-AA-000-0000"
"0X2967","Site",0,3,0,0,0,"Analysis_kri0015",2025-03-01,"AA-AA-000-0000"
"0X2996","Site",0,7,0,0,0,"Analysis_kri0015",2025-03-01,"AA-AA-000-0000"
"0X3137","Site",0,6,0,0,0,"Analysis_kri0015",2025-03-01,"AA-AA-000-0000"
"0X3333","Site",0,1,0,0,0,"Analysis_kri0015",2025-03-01,"AA-AA-000-0000"
"0X3375","Site",0,2,0,0,0,"Analysis_kri0015",2025-03-01,"AA-AA-000-0000"
"0X3469","Site",0,4,0,0,0,"Analysis_kri0015",2025-03-01,"AA-AA-000-0000"
"0X3959","Site",0,5,0,0,0,"Analysis_kri0015",2025-03-01,"AA-AA-000-0000"
"0X4067","Site",0,3,0,0,0,"Analysis_kri0015",2025-03-01,"AA-AA-000-0000"
"0X4131","Site",0,6,0,0,0,"Analysis_kri0015",2025-03-01,"AA-AA-000-0000"
"0X4148","Site",0,3,0,0,0,"Analysis_kri0015",2025-03-01,"AA-AA-000-0000"
"0X4343","Site",0,5,0,0,0,"Analysis_kri0015",2025-03-01,"AA-AA-000-0000"
"0X4621","Site",0,12,0,0,0,"Analysis_kri0015",2025-03-01,"AA-AA-000-0000"
"0X4629","Site",0,4,0,0,0,"Analysis_kri0015",2025-03-01,"AA-AA-000-0000"
"0X4887","Site",0,2,0,0,0,"Analysis_kri0015",2025-03-01,"AA-AA-000-0000"
"0X5053","Site",0,2,0,0,0,"Analysis_kri0015",2025-03-01,"AA-AA-000-0000"
"0X5111","Site",0,7,0,0,0,"Analysis_kri0015",2025-03-01,"AA-AA-000-0000"
"0X5171","Site",0,5,0,0,0,"Analysis_kri0015",2025-03-01,"AA-AA-000-0000"
"0X5362","Site",0,1,0,0,0,"Analysis_kri0015",2025-03-01,"AA-AA-000-0000"
"0X5512","Site",0,5,0,0,0,"Analysis_kri0015",2025-03-01,"AA-AA-000-0000"
"0X5558","Site",0,3,0,0,0,"Analysis_kri0015",2025-03-01,"AA-AA-000-0000"
"0X5562","Site",0,6,0,0,0,"Analysis_kri0015",2025-03-01,"AA-AA-000-0000"
"0X5569","Site",0,9,0,0,0,"Analysis_kri0015",2025-03-01,"AA-AA-000-0000"
"0X5593","Site",0,6,0,0,0,"Analysis_kri0015",2025-03-01,"AA-AA-000-0000"
"0X5705","Site",0,9,0,0,0,"Analysis_kri0015",2025-03-01,"AA-AA-000-0000"
"0X5729","Site",0,5,0,0,0,"Analysis_kri0015",2025-03-01,"AA-AA-000-0000"
"0X5836","Site",0,3,0,0,0,"Analysis_kri0015",2025-03-01,"AA-AA-000-0000"
"0X6074","Site",0,1,0,0,0,"Analysis_kri0015",2025-03-01,"AA-AA-000-0000"
"0X6096","Site",0,4,0,0,0,"Analysis_kri0015",2025-03-01,"AA-AA-000-0000"
"0X6174","Site",0,8,0,0,0,"Analysis_kri0015",2025-03-01,"AA-AA-000-0000"
"0X6380","Site",0,4,0,0,0,"Analysis_kri0015",2025-03-01,"AA-AA-000-0000"
"0X6710","Site",0,2,0,0,0,"Analysis_kri0015",2025-03-01,"AA-AA-000-0000"
"0X6937","Site",0,4,0,0,0,"Analysis_kri0015",2025-03-01,"AA-AA-000-0000"
"0X707","Site",0,4,0,0,0,"Analysis_kri0015",2025-03-01,"AA-AA-000-0000"
"0X7206","Site",0,7,0,0,0,"Analysis_kri0015",2025-03-01,"AA-AA-000-0000"
"0X7472","Site",0,6,0,0,0,"Analysis_kri0015",2025-03-01,"AA-AA-000-0000"
"0X7543","Site",0,6,0,0,0,"Analysis_kri0015",2025-03-01,"AA-AA-000-0000"
"0X7604","Site",0,3,0,0,0,"Analysis_kri0015",2025-03-01,"AA-AA-000-0000"
"0X7770","Site",0,2,0,0,0,"Analysis_kri0015",2025-03-01,"AA-AA-000-0000"
"0X7795","Site",0,5,0,0,0,"Analysis_kri0015",2025-03-01,"AA-AA-000-0000"
"0X8040","Site",0,3,0,0,0,"Analysis_kri0015",2025-03-01,"AA-AA-000-0000"
"0X8058","Site",0,1,0,0,0,"Analysis_kri0015",2025-03-01,"AA-AA-000-0000"
"0X8084","Site",0,1,0,0,0,"Analysis_kri0015",2025-03-01,"AA-AA-000-0000"
"0X8213","Site",0,2,0,0,0,"Analysis_kri0015",2025-03-01,"AA-AA-000-0000"
"0X8400","Site",0,7,0,0,0,"Analysis_kri0015",2025-03-01,"AA-AA-000-0000"
"0X8504","Site",0,3,0,0,0,"Analysis_kri0015",2025-03-01,"AA-AA-000-0000"
"0X853","Site",0,5,0,0,0,"Analysis_kri0015",2025-03-01,"AA-AA-000-0000"
"0X8530","Site",0,5,0,0,0,"Analysis_kri0015",2025-03-01,"AA-AA-000-0000"
"0X8676","Site",0,2,0,0,0,"Analysis_kri0015",2025-03-01,"AA-AA-000-0000"
"0X8706","Site",0,4,0,0,0,"Analysis_kri0015",2025-03-01,"AA-AA-000-0000"
"0X8743","Site",0,5,0,0,0,"Analysis_kri0015",2025-03-01,"AA-AA-000-0000"
"0X8829","Site",0,7,0,0,0,"Analysis_kri0015",2025-03-01,"AA-AA-000-0000"
"0X8950","Site",0,7,0,0,0,"Analysis_kri0015",2025-03-01,"AA-AA-000-0000"
"0X8997","Site",0,1,0,0,0,"Analysis_kri0015",2025-03-01,"AA-AA-000-0000"
"0X9046","Site",0,5,0,0,0,"Analysis_kri0015",2025-03-01,"AA-AA-000-0000"
"0X9062","Site",0,6,0,0,0,"Analysis_kri0015",2025-03-01,"AA-AA-000-0000"
"0X9066","Site",0,9,0,0,0,"Analysis_kri0015",2025-03-01,"AA-AA-000-0000"
"0X9184","Site",0,7,0,0,0,"Analysis_kri0015",2025-03-01,"AA-AA-000-0000"
"0X930","Site",0,2,0,0,0,"Analysis_kri0015",2025-03-01,"AA-AA-000-0000"
"0X9595","Site",0,8,0,0,0,"Analysis_kri0015",2025-03-01,"AA-AA-000-0000"
"0X9626","Site",0,3,0,0,0,"Analysis_kri0015",2025-03-01,"AA-AA-000-0000"
"0X9779","Site",0,8,0,0,0,"Analysis_kri0015",2025-03-01,"AA-AA-000-0000"
"0X9913","Site",0,1,0,0,0,"Analysis_kri0015",2025-03-01,"AA-AA-000-0000"
"0X9943","Site",0,1,0,0,0,"Analysis_kri0015",2025-03-01,"AA-AA-000-0000"
"0X5593","Site",3,6,0.5,4.53090530361892,2,"Analysis_kri0019",2025-03-01,"AA-AA-000-0000"
"0X3959","Site",2,5,0.4,3.21387155141799,2,"Analysis_kri0019",2025-03-01,"AA-AA-000-0000"
"0X1185","Site",2,7,0.285714285714286,2.55558071382029,1,"Analysis_kri0019",2025-03-01,"AA-AA-000-0000"
"0X2283","Site",1,1,1,NA,NA,"Analysis_kri0019",2025-03-01,"AA-AA-000-0000"
"0X7770","Site",1,2,0.5,NA,NA,"Analysis_kri0019",2025-03-01,"AA-AA-000-0000"
"0X2913","Site",1,3,0.333333333333333,NA,NA,"Analysis_kri0019",2025-03-01,"AA-AA-000-0000"
"0X1570","Site",1,4,0.25,NA,NA,"Analysis_kri0019",2025-03-01,"AA-AA-000-0000"
"0X9046","Site",1,5,0.2,NA,NA,"Analysis_kri0019",2025-03-01,"AA-AA-000-0000"
"0X5562","Site",1,6,0.166666666666667,NA,NA,"Analysis_kri0019",2025-03-01,"AA-AA-000-0000"
"0X7543","Site",1,6,0.166666666666667,NA,NA,"Analysis_kri0019",2025-03-01,"AA-AA-000-0000"
"0X9062","Site",1,6,0.166666666666667,NA,NA,"Analysis_kri0019",2025-03-01,"AA-AA-000-0000"
"0X1903","Site",1,7,0.142857142857143,NA,NA,"Analysis_kri0019",2025-03-01,"AA-AA-000-0000"
"0X8400","Site",1,7,0.142857142857143,NA,NA,"Analysis_kri0019",2025-03-01,"AA-AA-000-0000"
"0X8950","Site",1,7,0.142857142857143,NA,NA,"Analysis_kri0019",2025-03-01,"AA-AA-000-0000"
"0X9595","Site",1,8,0.125,NA,NA,"Analysis_kri0019",2025-03-01,"AA-AA-000-0000"
"0X1070","Site",1,9,0.111111111111111,NA,NA,"Analysis_kri0019",2025-03-01,"AA-AA-000-0000"
"0X5705","Site",1,9,0.111111111111111,NA,NA,"Analysis_kri0019",2025-03-01,"AA-AA-000-0000"
"0X9066","Site",1,9,0.111111111111111,NA,NA,"Analysis_kri0019",2025-03-01,"AA-AA-000-0000"
"0X4621","Site",0,12,0,NA,NA,"Analysis_kri0019",2025-03-01,"AA-AA-000-0000"
"0X6533","Site",0,10,0,NA,NA,"Analysis_kri0019",2025-03-01,"AA-AA-000-0000"
"0X6774","Site",0,10,0,NA,NA,"Analysis_kri0019",2025-03-01,"AA-AA-000-0000"
"0X5569","Site",0,9,0,NA,NA,"Analysis_kri0019",2025-03-01,"AA-AA-000-0000"
"0X9845","Site",0,9,0,NA,NA,"Analysis_kri0019",2025-03-01,"AA-AA-000-0000"
"0X108","Site",0,8,0,NA,NA,"Analysis_kri0019",2025-03-01,"AA-AA-000-0000"
"0X6174","Site",0,8,0,NA,NA,"Analysis_kri0019",2025-03-01,"AA-AA-000-0000"
"0X9779","Site",0,8,0,NA,NA,"Analysis_kri0019",2025-03-01,"AA-AA-000-0000"
"0X1464","Site",0,7,0,NA,NA,"Analysis_kri0019",2025-03-01,"AA-AA-000-0000"
"0X1505","Site",0,7,0,NA,NA,"Analysis_kri0019",2025-03-01,"AA-AA-000-0000"
"0X1571","Site",0,7,0,NA,NA,"Analysis_kri0019",2025-03-01,"AA-AA-000-0000"
"0X2106","Site",0,7,0,NA,NA,"Analysis_kri0019",2025-03-01,"AA-AA-000-0000"
"0X2131","Site",0,7,0,NA,NA,"Analysis_kri0019",2025-03-01,"AA-AA-000-0000"
"0X2996","Site",0,7,0,NA,NA,"Analysis_kri0019",2025-03-01,"AA-AA-000-0000"
"0X5111","Site",0,7,0,NA,NA,"Analysis_kri0019",2025-03-01,"AA-AA-000-0000"
"0X7206","Site",0,7,0,NA,NA,"Analysis_kri0019",2025-03-01,"AA-AA-000-0000"
"0X8829","Site",0,7,0,NA,NA,"Analysis_kri0019",2025-03-01,"AA-AA-000-0000"
"0X9184","Site",0,7,0,NA,NA,"Analysis_kri0019",2025-03-01,"AA-AA-000-0000"
"0X2896","Site",0,6,0,NA,NA,"Analysis_kri0019",2025-03-01,"AA-AA-000-0000"
"0X3137","Site",0,6,0,NA,NA,"Analysis_kri0019",2025-03-01,"AA-AA-000-0000"
"0X4131","Site",0,6,0,NA,NA,"Analysis_kri0019",2025-03-01,"AA-AA-000-0000"
"0X7472","Site",0,6,0,NA,NA,"Analysis_kri0019",2025-03-01,"AA-AA-000-0000"
"0X1012","Site",0,5,0,NA,NA,"Analysis_kri0019",2025-03-01,"AA-AA-000-0000"
"0X1154","Site",0,5,0,NA,NA,"Analysis_kri0019",2025-03-01,"AA-AA-000-0000"
"0X2521","Site",0,5,0,NA,NA,"Analysis_kri0019",2025-03-01,"AA-AA-000-0000"
"0X4343","Site",0,5,0,NA,NA,"Analysis_kri0019",2025-03-01,"AA-AA-000-0000"
"0X5171","Site",0,5,0,NA,NA,"Analysis_kri0019",2025-03-01,"AA-AA-000-0000"
"0X5512","Site",0,5,0,NA,NA,"Analysis_kri0019",2025-03-01,"AA-AA-000-0000"
"0X5729","Site",0,5,0,NA,NA,"Analysis_kri0019",2025-03-01,"AA-AA-000-0000"
"0X7795","Site",0,5,0,NA,NA,"Analysis_kri0019",2025-03-01,"AA-AA-000-0000"
"0X853","Site",0,5,0,NA,NA,"Analysis_kri0019",2025-03-01,"AA-AA-000-0000"
"0X8530","Site",0,5,0,NA,NA,"Analysis_kri0019",2025-03-01,"AA-AA-000-0000"
"0X8743","Site",0,5,0,NA,NA,"Analysis_kri0019",2025-03-01,"AA-AA-000-0000"
"0X2594","Site",0,4,0,NA,NA,"Analysis_kri0019",2025-03-01,"AA-AA-000-0000"
"0X3469","Site",0,4,0,NA,NA,"Analysis_kri0019",2025-03-01,"AA-AA-000-0000"
"0X4629","Site",0,4,0,NA,NA,"Analysis_kri0019",2025-03-01,"AA-AA-000-0000"
"0X6096","Site",0,4,0,NA,NA,"Analysis_kri0019",2025-03-01,"AA-AA-000-0000"
"0X6380","Site",0,4,0,NA,NA,"Analysis_kri0019",2025-03-01,"AA-AA-000-0000"
"0X6937","Site",0,4,0,NA,NA,"Analysis_kri0019",2025-03-01,"AA-AA-000-0000"
"0X707","Site",0,4,0,NA,NA,"Analysis_kri0019",2025-03-01,"AA-AA-000-0000"
"0X8706","Site",0,4,0,NA,NA,"Analysis_kri0019",2025-03-01,"AA-AA-000-0000"
"0X1365","Site",0,3,0,NA,NA,"Analysis_kri0019",2025-03-01,"AA-AA-000-0000"
"0X2460","Site",0,3,0,NA,NA,"Analysis_kri0019",2025-03-01,"AA-AA-000-0000"
"0X2967","Site",0,3,0,NA,NA,"Analysis_kri0019",2025-03-01,"AA-AA-000-0000"
"0X4067","Site",0,3,0,NA,NA,"Analysis_kri0019",2025-03-01,"AA-AA-000-0000"
"0X4148","Site",0,3,0,NA,NA,"Analysis_kri0019",2025-03-01,"AA-AA-000-0000"
"0X5558","Site",0,3,0,NA,NA,"Analysis_kri0019",2025-03-01,"AA-AA-000-0000"
"0X5836","Site",0,3,0,NA,NA,"Analysis_kri0019",2025-03-01,"AA-AA-000-0000"
"0X7604","Site",0,3,0,NA,NA,"Analysis_kri0019",2025-03-01,"AA-AA-000-0000"
"0X8040","Site",0,3,0,NA,NA,"Analysis_kri0019",2025-03-01,"AA-AA-000-0000"
"0X8504","Site",0,3,0,NA,NA,"Analysis_kri0019",2025-03-01,"AA-AA-000-0000"
"0X9626","Site",0,3,0,NA,NA,"Analysis_kri0019",2025-03-01,"AA-AA-000-0000"
"0X1167","Site",0,2,0,NA,NA,"Analysis_kri0019",2025-03-01,"AA-AA-000-0000"
"0X1175","Site",0,2,0,NA,NA,"Analysis_kri0019",2025-03-01,"AA-AA-000-0000"
"0X2873","Site",0,2,0,NA,NA,"Analysis_kri0019",2025-03-01,"AA-AA-000-0000"
"0X3375","Site",0,2,0,NA,NA,"Analysis_kri0019",2025-03-01,"AA-AA-000-0000"
"0X4887","Site",0,2,0,NA,NA,"Analysis_kri0019",2025-03-01,"AA-AA-000-0000"
"0X5053","Site",0,2,0,NA,NA,"Analysis_kri0019",2025-03-01,"AA-AA-000-0000"
"0X6710","Site",0,2,0,NA,NA,"Analysis_kri0019",2025-03-01,"AA-AA-000-0000"
"0X8213","Site",0,2,0,NA,NA,"Analysis_kri0019",2025-03-01,"AA-AA-000-0000"
"0X8676","Site",0,2,0,NA,NA,"Analysis_kri0019",2025-03-01,"AA-AA-000-0000"
"0X930","Site",0,2,0,NA,NA,"Analysis_kri0019",2025-03-01,"AA-AA-000-0000"
"0X1319","Site",0,1,0,NA,NA,"Analysis_kri0019",2025-03-01,"AA-AA-000-0000"
"0X1713","Site",0,1,0,NA,NA,"Analysis_kri0019",2025-03-01,"AA-AA-000-0000"
"0X2004","Site",0,1,0,NA,NA,"Analysis_kri0019",2025-03-01,"AA-AA-000-0000"
"0X2587","Site",0,1,0,NA,NA,"Analysis_kri0019",2025-03-01,"AA-AA-000-0000"
"0X3333","Site",0,1,0,NA,NA,"Analysis_kri0019",2025-03-01,"AA-AA-000-0000"
"0X5362","Site",0,1,0,NA,NA,"Analysis_kri0019",2025-03-01,"AA-AA-000-0000"
"0X6074","Site",0,1,0,NA,NA,"Analysis_kri0019",2025-03-01,"AA-AA-000-0000"
"0X8058","Site",0,1,0,NA,NA,"Analysis_kri0019",2025-03-01,"AA-AA-000-0000"
"0X8084","Site",0,1,0,NA,NA,"Analysis_kri0019",2025-03-01,"AA-AA-000-0000"
"0X8997","Site",0,1,0,NA,NA,"Analysis_kri0019",2025-03-01,"AA-AA-000-0000"
"0X9913","Site",0,1,0,NA,NA,"Analysis_kri0019",2025-03-01,"AA-AA-000-0000"
"0X9943","Site",0,1,0,NA,NA,"Analysis_kri0019",2025-03-01,"AA-AA-000-0000"
"0X1012","Site",8,176,4.54545454545455,4.54545454545455,NA,"Analysis_srs0001",2025-03-01,"AA-AA-000-0000"
"0X1070","Site",16,176,9.09090909090909,9.09090909090909,NA,"Analysis_srs0001",2025-03-01,"AA-AA-000-0000"
"0X108","Site",16,176,9.09090909090909,9.09090909090909,NA,"Analysis_srs0001",2025-03-01,"AA-AA-000-0000"
"0X1154","Site",16,176,9.09090909090909,9.09090909090909,NA,"Analysis_srs0001",2025-03-01,"AA-AA-000-0000"
"0X1167","Site",0,176,0,0,NA,"Analysis_srs0001",2025-03-01,"AA-AA-000-0000"
"0X1175","Site",0,176,0,0,NA,"Analysis_srs0001",2025-03-01,"AA-AA-000-0000"
"0X1185","Site",32,176,18.1818181818182,18.1818181818182,NA,"Analysis_srs0001",2025-03-01,"AA-AA-000-0000"
"0X1319","Site",0,176,0,0,NA,"Analysis_srs0001",2025-03-01,"AA-AA-000-0000"
"0X1365","Site",1,176,0.568181818181818,0.568181818181818,NA,"Analysis_srs0001",2025-03-01,"AA-AA-000-0000"
"0X1464","Site",16,176,9.09090909090909,9.09090909090909,NA,"Analysis_srs0001",2025-03-01,"AA-AA-000-0000"
"0X1505","Site",16,176,9.09090909090909,9.09090909090909,NA,"Analysis_srs0001",2025-03-01,"AA-AA-000-0000"
"0X1570","Site",32,176,18.1818181818182,18.1818181818182,NA,"Analysis_srs0001",2025-03-01,"AA-AA-000-0000"
"0X1571","Site",0,176,0,0,NA,"Analysis_srs0001",2025-03-01,"AA-AA-000-0000"
"0X1713","Site",8,176,4.54545454545455,4.54545454545455,NA,"Analysis_srs0001",2025-03-01,"AA-AA-000-0000"
"0X1903","Site",16,176,9.09090909090909,9.09090909090909,NA,"Analysis_srs0001",2025-03-01,"AA-AA-000-0000"
"0X2004","Site",0,176,0,0,NA,"Analysis_srs0001",2025-03-01,"AA-AA-000-0000"
"0X2106","Site",16,176,9.09090909090909,9.09090909090909,NA,"Analysis_srs0001",2025-03-01,"AA-AA-000-0000"
"0X2131","Site",16,176,9.09090909090909,9.09090909090909,NA,"Analysis_srs0001",2025-03-01,"AA-AA-000-0000"
"0X2283","Site",0,176,0,0,NA,"Analysis_srs0001",2025-03-01,"AA-AA-000-0000"
"0X2460","Site",1,176,0.568181818181818,0.568181818181818,NA,"Analysis_srs0001",2025-03-01,"AA-AA-000-0000"
"0X2521","Site",33,176,18.75,18.75,NA,"Analysis_srs0001",2025-03-01,"AA-AA-000-0000"
"0X2587","Site",0,176,0,0,NA,"Analysis_srs0001",2025-03-01,"AA-AA-000-0000"
"0X2594","Site",8,176,4.54545454545455,4.54545454545455,NA,"Analysis_srs0001",2025-03-01,"AA-AA-000-0000"
"0X2873","Site",0,176,0,0,NA,"Analysis_srs0001",2025-03-01,"AA-AA-000-0000"
"0X2896","Site",24,176,13.6363636363636,13.6363636363636,NA,"Analysis_srs0001",2025-03-01,"AA-AA-000-0000"
"0X2913","Site",8,176,4.54545454545455,4.54545454545455,NA,"Analysis_srs0001",2025-03-01,"AA-AA-000-0000"
"0X2967","Site",8,176,4.54545454545455,4.54545454545455,NA,"Analysis_srs0001",2025-03-01,"AA-AA-000-0000"
"0X2996","Site",16,176,9.09090909090909,9.09090909090909,NA,"Analysis_srs0001",2025-03-01,"AA-AA-000-0000"
"0X3137","Site",16,176,9.09090909090909,9.09090909090909,NA,"Analysis_srs0001",2025-03-01,"AA-AA-000-0000"
"0X3333","Site",0,176,0,0,NA,"Analysis_srs0001",2025-03-01,"AA-AA-000-0000"
"0X3375","Site",0,176,0,0,NA,"Analysis_srs0001",2025-03-01,"AA-AA-000-0000"
"0X3469","Site",0,176,0,0,NA,"Analysis_srs0001",2025-03-01,"AA-AA-000-0000"
"0X3959","Site",40,176,22.7272727272727,22.7272727272727,NA,"Analysis_srs0001",2025-03-01,"AA-AA-000-0000"
"0X4067","Site",9,176,5.11363636363636,5.11363636363636,NA,"Analysis_srs0001",2025-03-01,"AA-AA-000-0000"
"0X4131","Site",16,176,9.09090909090909,9.09090909090909,NA,"Analysis_srs0001",2025-03-01,"AA-AA-000-0000"
"0X4148","Site",8,176,4.54545454545455,4.54545454545455,NA,"Analysis_srs0001",2025-03-01,"AA-AA-000-0000"
"0X4343","Site",0,176,0,0,NA,"Analysis_srs0001",2025-03-01,"AA-AA-000-0000"
"0X4621","Site",16,176,9.09090909090909,9.09090909090909,NA,"Analysis_srs0001",2025-03-01,"AA-AA-000-0000"
"0X4629","Site",0,176,0,0,NA,"Analysis_srs0001",2025-03-01,"AA-AA-000-0000"
"0X4887","Site",0,176,0,0,NA,"Analysis_srs0001",2025-03-01,"AA-AA-000-0000"
"0X5053","Site",0,176,0,0,NA,"Analysis_srs0001",2025-03-01,"AA-AA-000-0000"
"0X5111","Site",17,176,9.65909090909091,9.65909090909091,NA,"Analysis_srs0001",2025-03-01,"AA-AA-000-0000"
"0X5171","Site",9,176,5.11363636363636,5.11363636363636,NA,"Analysis_srs0001",2025-03-01,"AA-AA-000-0000"
"0X5362","Site",0,176,0,0,NA,"Analysis_srs0001",2025-03-01,"AA-AA-000-0000"
"0X5512","Site",32,176,18.1818181818182,18.1818181818182,NA,"Analysis_srs0001",2025-03-01,"AA-AA-000-0000"
"0X5558","Site",8,176,4.54545454545455,4.54545454545455,NA,"Analysis_srs0001",2025-03-01,"AA-AA-000-0000"
"0X5562","Site",32,176,18.1818181818182,18.1818181818182,NA,"Analysis_srs0001",2025-03-01,"AA-AA-000-0000"
"0X5569","Site",16,176,9.09090909090909,9.09090909090909,NA,"Analysis_srs0001",2025-03-01,"AA-AA-000-0000"
"0X5593","Site",40,176,22.7272727272727,22.7272727272727,NA,"Analysis_srs0001",2025-03-01,"AA-AA-000-0000"
"0X5705","Site",16,176,9.09090909090909,9.09090909090909,NA,"Analysis_srs0001",2025-03-01,"AA-AA-000-0000"
"0X5729","Site",0,176,0,0,NA,"Analysis_srs0001",2025-03-01,"AA-AA-000-0000"
"0X5836","Site",8,176,4.54545454545455,4.54545454545455,NA,"Analysis_srs0001",2025-03-01,"AA-AA-000-0000"
"0X6074","Site",0,176,0,0,NA,"Analysis_srs0001",2025-03-01,"AA-AA-000-0000"
"0X6096","Site",16,176,9.09090909090909,9.09090909090909,NA,"Analysis_srs0001",2025-03-01,"AA-AA-000-0000"
"0X6174","Site",16,176,9.09090909090909,9.09090909090909,NA,"Analysis_srs0001",2025-03-01,"AA-AA-000-0000"
"0X6380","Site",16,176,9.09090909090909,9.09090909090909,NA,"Analysis_srs0001",2025-03-01,"AA-AA-000-0000"
"0X6533","Site",24,176,13.6363636363636,13.6363636363636,NA,"Analysis_srs0001",2025-03-01,"AA-AA-000-0000"
"0X6710","Site",0,176,0,0,NA,"Analysis_srs0001",2025-03-01,"AA-AA-000-0000"
"0X6774","Site",24,176,13.6363636363636,13.6363636363636,NA,"Analysis_srs0001",2025-03-01,"AA-AA-000-0000"
"0X6937","Site",0,176,0,0,NA,"Analysis_srs0001",2025-03-01,"AA-AA-000-0000"
"0X707","Site",0,176,0,0,NA,"Analysis_srs0001",2025-03-01,"AA-AA-000-0000"
"0X7206","Site",16,176,9.09090909090909,9.09090909090909,NA,"Analysis_srs0001",2025-03-01,"AA-AA-000-0000"
"0X7472","Site",8,176,4.54545454545455,4.54545454545455,NA,"Analysis_srs0001",2025-03-01,"AA-AA-000-0000"
"0X7543","Site",16,176,9.09090909090909,9.09090909090909,NA,"Analysis_srs0001",2025-03-01,"AA-AA-000-0000"
"0X7604","Site",0,176,0,0,NA,"Analysis_srs0001",2025-03-01,"AA-AA-000-0000"
"0X7770","Site",0,176,0,0,NA,"Analysis_srs0001",2025-03-01,"AA-AA-000-0000"
"0X7795","Site",16,176,9.09090909090909,9.09090909090909,NA,"Analysis_srs0001",2025-03-01,"AA-AA-000-0000"
"0X8040","Site",0,176,0,0,NA,"Analysis_srs0001",2025-03-01,"AA-AA-000-0000"
"0X8058","Site",0,176,0,0,NA,"Analysis_srs0001",2025-03-01,"AA-AA-000-0000"
"0X8084","Site",0,176,0,0,NA,"Analysis_srs0001",2025-03-01,"AA-AA-000-0000"
"0X8213","Site",1,176,0.568181818181818,0.568181818181818,NA,"Analysis_srs0001",2025-03-01,"AA-AA-000-0000"
"0X8400","Site",16,176,9.09090909090909,9.09090909090909,NA,"Analysis_srs0001",2025-03-01,"AA-AA-000-0000"
"0X8504","Site",0,176,0,0,NA,"Analysis_srs0001",2025-03-01,"AA-AA-000-0000"
"0X853","Site",17,176,9.65909090909091,9.65909090909091,NA,"Analysis_srs0001",2025-03-01,"AA-AA-000-0000"
"0X8530","Site",17,176,9.65909090909091,9.65909090909091,NA,"Analysis_srs0001",2025-03-01,"AA-AA-000-0000"
"0X8676","Site",0,176,0,0,NA,"Analysis_srs0001",2025-03-01,"AA-AA-000-0000"
"0X8706","Site",0,176,0,0,NA,"Analysis_srs0001",2025-03-01,"AA-AA-000-0000"
"0X8743","Site",24,176,13.6363636363636,13.6363636363636,NA,"Analysis_srs0001",2025-03-01,"AA-AA-000-0000"
"0X8829","Site",16,176,9.09090909090909,9.09090909090909,NA,"Analysis_srs0001",2025-03-01,"AA-AA-000-0000"
"0X8950","Site",16,176,9.09090909090909,9.09090909090909,NA,"Analysis_srs0001",2025-03-01,"AA-AA-000-0000"
"0X8997","Site",0,176,0,0,NA,"Analysis_srs0001",2025-03-01,"AA-AA-000-0000"
"0X9046","Site",16,176,9.09090909090909,9.09090909090909,NA,"Analysis_srs0001",2025-03-01,"AA-AA-000-0000"
"0X9062","Site",16,176,9.09090909090909,9.09090909090909,NA,"Analysis_srs0001",2025-03-01,"AA-AA-000-0000"
"0X9066","Site",16,176,9.09090909090909,9.09090909090909,NA,"Analysis_srs0001",2025-03-01,"AA-AA-000-0000"
"0X9184","Site",0,176,0,0,NA,"Analysis_srs0001",2025-03-01,"AA-AA-000-0000"
"0X930","Site",0,176,0,0,NA,"Analysis_srs0001",2025-03-01,"AA-AA-000-0000"
"0X9595","Site",24,176,13.6363636363636,13.6363636363636,NA,"Analysis_srs0001",2025-03-01,"AA-AA-000-0000"
"0X9626","Site",0,176,0,0,NA,"Analysis_srs0001",2025-03-01,"AA-AA-000-0000"
"0X9779","Site",8,176,4.54545454545455,4.54545454545455,NA,"Analysis_srs0001",2025-03-01,"AA-AA-000-0000"
"0X9845","Site",24,176,13.6363636363636,13.6363636363636,NA,"Analysis_srs0001",2025-03-01,"AA-AA-000-0000"
"0X9913","Site",0,176,0,0,NA,"Analysis_srs0001",2025-03-01,"AA-AA-000-0000"
"0X9943","Site",16,176,9.09090909090909,9.09090909090909,NA,"Analysis_srs0001",2025-03-01,"AA-AA-000-0000"
"0X1365","Site",21,120,0.175,2.23547531314868,1,"Analysis_kri0001",2025-04-01,"AA-AA-000-0000"
"0X2521","Site",17,317,0.0536277602523659,-1.1419150531557,-1,"Analysis_kri0001",2025-04-01,"AA-AA-000-0000"
"0X5562","Site",23,432,0.0532407407407407,-1.3508243840347,-1,"Analysis_kri0001",2025-04-01,"AA-AA-000-0000"
"0X8743","Site",16,323,0.0495356037151703,-1.31518982530065,-1,"Analysis_kri0001",2025-04-01,"AA-AA-000-0000"
"0X6937","Site",6,173,0.0346820809248555,-1.39424112866094,-1,"Analysis_kri0001",2025-04-01,"AA-AA-000-0000"
"0X2779","Site",1,68,0.0147058823529412,-1.23812957830217,-1,"Analysis_kri0001",2025-04-01,"AA-AA-000-0000"
"0X5224","Site",0,37,0,-1.11096841796018,-1,"Analysis_kri0001",2025-04-01,"AA-AA-000-0000"
"0X4511","Site",0,30,0,-1.00037188721682,-1,"Analysis_kri0001",2025-04-01,"AA-AA-000-0000"
"0X1330","Site",15,88,0.170454545454545,1.82012119988623,0,"Analysis_kri0001",2025-04-01,"AA-AA-000-0000"
"0X1958","Site",5,33,0.151515151515152,0.874170836968155,0,"Analysis_kri0001",2025-04-01,"AA-AA-000-0000"
"0X5362","Site",7,50,0.14,0.896099577210699,0,"Analysis_kri0001",2025-04-01,"AA-AA-000-0000"
"0X7767","Site",6,43,0.13953488372093,0.824268784586813,0,"Analysis_kri0001",2025-04-01,"AA-AA-000-0000"
"0X2004","Site",6,46,0.130434782608696,0.716150002431514,0,"Analysis_kri0001",2025-04-01,"AA-AA-000-0000"
"0X8706","Site",23,186,0.123655913978495,1.23576552727488,0,"Analysis_kri0001",2025-04-01,"AA-AA-000-0000"
"0X2026","Site",14,116,0.120689655172414,0.905310122998424,0,"Analysis_kri0001",2025-04-01,"AA-AA-000-0000"
"0X7543","Site",43,359,0.119777158774373,1.55442692197423,0,"Analysis_kri0001",2025-04-01,"AA-AA-000-0000"
"0X4935","Site",10,85,0.117647058823529,0.712970009521869,0,"Analysis_kri0001",2025-04-01,"AA-AA-000-0000"
"0X8085","Site",5,43,0.116279069767442,0.487279948792411,0,"Analysis_kri0001",2025-04-01,"AA-AA-000-0000"
"0X9626","Site",18,157,0.114649681528662,0.885979979784681,0,"Analysis_kri0001",2025-04-01,"AA-AA-000-0000"
"0X2873","Site",12,108,0.111111111111111,0.653566080228727,0,"Analysis_kri0001",2025-04-01,"AA-AA-000-0000"
"0X525","Site",4,37,0.108108108108108,0.342176309022646,0,"Analysis_kri0001",2025-04-01,"AA-AA-000-0000"
"0X853","Site",28,263,0.106463878326996,0.85335375451583,0,"Analysis_kri0001",2025-04-01,"AA-AA-000-0000"
"0X8058","Site",8,77,0.103896103896104,0.411947907073961,0,"Analysis_kri0001",2025-04-01,"AA-AA-000-0000"
"0X9845","Site",66,659,0.100151745068285,0.992738419159461,0,"Analysis_kri0001",2025-04-01,"AA-AA-000-0000"
"0X2913","Site",12,120,0.1,0.419952847041971,0,"Analysis_kri0001",2025-04-01,"AA-AA-000-0000"
"0X1175","Site",14,140,0.1,0.453600917872859,0,"Analysis_kri0001",2025-04-01,"AA-AA-000-0000"
"0X2594","Site",26,260,0.1,0.618153853368041,0,"Analysis_kri0001",2025-04-01,"AA-AA-000-0000"
"0X5569","Site",52,527,0.0986717267552182,0.812684163058022,0,"Analysis_kri0001",2025-04-01,"AA-AA-000-0000"
"0X5705","Site",52,528,0.0984848484848485,0.803965734634058,0,"Analysis_kri0001",2025-04-01,"AA-AA-000-0000"
"0X1903","Site",34,347,0.0979827089337176,0.631086491123049,0,"Analysis_kri0001",2025-04-01,"AA-AA-000-0000"
"0X9779","Site",48,495,0.096969696969697,0.703944686203263,0,"Analysis_kri0001",2025-04-01,"AA-AA-000-0000"
"0X6710","Site",9,93,0.0967741935483871,0.300958478755566,0,"Analysis_kri0001",2025-04-01,"AA-AA-000-0000"
"0X5907","Site",8,83,0.0963855421686747,0.27649350550734,0,"Analysis_kri0001",2025-04-01,"AA-AA-000-0000"
"0X4131","Site",39,408,0.0955882352941176,0.577433728777742,0,"Analysis_kri0001",2025-04-01,"AA-AA-000-0000"
"0X1185","Site",38,402,0.0945273631840796,0.526169143007294,0,"Analysis_kri0001",2025-04-01,"AA-AA-000-0000"
"0X3137","Site",41,434,0.0944700460829493,0.544071614653504,0,"Analysis_kri0001",2025-04-01,"AA-AA-000-0000"
"0X8676","Site",10,106,0.0943396226415094,0.265916211281292,0,"Analysis_kri0001",2025-04-01,"AA-AA-000-0000"
"0X8504","Site",18,191,0.0942408376963351,0.353934095010816,0,"Analysis_kri0001",2025-04-01,"AA-AA-000-0000"
"0X5593","Site",36,387,0.0930232558139535,0.450873338994023,0,"Analysis_kri0001",2025-04-01,"AA-AA-000-0000"
"0X9943","Site",5,54,0.0925925925925926,0.161427551809713,0,"Analysis_kri0001",2025-04-01,"AA-AA-000-0000"
"0X930","Site",11,120,0.0916666666666667,0.21822812858567,0,"Analysis_kri0001",2025-04-01,"AA-AA-000-0000"
"0X1154","Site",21,230,0.091304347826087,0.289980762251689,0,"Analysis_kri0001",2025-04-01,"AA-AA-000-0000"
"0X5171","Site",21,230,0.091304347826087,0.289980762251689,0,"Analysis_kri0001",2025-04-01,"AA-AA-000-0000"
"0X4441","Site",3,33,0.0909090909090909,0.104822947471423,0,"Analysis_kri0001",2025-04-01,"AA-AA-000-0000"
"0X492","Site",5,55,0.0909090909090909,0.135325843285732,0,"Analysis_kri0001",2025-04-01,"AA-AA-000-0000"
"0X9046","Site",28,312,0.0897435897435897,0.276819668375872,0,"Analysis_kri0001",2025-04-01,"AA-AA-000-0000"
"0X9595","Site",39,436,0.0894495412844037,0.313669491676344,0,"Analysis_kri0001",2025-04-01,"AA-AA-000-0000"
"0X1319","Site",5,56,0.0892857142857143,0.109705559132919,0,"Analysis_kri0001",2025-04-01,"AA-AA-000-0000"
"0X5836","Site",14,157,0.089171974522293,0.180540264584874,0,"Analysis_kri0001",2025-04-01,"AA-AA-000-0000"
"0X8213","Site",16,180,0.0888888888888889,0.184920009824595,0,"Analysis_kri0001",2025-04-01,"AA-AA-000-0000"
"0X1070","Site",49,560,0.0875,0.253539039358408,0,"Analysis_kri0001",2025-04-01,"AA-AA-000-0000"
"0X7795","Site",33,380,0.0868421052631579,0.18051404088396,0,"Analysis_kri0001",2025-04-01,"AA-AA-000-0000"
"0X1012","Site",23,266,0.0864661654135338,0.137479829825475,0,"Analysis_kri0001",2025-04-01,"AA-AA-000-0000"
"0X6774","Site",51,591,0.0862944162436548,0.195697043304866,0,"Analysis_kri0001",2025-04-01,"AA-AA-000-0000"
"0X3959","Site",32,371,0.0862533692722372,0.153304937636008,0,"Analysis_kri0001",2025-04-01,"AA-AA-000-0000"
"0X6533","Site",50,588,0.0850340136054422,0.127661794286392,0,"Analysis_kri0001",2025-04-01,"AA-AA-000-0000"
"0X108","Site",51,600,0.085,0.127116783551887,0,"Analysis_kri0001",2025-04-01,"AA-AA-000-0000"
"0X4629","Site",17,201,0.0845771144278607,0.0603255378743127,0,"Analysis_kri0001",2025-04-01,"AA-AA-000-0000"
"0X4148","Site",15,178,0.0842696629213483,0.0477049086778884,0,"Analysis_kri0001",2025-04-01,"AA-AA-000-0000"
"0X1167","Site",9,107,0.0841121495327103,0.0333861772585664,0,"Analysis_kri0001",2025-04-01,"AA-AA-000-0000"
"0X2896","Site",30,357,0.0840336134453782,0.0577039298019684,0,"Analysis_kri0001",2025-04-01,"AA-AA-000-0000"
"0X5053","Site",12,143,0.0839160839160839,0.0334149799466578,0,"Analysis_kri0001",2025-04-01,"AA-AA-000-0000"
"0X7206","Site",33,397,0.0831234256926952,0.0207756080288609,0,"Analysis_kri0001",2025-04-01,"AA-AA-000-0000"
"0X6174","Site",30,361,0.0831024930747922,0.0189323851250515,0,"Analysis_kri0001",2025-04-01,"AA-AA-000-0000"
"0X8829","Site",30,362,0.0828729281767956,0.0093067625844377,0,"Analysis_kri0001",2025-04-01,"AA-AA-000-0000"
"0X6096","Site",12,145,0.0827586206896552,0.00284853281028653,0,"Analysis_kri0001",2025-04-01,"AA-AA-000-0000"
"0X5729","Site",20,243,0.0823045267489712,-0.0119546562673141,0,"Analysis_kri0001",2025-04-01,"AA-AA-000-0000"
"0X4621","Site",68,834,0.0815347721822542,-0.0712701238211675,0,"Analysis_kri0001",2025-04-01,"AA-AA-000-0000"
"0X7472","Site",29,360,0.0805555555555556,-0.0878810756607333,0,"Analysis_kri0001",2025-04-01,"AA-AA-000-0000"
"0X9913","Site",5,63,0.0793650793650794,-0.0576437836482853,0,"Analysis_kri0001",2025-04-01,"AA-AA-000-0000"
"0X7690","Site",11,139,0.079136690647482,-0.0915730383624224,0,"Analysis_kri0001",2025-04-01,"AA-AA-000-0000"
"0X9184","Site",31,393,0.0788804071246819,-0.165204305824778,0,"Analysis_kri0001",2025-04-01,"AA-AA-000-0000"
"0X8530","Site",30,382,0.0785340314136126,-0.177835783162824,0,"Analysis_kri0001",2025-04-01,"AA-AA-000-0000"
"0X1571","Site",25,326,0.0766871165644172,-0.237973845786949,0,"Analysis_kri0001",2025-04-01,"AA-AA-000-0000"
"0X2967","Site",9,118,0.076271186440678,-0.153157251929336,0,"Analysis_kri0001",2025-04-01,"AA-AA-000-0000"
"0X9062","Site",32,421,0.0760095011876485,-0.301157852462929,0,"Analysis_kri0001",2025-04-01,"AA-AA-000-0000"
"0X9066","Site",43,568,0.0757042253521127,-0.365883465265375,0,"Analysis_kri0001",2025-04-01,"AA-AA-000-0000"
"0X2131","Site",36,486,0.0740740740740741,-0.417857710991452,0,"Analysis_kri0001",2025-04-01,"AA-AA-000-0000"
"0X2283","Site",4,54,0.0740740740740741,-0.139285903663817,0,"Analysis_kri0001",2025-04-01,"AA-AA-000-0000"
"0X4887","Site",8,109,0.073394495412844,-0.213568292747987,0,"Analysis_kri0001",2025-04-01,"AA-AA-000-0000"
"0X8400","Site",33,451,0.0731707317073171,-0.444922914665197,0,"Analysis_kri0001",2025-04-01,"AA-AA-000-0000"
"0X7271","Site",6,84,0.0714285714285714,-0.227299411152157,0,"Analysis_kri0001",2025-04-01,"AA-AA-000-0000"
"0X6074","Site",4,56,0.0714285714285714,-0.185589192052621,0,"Analysis_kri0001",2025-04-01,"AA-AA-000-0000"
"0X1505","Site",29,412,0.0703883495145631,-0.550050929700017,0,"Analysis_kri0001",2025-04-01,"AA-AA-000-0000"
"0X2460","Site",17,242,0.0702479338842975,-0.426389457351342,0,"Analysis_kri0001",2025-04-01,"AA-AA-000-0000"
"0X2106","Site",30,428,0.0700934579439252,-0.574111169675121,0,"Analysis_kri0001",2025-04-01,"AA-AA-000-0000"
"0X2996","Site",32,462,0.0692640692640693,-0.63587280633813,0,"Analysis_kri0001",2025-04-01,"AA-AA-000-0000"
"0X707","Site",20,290,0.0689655172413793,-0.515023404451529,0,"Analysis_kri0001",2025-04-01,"AA-AA-000-0000"
"0X1464","Site",22,323,0.0681114551083591,-0.577455942573592,0,"Analysis_kri0001",2025-04-01,"AA-AA-000-0000"
"0X5834","Site",5,74,0.0675675675675676,-0.286735990928681,0,"Analysis_kri0001",2025-04-01,"AA-AA-000-0000"
"0X8950","Site",21,315,0.0666666666666667,-0.62692421596533,0,"Analysis_kri0001",2025-04-01,"AA-AA-000-0000"
"0X2614","Site",2,30,0.0666666666666667,-0.193473013391617,0,"Analysis_kri0001",2025-04-01,"AA-AA-000-0000"
"0X5111","Site",19,291,0.0652920962199313,-0.654384198731826,0,"Analysis_kri0001",2025-04-01,"AA-AA-000-0000"
"0X1570","Site",19,294,0.0646258503401361,-0.6829926507793,0,"Analysis_kri0001",2025-04-01,"AA-AA-000-0000"
"0X9433","Site",2,31,0.0645161290322581,-0.223130387515233,0,"Analysis_kri0001",2025-04-01,"AA-AA-000-0000"
"0X7604","Site",12,188,0.0638297872340425,-0.570281697422078,0,"Analysis_kri0001",2025-04-01,"AA-AA-000-0000"
"0X3333","Site",4,63,0.0634920634920635,-0.336050344997738,0,"Analysis_kri0001",2025-04-01,"AA-AA-000-0000"
"0X5558","Site",11,174,0.0632183908045977,-0.566458674095205,0,"Analysis_kri0001",2025-04-01,"AA-AA-000-0000"
"0X6380","Site",15,239,0.0627615062761506,-0.679492827314782,0,"Analysis_kri0001",2025-04-01,"AA-AA-000-0000"
"0X5512","Site",19,305,0.0622950819672131,-0.785601900441468,0,"Analysis_kri0001",2025-04-01,"AA-AA-000-0000"
"0X8084","Site",6,99,0.0606060606060606,-0.484716145832485,0,"Analysis_kri0001",2025-04-01,"AA-AA-000-0000"
"0X805","Site",4,66,0.0606060606060606,-0.395769075792689,0,"Analysis_kri0001",2025-04-01,"AA-AA-000-0000"
"0X7770","Site",8,134,0.0597014925373134,-0.587065156926832,0,"Analysis_kri0001",2025-04-01,"AA-AA-000-0000"
"0X3469","Site",11,186,0.0591397849462366,-0.708584788503314,0,"Analysis_kri0001",2025-04-01,"AA-AA-000-0000"
"0X4343","Site",15,258,0.0581395348837209,-0.870039505346164,0,"Analysis_kri0001",2025-04-01,"AA-AA-000-0000"
"0X2587","Site",8,139,0.0575539568345324,-0.653867227723965,0,"Analysis_kri0001",2025-04-01,"AA-AA-000-0000"
"0X4067","Site",8,149,0.0536912751677852,-0.781170548899035,0,"Analysis_kri0001",2025-04-01,"AA-AA-000-0000"
"0X8040","Site",9,169,0.0532544378698225,-0.844496910248398,0,"Analysis_kri0001",2025-04-01,"AA-AA-000-0000"
"0X1713","Site",4,76,0.0526315789473684,-0.578318523188875,0,"Analysis_kri0001",2025-04-01,"AA-AA-000-0000"
"0X3375","Site",4,82,0.0487804878048781,-0.677775313024812,0,"Analysis_kri0001",2025-04-01,"AA-AA-000-0000"
"0X9417","Site",2,43,0.0465116279069767,-0.523686558590798,0,"Analysis_kri0001",2025-04-01,"AA-AA-000-0000"
"0X2453","Site",5,109,0.0458715596330275,-0.84854493032426,0,"Analysis_kri0001",2025-04-01,"AA-AA-000-0000"
"0X3028","Site",2,48,0.0416666666666667,-0.627471897644378,0,"Analysis_kri0001",2025-04-01,"AA-AA-000-0000"
"0X9144","Site",2,48,0.0416666666666667,-0.627471897644378,0,"Analysis_kri0001",2025-04-01,"AA-AA-000-0000"
"0X4046","Site",2,53,0.0377358490566038,-0.722580197603475,0,"Analysis_kri0001",2025-04-01,"AA-AA-000-0000"
"0X4739","Site",2,60,0.0333333333333333,-0.844175824905207,0,"Analysis_kri0001",2025-04-01,"AA-AA-000-0000"
"0X8997","Site",2,63,0.0317460317460317,-0.892863467696644,0,"Analysis_kri0001",2025-04-01,"AA-AA-000-0000"
"0X2256","Site",4,1,4,NA,NA,"Analysis_kri0001",2025-04-01,"AA-AA-000-0000"
"0X958","Site",8,25,0.32,NA,NA,"Analysis_kri0001",2025-04-01,"AA-AA-000-0000"
"0X6258","Site",3,13,0.230769230769231,NA,NA,"Analysis_kri0001",2025-04-01,"AA-AA-000-0000"
"0X8454","Site",5,22,0.227272727272727,NA,NA,"Analysis_kri0001",2025-04-01,"AA-AA-000-0000"
"0X8705","Site",5,22,0.227272727272727,NA,NA,"Analysis_kri0001",2025-04-01,"AA-AA-000-0000"
"0X8149","Site",3,15,0.2,NA,NA,"Analysis_kri0001",2025-04-01,"AA-AA-000-0000"
"0X769","Site",4,20,0.2,NA,NA,"Analysis_kri0001",2025-04-01,"AA-AA-000-0000"
"0X1794","Site",1,6,0.166666666666667,NA,NA,"Analysis_kri0001",2025-04-01,"AA-AA-000-0000"
"0X181","Site",2,13,0.153846153846154,NA,NA,"Analysis_kri0001",2025-04-01,"AA-AA-000-0000"
"0X6558","Site",4,26,0.153846153846154,NA,NA,"Analysis_kri0001",2025-04-01,"AA-AA-000-0000"
"0X978","Site",2,14,0.142857142857143,NA,NA,"Analysis_kri0001",2025-04-01,"AA-AA-000-0000"
"0X020","Site",3,26,0.115384615384615,NA,NA,"Analysis_kri0001",2025-04-01,"AA-AA-000-0000"
"0X6103","Site",3,27,0.111111111111111,NA,NA,"Analysis_kri0001",2025-04-01,"AA-AA-000-0000"
"0X2547","Site",1,10,0.1,NA,NA,"Analysis_kri0001",2025-04-01,"AA-AA-000-0000"
"0X6959","Site",1,10,0.1,NA,NA,"Analysis_kri0001",2025-04-01,"AA-AA-000-0000"
"0X6072","Site",2,20,0.1,NA,NA,"Analysis_kri0001",2025-04-01,"AA-AA-000-0000"
"0X1302","Site",1,12,0.0833333333333333,NA,NA,"Analysis_kri0001",2025-04-01,"AA-AA-000-0000"
"0X7356","Site",2,28,0.0714285714285714,NA,NA,"Analysis_kri0001",2025-04-01,"AA-AA-000-0000"
"0X2258","Site",1,16,0.0625,NA,NA,"Analysis_kri0001",2025-04-01,"AA-AA-000-0000"
"0X2884","Site",1,18,0.0555555555555556,NA,NA,"Analysis_kri0001",2025-04-01,"AA-AA-000-0000"
"0X077","Site",1,19,0.0526315789473684,NA,NA,"Analysis_kri0001",2025-04-01,"AA-AA-000-0000"
"0X1655","Site",1,20,0.05,NA,NA,"Analysis_kri0001",2025-04-01,"AA-AA-000-0000"
"0X7567","Site",1,20,0.05,NA,NA,"Analysis_kri0001",2025-04-01,"AA-AA-000-0000"
"0X7012","Site",1,29,0.0344827586206897,NA,NA,"Analysis_kri0001",2025-04-01,"AA-AA-000-0000"
"0X5267","Site",0,25,0,NA,NA,"Analysis_kri0001",2025-04-01,"AA-AA-000-0000"
"0X7452","Site",0,25,0,NA,NA,"Analysis_kri0001",2025-04-01,"AA-AA-000-0000"
"0X6252","Site",0,23,0,NA,NA,"Analysis_kri0001",2025-04-01,"AA-AA-000-0000"
"0X6305","Site",0,4,0,NA,NA,"Analysis_kri0001",2025-04-01,"AA-AA-000-0000"
"0X7795","Site",2,380,0.00526315789473684,-1.10784119932454,-1,"Analysis_kri0002",2025-04-01,"AA-AA-000-0000"
"0X5512","Site",1,305,0.00327868852459016,-1.24463522609272,-1,"Analysis_kri0002",2025-04-01,"AA-AA-000-0000"
"0X8743","Site",1,323,0.00309597523219814,-1.30472430461985,-1,"Analysis_kri0002",2025-04-01,"AA-AA-000-0000"
"0X5562","Site",1,432,0.00231481481481481,-1.62701014124535,-1,"Analysis_kri0002",2025-04-01,"AA-AA-000-0000"
"0X5053","Site",0,143,0,-1.13746138182515,-1,"Analysis_kri0002",2025-04-01,"AA-AA-000-0000"
"0X2587","Site",0,139,0,-1.12143999875334,-1,"Analysis_kri0002",2025-04-01,"AA-AA-000-0000"
"0X492","Site",2,55,0.0363636363636364,1.25643503083989,0,"Analysis_kri0002",2025-04-01,"AA-AA-000-0000"
"0X1330","Site",3,88,0.0340909090909091,1.43418002853611,0,"Analysis_kri0002",2025-04-01,"AA-AA-000-0000"
"0X1365","Site",4,120,0.0333333333333333,1.61438943084683,0,"Analysis_kri0002",2025-04-01,"AA-AA-000-0000"
"0X4887","Site",3,109,0.0275229357798165,1.09731413757363,0,"Analysis_kri0002",2025-04-01,"AA-AA-000-0000"
"0X5834","Site",2,74,0.027027027027027,0.873101708716178,0,"Analysis_kri0002",2025-04-01,"AA-AA-000-0000"
"0X2026","Site",3,116,0.0258620689655172,1.00186913722341,0,"Analysis_kri0002",2025-04-01,"AA-AA-000-0000"
"0X9626","Site",4,157,0.0254777070063694,1.1305168944437,0,"Analysis_kri0002",2025-04-01,"AA-AA-000-0000"
"0X3137","Site",11,434,0.0253456221198157,1.85961098756011,0,"Analysis_kri0002",2025-04-01,"AA-AA-000-0000"
"0X2913","Site",3,120,0.025,0.950297143938983,0,"Analysis_kri0002",2025-04-01,"AA-AA-000-0000"
"0X1185","Site",10,402,0.0248756218905473,1.72118773959575,0,"Analysis_kri0002",2025-04-01,"AA-AA-000-0000"
"0X4935","Site",2,85,0.0235294117647059,0.70116182291486,0,"Analysis_kri0002",2025-04-01,"AA-AA-000-0000"
"0X7767","Site",1,43,0.0232558139534884,0.48565253606962,0,"Analysis_kri0002",2025-04-01,"AA-AA-000-0000"
"0X9417","Site",1,43,0.0232558139534884,0.48565253606962,0,"Analysis_kri0002",2025-04-01,"AA-AA-000-0000"
"0X7690","Site",3,139,0.0215827338129496,0.729672928733485,0,"Analysis_kri0002",2025-04-01,"AA-AA-000-0000"
"0X3469","Site",4,186,0.021505376344086,0.836392758366939,0,"Analysis_kri0002",2025-04-01,"AA-AA-000-0000"
"0X8706","Site",4,186,0.021505376344086,0.836392758366939,0,"Analysis_kri0002",2025-04-01,"AA-AA-000-0000"
"0X3028","Site",1,48,0.0208333333333333,0.391016265442131,0,"Analysis_kri0002",2025-04-01,"AA-AA-000-0000"
"0X4067","Site",3,149,0.0201342281879195,0.626837267180874,0,"Analysis_kri0002",2025-04-01,"AA-AA-000-0000"
"0X8829","Site",7,362,0.0193370165745856,0.866704581649077,0,"Analysis_kri0002",2025-04-01,"AA-AA-000-0000"
"0X2594","Site",5,260,0.0192307692307692,0.72205672068742,0,"Analysis_kri0002",2025-04-01,"AA-AA-000-0000"
"0X853","Site",5,263,0.0190114068441065,0.700330793329992,0,"Analysis_kri0002",2025-04-01,"AA-AA-000-0000"
"0X5569","Site",10,527,0.0189753320683112,0.985333723268253,0,"Analysis_kri0002",2025-04-01,"AA-AA-000-0000"
"0X4046","Site",1,53,0.0188679245283019,0.3067870803013,0,"Analysis_kri0002",2025-04-01,"AA-AA-000-0000"
"0X1012","Site",5,266,0.018796992481203,0.678873945947911,0,"Analysis_kri0002",2025-04-01,"AA-AA-000-0000"
"0X1167","Site",2,107,0.0186915887850467,0.422634766192274,0,"Analysis_kri0002",2025-04-01,"AA-AA-000-0000"
"0X2283","Site",1,54,0.0185185185185185,0.290989087867619,0,"Analysis_kri0002",2025-04-01,"AA-AA-000-0000"
"0X9943","Site",1,54,0.0185185185185185,0.290989087867619,0,"Analysis_kri0002",2025-04-01,"AA-AA-000-0000"
"0X2873","Site",2,108,0.0185185185185185,0.411520714564963,0,"Analysis_kri0002",2025-04-01,"AA-AA-000-0000"
"0X5593","Site",7,387,0.0180878552971576,0.717363279403799,0,"Analysis_kri0002",2025-04-01,"AA-AA-000-0000"
"0X6074","Site",1,56,0.0178571428571429,0.260323909722231,0,"Analysis_kri0002",2025-04-01,"AA-AA-000-0000"
"0X8400","Site",8,451,0.0177383592017738,0.720417227467504,0,"Analysis_kri0002",2025-04-01,"AA-AA-000-0000"
"0X1903","Site",6,347,0.0172910662824208,0.571303351047579,0,"Analysis_kri0002",2025-04-01,"AA-AA-000-0000"
"0X707","Site",5,290,0.0172413793103448,0.516121697902386,0,"Analysis_kri0002",2025-04-01,"AA-AA-000-0000"
"0X4131","Site",7,408,0.017156862745098,0.599766602574726,0,"Analysis_kri0002",2025-04-01,"AA-AA-000-0000"
"0X2967","Site",2,118,0.0169491525423729,0.306133013219994,0,"Analysis_kri0002",2025-04-01,"AA-AA-000-0000"
"0X4148","Site",3,178,0.0168539325842697,0.366750673891583,0,"Analysis_kri0002",2025-04-01,"AA-AA-000-0000"
"0X7472","Site",6,360,0.0166666666666667,0.495721353750918,0,"Analysis_kri0002",2025-04-01,"AA-AA-000-0000"
"0X7604","Site",3,188,0.0159574468085106,0.287490511400614,0,"Analysis_kri0002",2025-04-01,"AA-AA-000-0000"
"0X8504","Site",3,191,0.0157068062827225,0.264576023757384,0,"Analysis_kri0002",2025-04-01,"AA-AA-000-0000"
"0X1571","Site",5,326,0.0153374233128834,0.297136602259982,0,"Analysis_kri0002",2025-04-01,"AA-AA-000-0000"
"0X9184","Site",6,393,0.0152671755725191,0.31611393025485,0,"Analysis_kri0002",2025-04-01,"AA-AA-000-0000"
"0X2779","Site",1,68,0.0147058823529412,0.097821186513963,0,"Analysis_kri0002",2025-04-01,"AA-AA-000-0000"
"0X1175","Site",2,140,0.0142857142857143,0.104193248399549,0,"Analysis_kri0002",2025-04-01,"AA-AA-000-0000"
"0X9062","Site",6,421,0.0142517814726841,0.175617709077517,0,"Analysis_kri0002",2025-04-01,"AA-AA-000-0000"
"0X9779","Site",7,495,0.0141414141414141,0.172564263811771,0,"Analysis_kri0002",2025-04-01,"AA-AA-000-0000"
"0X2896","Site",5,357,0.0140056022408964,0.127881127647974,0,"Analysis_kri0002",2025-04-01,"AA-AA-000-0000"
"0X6174","Site",5,361,0.0138504155124654,0.107145555815424,0,"Analysis_kri0002",2025-04-01,"AA-AA-000-0000"
"0X6096","Site",2,145,0.0137931034482759,0.0628849144278858,0,"Analysis_kri0002",2025-04-01,"AA-AA-000-0000"
"0X9845","Site",9,659,0.0136570561456753,0.108654940051098,0,"Analysis_kri0002",2025-04-01,"AA-AA-000-0000"
"0X6533","Site",8,588,0.0136054421768707,0.0935300914031841,0,"Analysis_kri0002",2025-04-01,"AA-AA-000-0000"
"0X5705","Site",7,528,0.0132575757575758,0.0304799366511999,0,"Analysis_kri0002",2025-04-01,"AA-AA-000-0000"
"0X4621","Site",11,834,0.013189448441247,0.0239944156144406,0,"Analysis_kri0002",2025-04-01,"AA-AA-000-0000"
"0X1154","Site",3,230,0.0130434782608696,-0.00350389991908322,0,"Analysis_kri0002",2025-04-01,"AA-AA-000-0000"
"0X5171","Site",3,230,0.0130434782608696,-0.00350389991908322,0,"Analysis_kri0002",2025-04-01,"AA-AA-000-0000"
"0X8058","Site",1,77,0.012987012987013,-0.00563187746368394,0,"Analysis_kri0002",2025-04-01,"AA-AA-000-0000"
"0X9046","Site",4,312,0.0128205128205128,-0.0327315980561353,0,"Analysis_kri0002",2025-04-01,"AA-AA-000-0000"
"0X5836","Site",2,157,0.0127388535031847,-0.030662254367813,0,"Analysis_kri0002",2025-04-01,"AA-AA-000-0000"
"0X8950","Site",4,315,0.0126984126984127,-0.0486534565084102,0,"Analysis_kri0002",2025-04-01,"AA-AA-000-0000"
"0X5729","Site",3,243,0.0123456790123457,-0.0827336625454909,0,"Analysis_kri0002",2025-04-01,"AA-AA-000-0000"
"0X1505","Site",5,412,0.0121359223300971,-0.138700797121,0,"Analysis_kri0002",2025-04-01,"AA-AA-000-0000"
"0X7271","Site",1,84,0.0119047619047619,-0.0780406769423707,0,"Analysis_kri0002",2025-04-01,"AA-AA-000-0000"
"0X8040","Site",2,169,0.0118343195266272,-0.117356041286179,0,"Analysis_kri0002",2025-04-01,"AA-AA-000-0000"
"0X4343","Site",3,258,0.0116279069767442,-0.169120636012283,0,"Analysis_kri0002",2025-04-01,"AA-AA-000-0000"
"0X6710","Site",1,93,0.010752688172043,-0.162939155586431,0,"Analysis_kri0002",2025-04-01,"AA-AA-000-0000"
"0X9066","Site",6,568,0.0105633802816901,-0.435499999461144,0,"Analysis_kri0002",2025-04-01,"AA-AA-000-0000"
"0X8530","Site",4,382,0.0104712041884817,-0.370251868962283,0,"Analysis_kri0002",2025-04-01,"AA-AA-000-0000"
"0X5111","Site",3,291,0.0103092783505155,-0.343250595706844,0,"Analysis_kri0002",2025-04-01,"AA-AA-000-0000"
"0X2131","Site",5,486,0.0102880658436214,-0.446993178049795,0,"Analysis_kri0002",2025-04-01,"AA-AA-000-0000"
"0X1570","Site",3,294,0.0102040816326531,-0.358137237226449,0,"Analysis_kri0002",2025-04-01,"AA-AA-000-0000"
"0X6774","Site",6,591,0.0101522842639594,-0.516933469354309,0,"Analysis_kri0002",2025-04-01,"AA-AA-000-0000"
"0X8084","Site",1,99,0.0101010101010101,-0.215283532960109,0,"Analysis_kri0002",2025-04-01,"AA-AA-000-0000"
"0X7206","Site",4,397,0.0100755667506297,-0.434798348886336,0,"Analysis_kri0002",2025-04-01,"AA-AA-000-0000"
"0X108","Site",6,600,0.01,-0.547990881675153,0,"Analysis_kri0002",2025-04-01,"AA-AA-000-0000"
"0X2521","Site",3,317,0.00946372239747634,-0.467776191363345,0,"Analysis_kri0002",2025-04-01,"AA-AA-000-0000"
"0X8676","Site",1,106,0.00943396226415094,-0.272725337180112,0,"Analysis_kri0002",2025-04-01,"AA-AA-000-0000"
"0X2106","Site",4,428,0.00934579439252336,-0.561286915694273,0,"Analysis_kri0002",2025-04-01,"AA-AA-000-0000"
"0X1464","Site",3,323,0.00928792569659443,-0.4951666310755,0,"Analysis_kri0002",2025-04-01,"AA-AA-000-0000"
"0X1070","Site",5,560,0.00892857142857143,-0.713858484185705,0,"Analysis_kri0002",2025-04-01,"AA-AA-000-0000"
"0X2996","Site",4,462,0.00865800865800866,-0.690700763835851,0,"Analysis_kri0002",2025-04-01,"AA-AA-000-0000"
"0X6380","Site",2,239,0.00836820083682008,-0.52937762529394,0,"Analysis_kri0002",2025-04-01,"AA-AA-000-0000"
"0X7543","Site",3,359,0.00835654596100279,-0.650410977616506,0,"Analysis_kri0002",2025-04-01,"AA-AA-000-0000"
"0X930","Site",1,120,0.00833333333333333,-0.377887429876706,0,"Analysis_kri0002",2025-04-01,"AA-AA-000-0000"
"0X2460","Site",2,242,0.00826446280991736,-0.544429626692804,0,"Analysis_kri0002",2025-04-01,"AA-AA-000-0000"
"0X3959","Site",3,371,0.00808625336927224,-0.699065915658052,0,"Analysis_kri0002",2025-04-01,"AA-AA-000-0000"
"0X7770","Site",1,134,0.00746268656716418,-0.472641384455215,0,"Analysis_kri0002",2025-04-01,"AA-AA-000-0000"
"0X9595","Site",3,436,0.00688073394495413,-0.940954889434742,0,"Analysis_kri0002",2025-04-01,"AA-AA-000-0000"
"0X6937","Site",1,173,0.00578034682080925,-0.698008791643014,0,"Analysis_kri0002",2025-04-01,"AA-AA-000-0000"
"0X5558","Site",1,174,0.00574712643678161,-0.703211104550143,0,"Analysis_kri0002",2025-04-01,"AA-AA-000-0000"
"0X8213","Site",1,180,0.00555555555555556,-0.73393023254521,0,"Analysis_kri0002",2025-04-01,"AA-AA-000-0000"
"0X4629","Site",1,201,0.00497512437810945,-0.83542634504498,0,"Analysis_kri0002",2025-04-01,"AA-AA-000-0000"
"0X2453","Site",0,109,0,-0.99307463881437,0,"Analysis_kri0002",2025-04-01,"AA-AA-000-0000"
"0X5907","Site",0,83,0,-0.86657805767765,0,"Analysis_kri0002",2025-04-01,"AA-AA-000-0000"
"0X3375","Site",0,82,0,-0.861341888545686,0,"Analysis_kri0002",2025-04-01,"AA-AA-000-0000"
"0X1713","Site",0,76,0,-0.829230825798178,0,"Analysis_kri0002",2025-04-01,"AA-AA-000-0000"
"0X805","Site",0,66,0,-0.772752839920195,0,"Analysis_kri0002",2025-04-01,"AA-AA-000-0000"
"0X3333","Site",0,63,0,-0.754986031890635,0,"Analysis_kri0002",2025-04-01,"AA-AA-000-0000"
"0X8997","Site",0,63,0,-0.754986031890635,0,"Analysis_kri0002",2025-04-01,"AA-AA-000-0000"
"0X9913","Site",0,63,0,-0.754986031890635,0,"Analysis_kri0002",2025-04-01,"AA-AA-000-0000"
"0X4739","Site",0,60,0,-0.736790923597194,0,"Analysis_kri0002",2025-04-01,"AA-AA-000-0000"
"0X1319","Site",0,56,0,-0.711807657134655,0,"Analysis_kri0002",2025-04-01,"AA-AA-000-0000"
"0X5362","Site",0,50,0,-0.672595015032081,0,"Analysis_kri0002",2025-04-01,"AA-AA-000-0000"
"0X9144","Site",0,48,0,-0.659005836147272,0,"Analysis_kri0002",2025-04-01,"AA-AA-000-0000"
"0X2004","Site",0,46,0,-0.645130475102769,0,"Analysis_kri0002",2025-04-01,"AA-AA-000-0000"
"0X8085","Site",0,43,0,-0.623738957137972,0,"Analysis_kri0002",2025-04-01,"AA-AA-000-0000"
"0X5224","Site",0,37,0,-0.578588109229739,0,"Analysis_kri0002",2025-04-01,"AA-AA-000-0000"
"0X525","Site",0,37,0,-0.578588109229739,0,"Analysis_kri0002",2025-04-01,"AA-AA-000-0000"
"0X1958","Site",0,33,0,-0.546418773288733,0,"Analysis_kri0002",2025-04-01,"AA-AA-000-0000"
"0X4441","Site",0,33,0,-0.546418773288733,0,"Analysis_kri0002",2025-04-01,"AA-AA-000-0000"
"0X9433","Site",0,31,0,-0.52960184443837,0,"Analysis_kri0002",2025-04-01,"AA-AA-000-0000"
"0X2614","Site",0,30,0,-0.520989858392275,0,"Analysis_kri0002",2025-04-01,"AA-AA-000-0000"
"0X4511","Site",0,30,0,-0.520989858392275,0,"Analysis_kri0002",2025-04-01,"AA-AA-000-0000"
"0X2256","Site",1,1,1,NA,NA,"Analysis_kri0002",2025-04-01,"AA-AA-000-0000"
"0X2547","Site",1,10,0.1,NA,NA,"Analysis_kri0002",2025-04-01,"AA-AA-000-0000"
"0X6959","Site",1,10,0.1,NA,NA,"Analysis_kri0002",2025-04-01,"AA-AA-000-0000"
"0X6072","Site",2,20,0.1,NA,NA,"Analysis_kri0002",2025-04-01,"AA-AA-000-0000"
"0X958","Site",2,25,0.08,NA,NA,"Analysis_kri0002",2025-04-01,"AA-AA-000-0000"
"0X6258","Site",1,13,0.0769230769230769,NA,NA,"Analysis_kri0002",2025-04-01,"AA-AA-000-0000"
"0X8149","Site",1,15,0.0666666666666667,NA,NA,"Analysis_kri0002",2025-04-01,"AA-AA-000-0000"
"0X1655","Site",1,20,0.05,NA,NA,"Analysis_kri0002",2025-04-01,"AA-AA-000-0000"
"0X7567","Site",1,20,0.05,NA,NA,"Analysis_kri0002",2025-04-01,"AA-AA-000-0000"
"0X8454","Site",1,22,0.0454545454545455,NA,NA,"Analysis_kri0002",2025-04-01,"AA-AA-000-0000"
"0X8705","Site",1,22,0.0454545454545455,NA,NA,"Analysis_kri0002",2025-04-01,"AA-AA-000-0000"
"0X6558","Site",1,26,0.0384615384615385,NA,NA,"Analysis_kri0002",2025-04-01,"AA-AA-000-0000"
"0X7356","Site",1,28,0.0357142857142857,NA,NA,"Analysis_kri0002",2025-04-01,"AA-AA-000-0000"
"0X7012","Site",1,29,0.0344827586206897,NA,NA,"Analysis_kri0002",2025-04-01,"AA-AA-000-0000"
"0X6103","Site",0,27,0,NA,NA,"Analysis_kri0002",2025-04-01,"AA-AA-000-0000"
"0X020","Site",0,26,0,NA,NA,"Analysis_kri0002",2025-04-01,"AA-AA-000-0000"
"0X5267","Site",0,25,0,NA,NA,"Analysis_kri0002",2025-04-01,"AA-AA-000-0000"
"0X7452","Site",0,25,0,NA,NA,"Analysis_kri0002",2025-04-01,"AA-AA-000-0000"
"0X6252","Site",0,23,0,NA,NA,"Analysis_kri0002",2025-04-01,"AA-AA-000-0000"
"0X769","Site",0,20,0,NA,NA,"Analysis_kri0002",2025-04-01,"AA-AA-000-0000"
"0X077","Site",0,19,0,NA,NA,"Analysis_kri0002",2025-04-01,"AA-AA-000-0000"
"0X2884","Site",0,18,0,NA,NA,"Analysis_kri0002",2025-04-01,"AA-AA-000-0000"
"0X2258","Site",0,16,0,NA,NA,"Analysis_kri0002",2025-04-01,"AA-AA-000-0000"
"0X978","Site",0,14,0,NA,NA,"Analysis_kri0002",2025-04-01,"AA-AA-000-0000"
"0X181","Site",0,13,0,NA,NA,"Analysis_kri0002",2025-04-01,"AA-AA-000-0000"
"0X1302","Site",0,12,0,NA,NA,"Analysis_kri0002",2025-04-01,"AA-AA-000-0000"
"0X1794","Site",0,6,0,NA,NA,"Analysis_kri0002",2025-04-01,"AA-AA-000-0000"
"0X6305","Site",0,4,0,NA,NA,"Analysis_kri0002",2025-04-01,"AA-AA-000-0000"
"0X9595","Site",35,436,0.0802752293577982,3.27753619447502,2,"Analysis_kri0003",2025-04-01,"AA-AA-000-0000"
"0X2614","Site",4,30,0.133333333333333,2.04030282243285,1,"Analysis_kri0003",2025-04-01,"AA-AA-000-0000"
"0X6710","Site",9,93,0.0967741935483871,2.16008370069249,1,"Analysis_kri0003",2025-04-01,"AA-AA-000-0000"
"0X1319","Site",6,56,0.107142857142857,1.99139602955219,0,"Analysis_kri0003",2025-04-01,"AA-AA-000-0000"
"0X525","Site",3,37,0.0810810810810811,0.974696853038004,0,"Analysis_kri0003",2025-04-01,"AA-AA-000-0000"
"0X1713","Site",6,76,0.0789473684210526,1.32136767075195,0,"Analysis_kri0003",2025-04-01,"AA-AA-000-0000"
"0X9626","Site",12,157,0.0764331210191083,1.77120426393524,0,"Analysis_kri0003",2025-04-01,"AA-AA-000-0000"
"0X6937","Site",13,173,0.0751445086705202,1.79041434825679,0,"Analysis_kri0003",2025-04-01,"AA-AA-000-0000"
"0X1167","Site",8,107,0.0747663551401869,1.39217344159432,0,"Analysis_kri0003",2025-04-01,"AA-AA-000-0000"
"0X2283","Site",4,54,0.0740740740740741,0.96833859284259,0,"Analysis_kri0003",2025-04-01,"AA-AA-000-0000"
"0X6380","Site",16,239,0.0669456066945607,1.58949357290454,0,"Analysis_kri0003",2025-04-01,"AA-AA-000-0000"
"0X4739","Site",4,60,0.0666666666666667,0.787630322005298,0,"Analysis_kri0003",2025-04-01,"AA-AA-000-0000"
"0X930","Site",8,120,0.0666666666666667,1.11387748351618,0,"Analysis_kri0003",2025-04-01,"AA-AA-000-0000"
"0X8530","Site",24,382,0.06282722513089,1.68252453676612,0,"Analysis_kri0003",2025-04-01,"AA-AA-000-0000"
"0X9046","Site",19,312,0.0608974358974359,1.38209896682399,0,"Analysis_kri0003",2025-04-01,"AA-AA-000-0000"
"0X4441","Site",2,33,0.0606060606060606,0.44268906452923,0,"Analysis_kri0003",2025-04-01,"AA-AA-000-0000"
"0X7206","Site",24,397,0.0604534005037783,1.52309833928237,0,"Analysis_kri0003",2025-04-01,"AA-AA-000-0000"
"0X4067","Site",9,149,0.0604026845637584,0.930580048144649,0,"Analysis_kri0003",2025-04-01,"AA-AA-000-0000"
"0X5362","Site",3,50,0.06,0.527503344535078,0,"Analysis_kri0003",2025-04-01,"AA-AA-000-0000"
"0X5593","Site",23,387,0.0594315245478036,1.42212913339249,0,"Analysis_kri0003",2025-04-01,"AA-AA-000-0000"
"0X2779","Site",4,68,0.0588235294117647,0.575758645955178,0,"Analysis_kri0003",2025-04-01,"AA-AA-000-0000"
"0X4935","Site",5,85,0.0588235294117647,0.643717735494506,0,"Analysis_kri0003",2025-04-01,"AA-AA-000-0000"
"0X1154","Site",13,230,0.0565217391304348,0.917077371479575,0,"Analysis_kri0003",2025-04-01,"AA-AA-000-0000"
"0X9066","Site",32,568,0.0563380281690141,1.4233869833352,0,"Analysis_kri0003",2025-04-01,"AA-AA-000-0000"
"0X8213","Site",10,180,0.0555555555555556,0.758634885224041,0,"Analysis_kri0003",2025-04-01,"AA-AA-000-0000"
"0X2453","Site",6,109,0.055045871559633,0.568733462701688,0,"Analysis_kri0003",2025-04-01,"AA-AA-000-0000"
"0X2996","Site",25,462,0.0541125541125541,1.08939655514333,0,"Analysis_kri0003",2025-04-01,"AA-AA-000-0000"
"0X5224","Site",2,37,0.0540540540540541,0.306849009289742,0,"Analysis_kri0003",2025-04-01,"AA-AA-000-0000"
"0X8706","Site",10,186,0.0537634408602151,0.671886262585089,0,"Analysis_kri0003",2025-04-01,"AA-AA-000-0000"
"0X3137","Site",23,434,0.0529953917050691,0.96132338143269,0,"Analysis_kri0003",2025-04-01,"AA-AA-000-0000"
"0X8504","Site",10,191,0.0523560209424084,0.601840425918897,0,"Analysis_kri0003",2025-04-01,"AA-AA-000-0000"
"0X7770","Site",7,134,0.0522388059701493,0.498588375173029,0,"Analysis_kri0003",2025-04-01,"AA-AA-000-0000"
"0X8058","Site",4,77,0.051948051948052,0.367586136417716,0,"Analysis_kri0003",2025-04-01,"AA-AA-000-0000"
"0X5569","Site",27,527,0.0512333965844402,0.895007539113809,0,"Analysis_kri0003",2025-04-01,"AA-AA-000-0000"
"0X8084","Site",5,99,0.0505050505050505,0.358477425891542,0,"Analysis_kri0003",2025-04-01,"AA-AA-000-0000"
"0X8829","Site",18,362,0.0497237569060773,0.62509837456637,0,"Analysis_kri0003",2025-04-01,"AA-AA-000-0000"
"0X2106","Site",21,428,0.0490654205607477,0.624369564316926,0,"Analysis_kri0003",2025-04-01,"AA-AA-000-0000"
"0X3375","Site",4,82,0.0487804878048781,0.262810301286163,0,"Analysis_kri0003",2025-04-01,"AA-AA-000-0000"
"0X3469","Site",9,186,0.0483870967741935,0.374019587235676,0,"Analysis_kri0003",2025-04-01,"AA-AA-000-0000"
"0X9913","Site",3,63,0.0476190476190476,0.192909834713009,0,"Analysis_kri0003",2025-04-01,"AA-AA-000-0000"
"0X2896","Site",17,357,0.0476190476190476,0.459217259254995,0,"Analysis_kri0003",2025-04-01,"AA-AA-000-0000"
"0X6533","Site",28,588,0.0476190476190476,0.589349279915856,0,"Analysis_kri0003",2025-04-01,"AA-AA-000-0000"
"0X7767","Site",2,43,0.0465116279069767,0.129874117930731,0,"Analysis_kri0003",2025-04-01,"AA-AA-000-0000"
"0X9417","Site",2,43,0.0465116279069767,0.129874117930731,0,"Analysis_kri0003",2025-04-01,"AA-AA-000-0000"
"0X5558","Site",8,174,0.0459770114942529,0.23260596979779,0,"Analysis_kri0003",2025-04-01,"AA-AA-000-0000"
"0X5512","Site",14,305,0.0459016393442623,0.302613948195345,0,"Analysis_kri0003",2025-04-01,"AA-AA-000-0000"
"0X9845","Site",30,659,0.0455235204855842,0.405385303979559,0,"Analysis_kri0003",2025-04-01,"AA-AA-000-0000"
"0X2521","Site",14,317,0.0441640378548896,0.182831885681958,0,"Analysis_kri0003",2025-04-01,"AA-AA-000-0000"
"0X5171","Site",10,230,0.0434782608695652,0.113485145179892,0,"Analysis_kri0003",2025-04-01,"AA-AA-000-0000"
"0X8743","Site",14,323,0.043343653250774,0.124658137102584,0,"Analysis_kri0003",2025-04-01,"AA-AA-000-0000"
"0X2967","Site",5,118,0.0423728813559322,0.0325073000385359,0,"Analysis_kri0003",2025-04-01,"AA-AA-000-0000"
"0X2594","Site",11,260,0.0423076923076923,0.0439831337351032,0,"Analysis_kri0003",2025-04-01,"AA-AA-000-0000"
"0X5053","Site",6,143,0.041958041958042,0.0156331851969814,0,"Analysis_kri0003",2025-04-01,"AA-AA-000-0000"
"0X853","Site",11,263,0.0418250950570342,0.0124424521853243,0,"Analysis_kri0003",2025-04-01,"AA-AA-000-0000"
"0X9144","Site",2,48,0.0416666666666667,0.000856612325459063,0,"Analysis_kri0003",2025-04-01,"AA-AA-000-0000"
"0X6096","Site",6,145,0.0413793103448276,-0.0125678537139252,0,"Analysis_kri0003",2025-04-01,"AA-AA-000-0000"
"0X1570","Site",12,294,0.0408163265306122,-0.0571104019369812,0,"Analysis_kri0003",2025-04-01,"AA-AA-000-0000"
"0X5834","Site",3,74,0.0405405405405405,-0.0382897085769088,0,"Analysis_kri0003",2025-04-01,"AA-AA-000-0000"
"0X7543","Site",14,359,0.0389972144846797,-0.203127018421128,0,"Analysis_kri0003",2025-04-01,"AA-AA-000-0000"
"0X9184","Site",15,393,0.0381679389312977,-0.279312457707564,0,"Analysis_kri0003",2025-04-01,"AA-AA-000-0000"
"0X3959","Site",14,371,0.0377358490566038,-0.305191520376706,0,"Analysis_kri0003",2025-04-01,"AA-AA-000-0000"
"0X8400","Site",17,451,0.0376940133037694,-0.340100480081346,0,"Analysis_kri0003",2025-04-01,"AA-AA-000-0000"
"0X2460","Site",9,242,0.0371900826446281,-0.280976504845653,0,"Analysis_kri0003",2025-04-01,"AA-AA-000-0000"
"0X5562","Site",16,432,0.037037037037037,-0.388330920874789,0,"Analysis_kri0003",2025-04-01,"AA-AA-000-0000"
"0X9943","Site",2,54,0.037037037037037,-0.13729571374749,0,"Analysis_kri0003",2025-04-01,"AA-AA-000-0000"
"0X1505","Site",15,412,0.0364077669902913,-0.431122914519044,0,"Analysis_kri0003",2025-04-01,"AA-AA-000-0000"
"0X9779","Site",18,495,0.0363636363636364,-0.47654658179547,0,"Analysis_kri0003",2025-04-01,"AA-AA-000-0000"
"0X492","Site",2,55,0.0363636363636364,-0.15884886059849,0,"Analysis_kri0003",2025-04-01,"AA-AA-000-0000"
"0X4621","Site",30,834,0.0359712230215827,-0.664602434701387,0,"Analysis_kri0003",2025-04-01,"AA-AA-000-0000"
"0X7690","Site",5,139,0.0359712230215827,-0.271322807804962,0,"Analysis_kri0003",2025-04-01,"AA-AA-000-0000"
"0X1070","Site",20,560,0.0357142857142857,-0.56929422904572,0,"Analysis_kri0003",2025-04-01,"AA-AA-000-0000"
"0X1175","Site",5,140,0.0357142857142857,-0.28464711452286,0,"Analysis_kri0003",2025-04-01,"AA-AA-000-0000"
"0X6774","Site",21,591,0.0355329949238579,-0.602743155177076,0,"Analysis_kri0003",2025-04-01,"AA-AA-000-0000"
"0X8040","Site",6,169,0.0355029585798817,-0.323902265146221,0,"Analysis_kri0003",2025-04-01,"AA-AA-000-0000"
"0X1330","Site",3,88,0.0340909090909091,-0.287539484081454,0,"Analysis_kri0003",2025-04-01,"AA-AA-000-0000"
"0X1464","Site",11,323,0.0340557275541796,-0.553449106712397,0,"Analysis_kri0003",2025-04-01,"AA-AA-000-0000"
"0X108","Site",20,600,0.0333333333333333,-0.826197148021659,0,"Analysis_kri0003",2025-04-01,"AA-AA-000-0000"
"0X1365","Site",4,120,0.0333333333333333,-0.369486597158577,0,"Analysis_kri0003",2025-04-01,"AA-AA-000-0000"
"0X2913","Site",4,120,0.0333333333333333,-0.369486597158577,0,"Analysis_kri0003",2025-04-01,"AA-AA-000-0000"
"0X4511","Site",1,30,0.0333333333333333,-0.184743298579289,0,"Analysis_kri0003",2025-04-01,"AA-AA-000-0000"
"0X1185","Site",13,402,0.0323383084577114,-0.757316348905648,0,"Analysis_kri0003",2025-04-01,"AA-AA-000-0000"
"0X3333","Site",2,63,0.0317460317460317,-0.318899397306583,0,"Analysis_kri0003",2025-04-01,"AA-AA-000-0000"
"0X8997","Site",2,63,0.0317460317460317,-0.318899397306583,0,"Analysis_kri0003",2025-04-01,"AA-AA-000-0000"
"0X5111","Site",9,291,0.0309278350515464,-0.742077559438834,0,"Analysis_kri0003",2025-04-01,"AA-AA-000-0000"
"0X9062","Site",13,421,0.0308788598574822,-0.896655431565612,0,"Analysis_kri0003",2025-04-01,"AA-AA-000-0000"
"0X1571","Site",10,326,0.0306748466257669,-0.80399359757213,0,"Analysis_kri0003",2025-04-01,"AA-AA-000-0000"
"0X7472","Site",11,360,0.0305555555555556,-0.854074721815339,0,"Analysis_kri0003",2025-04-01,"AA-AA-000-0000"
"0X5705","Site",16,528,0.0303030303030303,-1.0579080561912,0,"Analysis_kri0003",2025-04-01,"AA-AA-000-0000"
"0X805","Site",2,66,0.0303030303030303,-0.37402698020234,0,"Analysis_kri0003",2025-04-01,"AA-AA-000-0000"
"0X1012","Site",8,266,0.0300751879699248,-0.765977864719772,0,"Analysis_kri0003",2025-04-01,"AA-AA-000-0000"
"0X1903","Site",10,347,0.0288184438040346,-0.969965257106462,0,"Analysis_kri0003",2025-04-01,"AA-AA-000-0000"
"0X2587","Site",4,139,0.0287769784172662,-0.615887672262285,0,"Analysis_kri0003",2025-04-01,"AA-AA-000-0000"
"0X8676","Site",3,106,0.0283018867924528,-0.557702997543579,0,"Analysis_kri0003",2025-04-01,"AA-AA-000-0000"
"0X4887","Site",3,109,0.0275229357798165,-0.598577047701027,0,"Analysis_kri0003",2025-04-01,"AA-AA-000-0000"
"0X4131","Site",11,408,0.0269607843137255,-1.20420325161583,0,"Analysis_kri0003",2025-04-01,"AA-AA-000-0000"
"0X7604","Site",5,188,0.0265957446808511,-0.837759167003917,0,"Analysis_kri0003",2025-04-01,"AA-AA-000-0000"
"0X7795","Site",10,380,0.0263157894736842,-1.21322531903778,0,"Analysis_kri0003",2025-04-01,"AA-AA-000-0000"
"0X2026","Site",3,116,0.0258620689655172,-0.690166185933366,0,"Analysis_kri0003",2025-04-01,"AA-AA-000-0000"
"0X5836","Site",4,157,0.0254777070063694,-0.822488622629642,0,"Analysis_kri0003",2025-04-01,"AA-AA-000-0000"
"0X5729","Site",6,243,0.0246913580246914,-1.07304970635842,0,"Analysis_kri0003",2025-04-01,"AA-AA-000-0000"
"0X5907","Site",2,83,0.0240963855421687,-0.649147209513358,0,"Analysis_kri0003",2025-04-01,"AA-AA-000-0000"
"0X7271","Site",2,84,0.0238095238095238,-0.663726503638977,0,"Analysis_kri0003",2025-04-01,"AA-AA-000-0000"
"0X4343","Site",6,258,0.0232558139534884,-1.19934353986667,0,"Analysis_kri0003",2025-04-01,"AA-AA-000-0000"
"0X2131","Site",11,486,0.0226337448559671,-1.70179383226423,0,"Analysis_kri0003",2025-04-01,"AA-AA-000-0000"
"0X4148","Site",4,178,0.0224719101123595,-1.038680124757,0,"Analysis_kri0003",2025-04-01,"AA-AA-000-0000"
"0X8950","Site",7,315,0.0222222222222222,-1.39974487094589,0,"Analysis_kri0003",2025-04-01,"AA-AA-000-0000"
"0X3028","Site",1,48,0.0208333333333333,-0.58549452445129,0,"Analysis_kri0003",2025-04-01,"AA-AA-000-0000"
"0X6174","Site",7,361,0.0193905817174515,-1.71702679942243,0,"Analysis_kri0003",2025-04-01,"AA-AA-000-0000"
"0X2873","Site",2,108,0.0185185185185185,-0.975966976139726,0,"Analysis_kri0003",2025-04-01,"AA-AA-000-0000"
"0X6074","Site",1,56,0.0178571428571429,-0.722882310209805,0,"Analysis_kri0003",2025-04-01,"AA-AA-000-0000"
"0X707","Site",5,290,0.0172413793103448,-1.68762351502268,0,"Analysis_kri0003",2025-04-01,"AA-AA-000-0000"
"0X4629","Site",3,201,0.0149253731343284,-1.53838222190247,0,"Analysis_kri0003",2025-04-01,"AA-AA-000-0000"
"0X4046","Site",0,53,0,-1.23136762930632,0,"Analysis_kri0003",2025-04-01,"AA-AA-000-0000"
"0X2004","Site",0,46,0,-1.14717246298592,0,"Analysis_kri0003",2025-04-01,"AA-AA-000-0000"
"0X8085","Site",0,43,0,-1.10913401758962,0,"Analysis_kri0003",2025-04-01,"AA-AA-000-0000"
"0X1958","Site",0,33,0,-0.971643092624832,0,"Analysis_kri0003",2025-04-01,"AA-AA-000-0000"
"0X9433","Site",0,31,0,-0.941739191889006,0,"Analysis_kri0003",2025-04-01,"AA-AA-000-0000"
"0X2256","Site",1,1,1,NA,NA,"Analysis_kri0003",2025-04-01,"AA-AA-000-0000"
"0X6305","Site",1,4,0.25,NA,NA,"Analysis_kri0003",2025-04-01,"AA-AA-000-0000"
"0X6072","Site",4,20,0.2,NA,NA,"Analysis_kri0003",2025-04-01,"AA-AA-000-0000"
"0X6258","Site",2,13,0.153846153846154,NA,NA,"Analysis_kri0003",2025-04-01,"AA-AA-000-0000"
"0X7452","Site",3,25,0.12,NA,NA,"Analysis_kri0003",2025-04-01,"AA-AA-000-0000"
"0X2884","Site",2,18,0.111111111111111,NA,NA,"Analysis_kri0003",2025-04-01,"AA-AA-000-0000"
"0X6959","Site",1,10,0.1,NA,NA,"Analysis_kri0003",2025-04-01,"AA-AA-000-0000"
"0X8454","Site",2,22,0.0909090909090909,NA,NA,"Analysis_kri0003",2025-04-01,"AA-AA-000-0000"
"0X1302","Site",1,12,0.0833333333333333,NA,NA,"Analysis_kri0003",2025-04-01,"AA-AA-000-0000"
"0X958","Site",2,25,0.08,NA,NA,"Analysis_kri0003",2025-04-01,"AA-AA-000-0000"
"0X6558","Site",2,26,0.0769230769230769,NA,NA,"Analysis_kri0003",2025-04-01,"AA-AA-000-0000"
"0X6103","Site",2,27,0.0740740740740741,NA,NA,"Analysis_kri0003",2025-04-01,"AA-AA-000-0000"
"0X077","Site",1,19,0.0526315789473684,NA,NA,"Analysis_kri0003",2025-04-01,"AA-AA-000-0000"
"0X1655","Site",1,20,0.05,NA,NA,"Analysis_kri0003",2025-04-01,"AA-AA-000-0000"
"0X769","Site",1,20,0.05,NA,NA,"Analysis_kri0003",2025-04-01,"AA-AA-000-0000"
"0X7356","Site",1,28,0.0357142857142857,NA,NA,"Analysis_kri0003",2025-04-01,"AA-AA-000-0000"
"0X7012","Site",0,29,0,NA,NA,"Analysis_kri0003",2025-04-01,"AA-AA-000-0000"
"0X020","Site",0,26,0,NA,NA,"Analysis_kri0003",2025-04-01,"AA-AA-000-0000"
"0X5267","Site",0,25,0,NA,NA,"Analysis_kri0003",2025-04-01,"AA-AA-000-0000"
"0X6252","Site",0,23,0,NA,NA,"Analysis_kri0003",2025-04-01,"AA-AA-000-0000"
"0X8705","Site",0,22,0,NA,NA,"Analysis_kri0003",2025-04-01,"AA-AA-000-0000"
"0X7567","Site",0,20,0,NA,NA,"Analysis_kri0003",2025-04-01,"AA-AA-000-0000"
"0X2258","Site",0,16,0,NA,NA,"Analysis_kri0003",2025-04-01,"AA-AA-000-0000"
"0X8149","Site",0,15,0,NA,NA,"Analysis_kri0003",2025-04-01,"AA-AA-000-0000"
"0X978","Site",0,14,0,NA,NA,"Analysis_kri0003",2025-04-01,"AA-AA-000-0000"
"0X181","Site",0,13,0,NA,NA,"Analysis_kri0003",2025-04-01,"AA-AA-000-0000"
"0X2547","Site",0,10,0,NA,NA,"Analysis_kri0003",2025-04-01,"AA-AA-000-0000"
"0X1794","Site",0,6,0,NA,NA,"Analysis_kri0003",2025-04-01,"AA-AA-000-0000"
"0X525","Site",5,37,0.135135135135135,2.51928086699124,1,"Analysis_kri0004",2025-04-01,"AA-AA-000-0000"
"0X1167","Site",8,107,0.0747663551401869,1.51371444834176,0,"Analysis_kri0004",2025-04-01,"AA-AA-000-0000"
"0X7604","Site",13,188,0.0691489361702128,1.66474722982391,0,"Analysis_kri0004",2025-04-01,"AA-AA-000-0000"
"0X6096","Site",10,145,0.0689655172413793,1.45222133361908,0,"Analysis_kri0004",2025-04-01,"AA-AA-000-0000"
"0X8040","Site",11,169,0.0650887573964497,1.34421120821147,0,"Analysis_kri0004",2025-04-01,"AA-AA-000-0000"
"0X5836","Site",10,157,0.0636942675159236,1.21808913411714,0,"Analysis_kri0004",2025-04-01,"AA-AA-000-0000"
"0X9913","Site",4,63,0.0634920634920635,0.764492501922866,0,"Analysis_kri0004",2025-04-01,"AA-AA-000-0000"
"0X8400","Site",27,451,0.0598669623059867,1.70390919340493,0,"Analysis_kri0004",2025-04-01,"AA-AA-000-0000"
"0X5729","Site",14,243,0.0576131687242798,1.09485240778599,0,"Analysis_kri0004",2025-04-01,"AA-AA-000-0000"
"0X8676","Site",6,106,0.0566037735849057,0.677005142673829,0,"Analysis_kri0004",2025-04-01,"AA-AA-000-0000"
"0X1012","Site",15,266,0.056390977443609,1.05705931908328,0,"Analysis_kri0004",2025-04-01,"AA-AA-000-0000"
"0X2896","Site",20,357,0.0560224089635854,1.19369958780861,0,"Analysis_kri0004",2025-04-01,"AA-AA-000-0000"
"0X5053","Site",8,143,0.0559440559440559,0.751333483791439,0,"Analysis_kri0004",2025-04-01,"AA-AA-000-0000"
"0X2283","Site",3,54,0.0555555555555556,0.449035922207545,0,"Analysis_kri0004",2025-04-01,"AA-AA-000-0000"
"0X7206","Site",22,397,0.0554156171284635,1.20515909548215,0,"Analysis_kri0004",2025-04-01,"AA-AA-000-0000"
"0X2453","Site",6,109,0.055045871559633,0.61435769999328,0,"Analysis_kri0004",2025-04-01,"AA-AA-000-0000"
"0X9046","Site",17,312,0.0544871794871795,0.995624066606117,0,"Analysis_kri0004",2025-04-01,"AA-AA-000-0000"
"0X4131","Site",22,408,0.053921568627451,1.08785273056192,0,"Analysis_kri0004",2025-04-01,"AA-AA-000-0000"
"0X9595","Site",23,436,0.0527522935779817,1.01624175121665,0,"Analysis_kri0004",2025-04-01,"AA-AA-000-0000"
"0X9779","Site",26,495,0.0525252525252525,1.06040960383607,0,"Analysis_kri0004",2025-04-01,"AA-AA-000-0000"
"0X8530","Site",20,382,0.0523560209424084,0.916868194283708,0,"Analysis_kri0004",2025-04-01,"AA-AA-000-0000"
"0X7770","Site",7,134,0.0522388059701493,0.537014929925599,0,"Analysis_kri0004",2025-04-01,"AA-AA-000-0000"
"0X6937","Site",9,173,0.0520231213872832,0.597592576914502,0,"Analysis_kri0004",2025-04-01,"AA-AA-000-0000"
"0X8058","Site",4,77,0.051948051948052,0.395760289338925,0,"Analysis_kri0004",2025-04-01,"AA-AA-000-0000"
"0X2026","Site",6,116,0.0517241379310345,0.475054017921135,0,"Analysis_kri0004",2025-04-01,"AA-AA-000-0000"
"0X5558","Site",9,174,0.0517241379310345,0.581819972082879,0,"Analysis_kri0004",2025-04-01,"AA-AA-000-0000"
"0X5593","Site",20,387,0.0516795865633075,0.86381142690111,0,"Analysis_kri0004",2025-04-01,"AA-AA-000-0000"
"0X4148","Site",9,178,0.050561797752809,0.519669062651915,0,"Analysis_kri0004",2025-04-01,"AA-AA-000-0000"
"0X4621","Site",42,834,0.0503597122302158,1.09897160435288,0,"Analysis_kri0004",2025-04-01,"AA-AA-000-0000"
"0X6174","Site",18,361,0.0498614958448753,0.68103405365165,0,"Analysis_kri0004",2025-04-01,"AA-AA-000-0000"
"0X853","Site",13,263,0.0494296577946768,0.550219916127018,0,"Analysis_kri0004",2025-04-01,"AA-AA-000-0000"
"0X5705","Site",26,528,0.0492424242424242,0.760518899828691,0,"Analysis_kri0004",2025-04-01,"AA-AA-000-0000"
"0X1571","Site",16,326,0.049079754601227,0.584557398886213,0,"Analysis_kri0004",2025-04-01,"AA-AA-000-0000"
"0X3375","Site",4,82,0.0487804878048781,0.28115086311564,0,"Analysis_kri0004",2025-04-01,"AA-AA-000-0000"
"0X5907","Site",4,83,0.0481927710843374,0.259104981934499,0,"Analysis_kri0004",2025-04-01,"AA-AA-000-0000"
"0X8504","Site",9,191,0.0471204188481675,0.327304052760102,0,"Analysis_kri0004",2025-04-01,"AA-AA-000-0000"
"0X7767","Site",2,43,0.0465116279069767,0.137587783917119,0,"Analysis_kri0004",2025-04-01,"AA-AA-000-0000"
"0X1464","Site",15,323,0.0464396284829721,0.371350762296377,0,"Analysis_kri0004",2025-04-01,"AA-AA-000-0000"
"0X2873","Site",5,108,0.0462962962962963,0.208122578124441,0,"Analysis_kri0004",2025-04-01,"AA-AA-000-0000"
"0X6774","Site",27,591,0.0456852791878173,0.420955077686783,0,"Analysis_kri0004",2025-04-01,"AA-AA-000-0000"
"0X805","Site",3,66,0.0454545454545455,0.132357722760791,0,"Analysis_kri0004",2025-04-01,"AA-AA-000-0000"
"0X1330","Site",4,88,0.0454545454545455,0.152833533730538,0,"Analysis_kri0004",2025-04-01,"AA-AA-000-0000"
"0X4629","Site",9,201,0.0447761194029851,0.188307939569842,0,"Analysis_kri0004",2025-04-01,"AA-AA-000-0000"
"0X2106","Site",19,428,0.044392523364486,0.239576421609186,0,"Analysis_kri0004",2025-04-01,"AA-AA-000-0000"
"0X1570","Site",13,294,0.0442176870748299,0.185261811157436,0,"Analysis_kri0004",2025-04-01,"AA-AA-000-0000"
"0X8829","Site",16,362,0.0441988950276243,0.203986945360372,0,"Analysis_kri0004",2025-04-01,"AA-AA-000-0000"
"0X2779","Site",3,68,0.0441176470588235,0.0854377801404018,0,"Analysis_kri0004",2025-04-01,"AA-AA-000-0000"
"0X2004","Site",2,46,0.0434782608695652,0.0510313678508538,0,"Analysis_kri0004",2025-04-01,"AA-AA-000-0000"
"0X8743","Site",14,323,0.043343653250774,0.124492845629513,0,"Analysis_kri0004",2025-04-01,"AA-AA-000-0000"
"0X2996","Site",20,462,0.0432900432900433,0.14377723491965,0,"Analysis_kri0004",2025-04-01,"AA-AA-000-0000"
"0X3959","Site",16,371,0.0431266846361186,0.11488185252262,0,"Analysis_kri0004",2025-04-01,"AA-AA-000-0000"
"0X6710","Site",4,93,0.043010752688172,0.052558159309064,0,"Analysis_kri0004",2025-04-01,"AA-AA-000-0000"
"0X8706","Site",8,186,0.043010752688172,0.074328461708244,0,"Analysis_kri0004",2025-04-01,"AA-AA-000-0000"
"0X2594","Site",11,260,0.0423076923076923,0.0375837235595263,0,"Analysis_kri0004",2025-04-01,"AA-AA-000-0000"
"0X1365","Site",5,120,0.0416666666666667,-0.00562092577534243,0,"Analysis_kri0004",2025-04-01,"AA-AA-000-0000"
"0X9144","Site",2,48,0.0416666666666667,-0.003554985601766,0,"Analysis_kri0004",2025-04-01,"AA-AA-000-0000"
"0X1070","Site",23,560,0.0410714285714286,-0.0746358290491363,0,"Analysis_kri0004",2025-04-01,"AA-AA-000-0000"
"0X1903","Site",14,347,0.0403458213256484,-0.118718705728439,0,"Analysis_kri0004",2025-04-01,"AA-AA-000-0000"
"0X4067","Site",6,149,0.0402684563758389,-0.0819839860771616,0,"Analysis_kri0004",2025-04-01,"AA-AA-000-0000"
"0X5362","Site",2,50,0.04,-0.0559138891371924,0,"Analysis_kri0004",2025-04-01,"AA-AA-000-0000"
"0X7795","Site",15,380,0.0394736842105263,-0.199662305504103,0,"Analysis_kri0004",2025-04-01,"AA-AA-000-0000"
"0X5171","Site",9,230,0.0391304347826087,-0.178429816969889,0,"Analysis_kri0004",2025-04-01,"AA-AA-000-0000"
"0X4343","Site",10,258,0.0387596899224806,-0.215398951353455,0,"Analysis_kri0004",2025-04-01,"AA-AA-000-0000"
"0X108","Site",23,600,0.0383333333333333,-0.374814015207418,0,"Analysis_kri0004",2025-04-01,"AA-AA-000-0000"
"0X9626","Site",6,157,0.0382165605095541,-0.198221401475152,0,"Analysis_kri0004",2025-04-01,"AA-AA-000-0000"
"0X4046","Site",2,53,0.0377358490566038,-0.130696208527282,0,"Analysis_kri0004",2025-04-01,"AA-AA-000-0000"
"0X492","Site",2,55,0.0363636363636364,-0.178288647677932,0,"Analysis_kri0004",2025-04-01,"AA-AA-000-0000"
"0X5512","Site",11,305,0.0360655737704918,-0.442942519722711,0,"Analysis_kri0004",2025-04-01,"AA-AA-000-0000"
"0X6533","Site",21,588,0.0357142857142857,-0.65280761918745,0,"Analysis_kri0004",2025-04-01,"AA-AA-000-0000"
"0X1175","Site",5,140,0.0357142857142857,-0.318537501593195,0,"Analysis_kri0004",2025-04-01,"AA-AA-000-0000"
"0X7271","Site",3,84,0.0357142857142857,-0.246738087762593,0,"Analysis_kri0004",2025-04-01,"AA-AA-000-0000"
"0X6074","Site",2,56,0.0357142857142857,-0.201460805042802,0,"Analysis_kri0004",2025-04-01,"AA-AA-000-0000"
"0X9062","Site",15,421,0.0356294536817102,-0.560101905372943,0,"Analysis_kri0004",2025-04-01,"AA-AA-000-0000"
"0X4935","Site",3,85,0.0352941176470588,-0.265388659800677,0,"Analysis_kri0004",2025-04-01,"AA-AA-000-0000"
"0X2131","Site",17,486,0.0349794238683128,-0.665365806028871,0,"Analysis_kri0004",2025-04-01,"AA-AA-000-0000"
"0X1185","Site",14,402,0.0348258706467662,-0.618798359307095,0,"Analysis_kri0004",2025-04-01,"AA-AA-000-0000"
"0X1154","Site",8,230,0.0347826086956522,-0.470969241439085,0,"Analysis_kri0004",2025-04-01,"AA-AA-000-0000"
"0X2521","Site",11,317,0.0347003154574132,-0.559415284799759,0,"Analysis_kri0004",2025-04-01,"AA-AA-000-0000"
"0X3137","Site",15,434,0.0345622119815668,-0.66732447374398,0,"Analysis_kri0004",2025-04-01,"AA-AA-000-0000"
"0X1505","Site",14,412,0.0339805825242718,-0.702568089778815,0,"Analysis_kri0004",2025-04-01,"AA-AA-000-0000"
"0X6380","Site",8,239,0.0334728033472803,-0.56993218540624,0,"Analysis_kri0004",2025-04-01,"AA-AA-000-0000"
"0X7543","Site",12,359,0.0334261838440111,-0.702427007892137,0,"Analysis_kri0004",2025-04-01,"AA-AA-000-0000"
"0X4511","Site",1,30,0.0333333333333333,-0.205311709899349,0,"Analysis_kri0004",2025-04-01,"AA-AA-000-0000"
"0X9184","Site",13,393,0.0330788804071247,-0.765483190144097,0,"Analysis_kri0004",2025-04-01,"AA-AA-000-0000"
"0X3469","Site",6,186,0.032258064516129,-0.576283201198314,0,"Analysis_kri0004",2025-04-01,"AA-AA-000-0000"
"0X9845","Site",21,659,0.031866464339909,-1.12933126021795,0,"Analysis_kri0004",2025-04-01,"AA-AA-000-0000"
"0X3333","Site",2,63,0.0317460317460317,-0.353420588370238,0,"Analysis_kri0004",2025-04-01,"AA-AA-000-0000"
"0X8084","Site",3,99,0.0303030303030303,-0.506735163917932,0,"Analysis_kri0004",2025-04-01,"AA-AA-000-0000"
"0X4441","Site",1,33,0.0303030303030303,-0.292563683295867,0,"Analysis_kri0004",2025-04-01,"AA-AA-000-0000"
"0X2460","Site",7,242,0.0289256198347107,-0.88733092172488,0,"Analysis_kri0004",2025-04-01,"AA-AA-000-0000"
"0X2587","Site",4,139,0.0287769784172662,-0.680264143021136,0,"Analysis_kri0004",2025-04-01,"AA-AA-000-0000"
"0X5569","Site",15,527,0.0284629981024668,-1.35655009640825,0,"Analysis_kri0004",2025-04-01,"AA-AA-000-0000"
"0X9066","Site",16,568,0.028169014084507,-1.4394155294645,0,"Analysis_kri0004",2025-04-01,"AA-AA-000-0000"
"0X5562","Site",12,432,0.0277777777777778,-1.29139529596784,0,"Analysis_kri0004",2025-04-01,"AA-AA-000-0000"
"0X8213","Site",5,180,0.0277777777777778,-0.833592079109004,0,"Analysis_kri0004",2025-04-01,"AA-AA-000-0000"
"0X707","Site",8,290,0.0275862068965517,-1.07254829790602,0,"Analysis_kri0004",2025-04-01,"AA-AA-000-0000"
"0X5111","Site",8,291,0.0274914089347079,-1.08157046363195,0,"Analysis_kri0004",2025-04-01,"AA-AA-000-0000"
"0X5834","Site",2,74,0.027027027027027,-0.563134457155136,0,"Analysis_kri0004",2025-04-01,"AA-AA-000-0000"
"0X1713","Site",2,76,0.0263157894736842,-0.598202329999002,0,"Analysis_kri0004",2025-04-01,"AA-AA-000-0000"
"0X2967","Site",3,118,0.0254237288135593,-0.78837945751322,0,"Analysis_kri0004",2025-04-01,"AA-AA-000-0000"
"0X2913","Site",3,120,0.025,-0.815625913822056,0,"Analysis_kri0004",2025-04-01,"AA-AA-000-0000"
"0X8085","Site",1,43,0.0232558139534884,-0.538984328807509,0,"Analysis_kri0004",2025-04-01,"AA-AA-000-0000"
"0X7472","Site",8,360,0.0222222222222222,-1.64653382165645,0,"Analysis_kri0004",2025-04-01,"AA-AA-000-0000"
"0X7690","Site",3,139,0.0215827338129496,-1.05656995027665,0,"Analysis_kri0004",2025-04-01,"AA-AA-000-0000"
"0X3028","Site",1,48,0.0208333333333333,-0.643920155183035,0,"Analysis_kri0004",2025-04-01,"AA-AA-000-0000"
"0X8950","Site",6,315,0.019047619047619,-1.79016432537672,0,"Analysis_kri0004",2025-04-01,"AA-AA-000-0000"
"0X4887","Site",2,109,0.018348623853211,-1.08543149016598,0,"Analysis_kri0004",2025-04-01,"AA-AA-000-0000"
"0X1319","Site",1,56,0.0178571428571429,-0.7943237502354,0,"Analysis_kri0004",2025-04-01,"AA-AA-000-0000"
"0X930","Site",2,120,0.0166666666666667,-1.22062840784541,0,"Analysis_kri0004",2025-04-01,"AA-AA-000-0000"
"0X4739","Site",1,60,0.0166666666666667,-0.86311462449643,0,"Analysis_kri0004",2025-04-01,"AA-AA-000-0000"
"0X8997","Site",1,63,0.0158730158730159,-0.91237713351679,0,"Analysis_kri0004",2025-04-01,"AA-AA-000-0000"
"0X9943","Site",0,54,0,-1.36219029317881,0,"Analysis_kri0004",2025-04-01,"AA-AA-000-0000"
"0X9417","Site",0,43,0,-1.21555644153214,0,"Analysis_kri0004",2025-04-01,"AA-AA-000-0000"
"0X5224","Site",0,37,0,-1.12756545846556,0,"Analysis_kri0004",2025-04-01,"AA-AA-000-0000"
"0X1958","Site",0,33,0,-1.06487313650073,0,"Analysis_kri0004",2025-04-01,"AA-AA-000-0000"
"0X9433","Site",0,31,0,-1.03209992912461,0,"Analysis_kri0004",2025-04-01,"AA-AA-000-0000"
"0X2614","Site",0,30,0,-1.01531669794606,0,"Analysis_kri0004",2025-04-01,"AA-AA-000-0000"
"0X2256","Site",1,1,1,NA,NA,"Analysis_kri0004",2025-04-01,"AA-AA-000-0000"
"0X6258","Site",4,13,0.307692307692308,NA,NA,"Analysis_kri0004",2025-04-01,"AA-AA-000-0000"
"0X181","Site",3,13,0.230769230769231,NA,NA,"Analysis_kri0004",2025-04-01,"AA-AA-000-0000"
"0X2547","Site",2,10,0.2,NA,NA,"Analysis_kri0004",2025-04-01,"AA-AA-000-0000"
"0X8705","Site",3,22,0.136363636363636,NA,NA,"Analysis_kri0004",2025-04-01,"AA-AA-000-0000"
"0X020","Site",3,26,0.115384615384615,NA,NA,"Analysis_kri0004",2025-04-01,"AA-AA-000-0000"
"0X769","Site",2,20,0.1,NA,NA,"Analysis_kri0004",2025-04-01,"AA-AA-000-0000"
"0X8454","Site",2,22,0.0909090909090909,NA,NA,"Analysis_kri0004",2025-04-01,"AA-AA-000-0000"
"0X1302","Site",1,12,0.0833333333333333,NA,NA,"Analysis_kri0004",2025-04-01,"AA-AA-000-0000"
"0X958","Site",2,25,0.08,NA,NA,"Analysis_kri0004",2025-04-01,"AA-AA-000-0000"
"0X978","Site",1,14,0.0714285714285714,NA,NA,"Analysis_kri0004",2025-04-01,"AA-AA-000-0000"
"0X2884","Site",1,18,0.0555555555555556,NA,NA,"Analysis_kri0004",2025-04-01,"AA-AA-000-0000"
"0X077","Site",1,19,0.0526315789473684,NA,NA,"Analysis_kri0004",2025-04-01,"AA-AA-000-0000"
"0X6072","Site",1,20,0.05,NA,NA,"Analysis_kri0004",2025-04-01,"AA-AA-000-0000"
"0X7567","Site",1,20,0.05,NA,NA,"Analysis_kri0004",2025-04-01,"AA-AA-000-0000"
"0X5267","Site",1,25,0.04,NA,NA,"Analysis_kri0004",2025-04-01,"AA-AA-000-0000"
"0X7452","Site",1,25,0.04,NA,NA,"Analysis_kri0004",2025-04-01,"AA-AA-000-0000"
"0X6103","Site",1,27,0.037037037037037,NA,NA,"Analysis_kri0004",2025-04-01,"AA-AA-000-0000"
"0X7012","Site",0,29,0,NA,NA,"Analysis_kri0004",2025-04-01,"AA-AA-000-0000"
"0X7356","Site",0,28,0,NA,NA,"Analysis_kri0004",2025-04-01,"AA-AA-000-0000"
"0X6558","Site",0,26,0,NA,NA,"Analysis_kri0004",2025-04-01,"AA-AA-000-0000"
"0X6252","Site",0,23,0,NA,NA,"Analysis_kri0004",2025-04-01,"AA-AA-000-0000"
"0X1655","Site",0,20,0,NA,NA,"Analysis_kri0004",2025-04-01,"AA-AA-000-0000"
"0X2258","Site",0,16,0,NA,NA,"Analysis_kri0004",2025-04-01,"AA-AA-000-0000"
"0X8149","Site",0,15,0,NA,NA,"Analysis_kri0004",2025-04-01,"AA-AA-000-0000"
"0X6959","Site",0,10,0,NA,NA,"Analysis_kri0004",2025-04-01,"AA-AA-000-0000"
"0X1794","Site",0,6,0,NA,NA,"Analysis_kri0004",2025-04-01,"AA-AA-000-0000"
"0X6305","Site",0,4,0,NA,NA,"Analysis_kri0004",2025-04-01,"AA-AA-000-0000"
"0X5111","Site",44,1821,0.0241625480505217,3.366509283577,2,"Analysis_kri0005",2025-04-01,"AA-AA-000-0000"
"0X769","Site",11,370,0.0297297297297297,2.40310817722614,1,"Analysis_kri0005",2025-04-01,"AA-AA-000-0000"
"0X2026","Site",15,557,0.0269299820466786,2.40203445374522,1,"Analysis_kri0005",2025-04-01,"AA-AA-000-0000"
"0X8040","Site",25,1128,0.0221631205673759,2.09423935974438,1,"Analysis_kri0005",2025-04-01,"AA-AA-000-0000"
"0X5362","Site",10,369,0.02710027100271,1.98213395412504,0,"Analysis_kri0005",2025-04-01,"AA-AA-000-0000"
"0X6380","Site",16,733,0.0218281036834925,1.61318772379078,0,"Analysis_kri0005",2025-04-01,"AA-AA-000-0000"
"0X8213","Site",19,922,0.0206073752711497,1.50270362554917,0,"Analysis_kri0005",2025-04-01,"AA-AA-000-0000"
"0X8504","Site",26,1306,0.0199081163859112,1.57947356449579,0,"Analysis_kri0005",2025-04-01,"AA-AA-000-0000"
"0X8530","Site",31,1632,0.0189950980392157,1.46059939795734,0,"Analysis_kri0005",2025-04-01,"AA-AA-000-0000"
"0X2453","Site",14,743,0.018842530282638,0.951127200881441,0,"Analysis_kri0005",2025-04-01,"AA-AA-000-0000"
"0X9913","Site",10,540,0.0185185185185185,0.748582570736132,0,"Analysis_kri0005",2025-04-01,"AA-AA-000-0000"
"0X2996","Site",44,2386,0.0184409052808047,1.5421877812236,0,"Analysis_kri0005",2025-04-01,"AA-AA-000-0000"
"0X8676","Site",17,932,0.0182403433476395,0.913214322475899,0,"Analysis_kri0005",2025-04-01,"AA-AA-000-0000"
"0X5593","Site",49,2746,0.0178441369264385,1.39582224583947,0,"Analysis_kri0005",2025-04-01,"AA-AA-000-0000"
"0X1903","Site",32,1818,0.0176017601760176,1.05026743558567,0,"Analysis_kri0005",2025-04-01,"AA-AA-000-0000"
"0X5562","Site",30,1706,0.0175849941383353,1.01167469223106,0,"Analysis_kri0005",2025-04-01,"AA-AA-000-0000"
"0X4621","Site",71,4083,0.0173891746265001,1.46161635726125,0,"Analysis_kri0005",2025-04-01,"AA-AA-000-0000"
"0X7604","Site",16,925,0.0172972972972973,0.672578638330957,0,"Analysis_kri0005",2025-04-01,"AA-AA-000-0000"
"0X5569","Site",50,3005,0.0166389351081531,0.913788389731685,0,"Analysis_kri0005",2025-04-01,"AA-AA-000-0000"
"0X9845","Site",64,3855,0.0166018158236057,1.01592868079301,0,"Analysis_kri0005",2025-04-01,"AA-AA-000-0000"
"0X4067","Site",12,727,0.0165061898211829,0.419859192641338,0,"Analysis_kri0005",2025-04-01,"AA-AA-000-0000"
"0X6096","Site",21,1281,0.0163934426229508,0.52395555024744,0,"Analysis_kri0005",2025-04-01,"AA-AA-000-0000"
"0X1330","Site",12,738,0.016260162601626,0.367749524495551,0,"Analysis_kri0005",2025-04-01,"AA-AA-000-0000"
"0X8400","Site",39,2403,0.0162297128589263,0.651247086120744,0,"Analysis_kri0005",2025-04-01,"AA-AA-000-0000"
"0X7690","Site",18,1111,0.0162016201620162,0.435074762552367,0,"Analysis_kri0005",2025-04-01,"AA-AA-000-0000"
"0X2594","Site",18,1112,0.0161870503597122,0.43125246055989,0,"Analysis_kri0005",2025-04-01,"AA-AA-000-0000"
"0X7543","Site",25,1592,0.0157035175879397,0.356447126098888,0,"Analysis_kri0005",2025-04-01,"AA-AA-000-0000"
"0X2106","Site",37,2357,0.0156979210861264,0.431466916071744,0,"Analysis_kri0005",2025-04-01,"AA-AA-000-0000"
"0X108","Site",40,2564,0.015600624024961,0.409270198130463,0,"Analysis_kri0005",2025-04-01,"AA-AA-000-0000"
"0X9595","Site",54,3474,0.0155440414507772,0.448812830777648,0,"Analysis_kri0005",2025-04-01,"AA-AA-000-0000"
"0X7770","Site",14,909,0.0154015401540154,0.194047760909911,0,"Analysis_kri0005",2025-04-01,"AA-AA-000-0000"
"0X9066","Site",55,3584,0.0153459821428571,0.357803497012101,0,"Analysis_kri0005",2025-04-01,"AA-AA-000-0000"
"0X4343","Site",20,1309,0.0152788388082506,0.196147045291916,0,"Analysis_kri0005",2025-04-01,"AA-AA-000-0000"
"0X7206","Site",44,2891,0.0152196471809063,0.265177736227087,0,"Analysis_kri0005",2025-04-01,"AA-AA-000-0000"
"0X3959","Site",36,2392,0.0150501672240803,0.172658741123878,0,"Analysis_kri0005",2025-04-01,"AA-AA-000-0000"
"0X7472","Site",33,2204,0.01497277676951,0.135687648665543,0,"Analysis_kri0005",2025-04-01,"AA-AA-000-0000"
"0X6174","Site",30,2062,0.01454898157129,-0.0279077264450567,0,"Analysis_kri0005",2025-04-01,"AA-AA-000-0000"
"0X853","Site",21,1461,0.0143737166324435,-0.0788938654675573,0,"Analysis_kri0005",2025-04-01,"AA-AA-000-0000"
"0X6710","Site",13,905,0.0143646408839779,-0.064350932783409,0,"Analysis_kri0005",2025-04-01,"AA-AA-000-0000"
"0X9184","Site",26,1815,0.0143250688705234,-0.105073955318693,0,"Analysis_kri0005",2025-04-01,"AA-AA-000-0000"
"0X9062","Site",28,1988,0.0140845070422535,-0.198672101043108,0,"Analysis_kri0005",2025-04-01,"AA-AA-000-0000"
"0X1070","Site",44,3129,0.0140620006391818,-0.259659527140206,0,"Analysis_kri0005",2025-04-01,"AA-AA-000-0000"
"0X7795","Site",31,2208,0.0140398550724638,-0.226728685804942,0,"Analysis_kri0005",2025-04-01,"AA-AA-000-0000"
"0X8950","Site",28,1997,0.014021031547321,-0.222580094399984,0,"Analysis_kri0005",2025-04-01,"AA-AA-000-0000"
"0X5512","Site",13,929,0.0139935414424112,-0.158741052060575,0,"Analysis_kri0005",2025-04-01,"AA-AA-000-0000"
"0X1571","Site",36,2595,0.0138728323699422,-0.316161130273777,0,"Analysis_kri0005",2025-04-01,"AA-AA-000-0000"
"0X8743","Site",20,1442,0.013869625520111,-0.236686932573406,0,"Analysis_kri0005",2025-04-01,"AA-AA-000-0000"
"0X1185","Site",38,2753,0.0138031238648747,-0.355892052832553,0,"Analysis_kri0005",2025-04-01,"AA-AA-000-0000"
"0X2967","Site",10,727,0.0137551581843191,-0.193582489877205,0,"Analysis_kri0005",2025-04-01,"AA-AA-000-0000"
"0X9046","Site",22,1607,0.0136901057871811,-0.309377215547176,0,"Analysis_kri0005",2025-04-01,"AA-AA-000-0000"
"0X707","Site",18,1315,0.0136882129277567,-0.280429233384599,0,"Analysis_kri0005",2025-04-01,"AA-AA-000-0000"
"0X1505","Site",40,2976,0.0134408602150538,-0.533462995976716,0,"Analysis_kri0005",2025-04-01,"AA-AA-000-0000"
"0X1012","Site",25,1865,0.0134048257372654,-0.435175694128879,0,"Analysis_kri0005",2025-04-01,"AA-AA-000-0000"
"0X930","Site",12,912,0.0131578947368421,-0.365985850158717,0,"Analysis_kri0005",2025-04-01,"AA-AA-000-0000"
"0X8829","Site",31,2402,0.0129059117402165,-0.6960882773915,0,"Analysis_kri0005",2025-04-01,"AA-AA-000-0000"
"0X2896","Site",28,2183,0.0128263857077416,-0.694326292209106,0,"Analysis_kri0005",2025-04-01,"AA-AA-000-0000"
"0X2873","Site",14,1092,0.0128205128205128,-0.492680262326621,0,"Analysis_kri0005",2025-04-01,"AA-AA-000-0000"
"0X5705","Site",35,2732,0.0128111273792094,-0.783338192769758,0,"Analysis_kri0005",2025-04-01,"AA-AA-000-0000"
"0X2131","Site",30,2346,0.0127877237851662,-0.735268277445948,0,"Analysis_kri0005",2025-04-01,"AA-AA-000-0000"
"0X6774","Site",35,2739,0.0127783862723622,-0.798512074657688,0,"Analysis_kri0005",2025-04-01,"AA-AA-000-0000"
"0X5836","Site",14,1100,0.0127272727272727,-0.520056298971438,0,"Analysis_kri0005",2025-04-01,"AA-AA-000-0000"
"0X5053","Site",11,879,0.012514220705347,-0.517126615330718,0,"Analysis_kri0005",2025-04-01,"AA-AA-000-0000"
"0X1570","Site",18,1465,0.0122866894197952,-0.73963045997056,0,"Analysis_kri0005",2025-04-01,"AA-AA-000-0000"
"0X3137","Site",29,2372,0.0122259696458685,-0.965594726801986,0,"Analysis_kri0005",2025-04-01,"AA-AA-000-0000"
"0X4131","Site",26,2169,0.0119870908252651,-1.01535842654776,0,"Analysis_kri0005",2025-04-01,"AA-AA-000-0000"
"0X2521","Site",22,1854,0.011866235167206,-0.981774190933633,0,"Analysis_kri0005",2025-04-01,"AA-AA-000-0000"
"0X9779","Site",35,2956,0.0118403247631935,-1.25132848545445,0,"Analysis_kri0005",2025-04-01,"AA-AA-000-0000"
"0X9626","Site",11,932,0.0118025751072961,-0.712161466373818,0,"Analysis_kri0005",2025-04-01,"AA-AA-000-0000"
"0X1154","Site",19,1646,0.011543134872418,-1.03347210432522,0,"Analysis_kri0005",2025-04-01,"AA-AA-000-0000"
"0X6533","Site",48,4180,0.0114832535885167,-1.67893570053627,0,"Analysis_kri0005",2025-04-01,"AA-AA-000-0000"
"0X5729","Site",17,1484,0.011455525606469,-1.00920886276766,0,"Analysis_kri0005",2025-04-01,"AA-AA-000-0000"
"0X8706","Site",16,1423,0.011243851018974,-1.05428552861967,0,"Analysis_kri0005",2025-04-01,"AA-AA-000-0000"
"0X4148","Site",10,916,0.0109170305676856,-0.92767248959022,0,"Analysis_kri0005",2025-04-01,"AA-AA-000-0000"
"0X1464","Site",18,1675,0.0107462686567164,-1.31225034161503,0,"Analysis_kri0005",2025-04-01,"AA-AA-000-0000"
"0X2460","Site",12,1450,0.00827586206896552,-1.99890724123106,0,"Analysis_kri0005",2025-04-01,"AA-AA-000-0000"
"0X7271","Site",6,191,0.031413612565445,NA,NA,"Analysis_kri0005",2025-04-01,"AA-AA-000-0000"
"0X5834","Site",5,177,0.0282485875706215,NA,NA,"Analysis_kri0005",2025-04-01,"AA-AA-000-0000"
"0X7452","Site",5,184,0.0271739130434783,NA,NA,"Analysis_kri0005",2025-04-01,"AA-AA-000-0000"
"0X6072","Site",4,175,0.0228571428571429,NA,NA,"Analysis_kri0005",2025-04-01,"AA-AA-000-0000"
"0X4887","Site",8,350,0.0228571428571429,NA,NA,"Analysis_kri0005",2025-04-01,"AA-AA-000-0000"
"0X6959","Site",4,176,0.0227272727272727,NA,NA,"Analysis_kri0005",2025-04-01,"AA-AA-000-0000"
"0X958","Site",8,358,0.0223463687150838,NA,NA,"Analysis_kri0005",2025-04-01,"AA-AA-000-0000"
"0X2258","Site",4,180,0.0222222222222222,NA,NA,"Analysis_kri0005",2025-04-01,"AA-AA-000-0000"
"0X2779","Site",4,182,0.021978021978022,NA,NA,"Analysis_kri0005",2025-04-01,"AA-AA-000-0000"
"0X8997","Site",4,182,0.021978021978022,NA,NA,"Analysis_kri0005",2025-04-01,"AA-AA-000-0000"
"0X6074","Site",8,376,0.0212765957446809,NA,NA,"Analysis_kri0005",2025-04-01,"AA-AA-000-0000"
"0X1175","Site",8,378,0.0211640211640212,NA,NA,"Analysis_kri0005",2025-04-01,"AA-AA-000-0000"
"0X7012","Site",4,191,0.0209424083769634,NA,NA,"Analysis_kri0005",2025-04-01,"AA-AA-000-0000"
"0X7567","Site",4,191,0.0209424083769634,NA,NA,"Analysis_kri0005",2025-04-01,"AA-AA-000-0000"
"0X6258","Site",4,193,0.0207253886010363,NA,NA,"Analysis_kri0005",2025-04-01,"AA-AA-000-0000"
"0X6103","Site",7,354,0.019774011299435,NA,NA,"Analysis_kri0005",2025-04-01,"AA-AA-000-0000"
"0X4046","Site",7,359,0.0194986072423398,NA,NA,"Analysis_kri0005",2025-04-01,"AA-AA-000-0000"
"0X8084","Site",7,390,0.0179487179487179,NA,NA,"Analysis_kri0005",2025-04-01,"AA-AA-000-0000"
"0X2913","Site",6,358,0.0167597765363128,NA,NA,"Analysis_kri0005",2025-04-01,"AA-AA-000-0000"
"0X7767","Site",6,362,0.0165745856353591,NA,NA,"Analysis_kri0005",2025-04-01,"AA-AA-000-0000"
"0X7356","Site",3,185,0.0162162162162162,NA,NA,"Analysis_kri0005",2025-04-01,"AA-AA-000-0000"
"0X2256","Site",3,186,0.0161290322580645,NA,NA,"Analysis_kri0005",2025-04-01,"AA-AA-000-0000"
"0X2004","Site",6,373,0.0160857908847185,NA,NA,"Analysis_kri0005",2025-04-01,"AA-AA-000-0000"
"0X1794","Site",3,187,0.0160427807486631,NA,NA,"Analysis_kri0005",2025-04-01,"AA-AA-000-0000"
"0X8705","Site",3,190,0.0157894736842105,NA,NA,"Analysis_kri0005",2025-04-01,"AA-AA-000-0000"
"0X525","Site",3,198,0.0151515151515152,NA,NA,"Analysis_kri0005",2025-04-01,"AA-AA-000-0000"
"0X3333","Site",3,199,0.0150753768844221,NA,NA,"Analysis_kri0005",2025-04-01,"AA-AA-000-0000"
"0X805","Site",8,584,0.0136986301369863,NA,NA,"Analysis_kri0005",2025-04-01,"AA-AA-000-0000"
"0X9417","Site",5,370,0.0135135135135135,NA,NA,"Analysis_kri0005",2025-04-01,"AA-AA-000-0000"
"0X2283","Site",7,550,0.0127272727272727,NA,NA,"Analysis_kri0005",2025-04-01,"AA-AA-000-0000"
"0X9144","Site",2,172,0.0116279069767442,NA,NA,"Analysis_kri0005",2025-04-01,"AA-AA-000-0000"
"0X2587","Site",6,521,0.0115163147792706,NA,NA,"Analysis_kri0005",2025-04-01,"AA-AA-000-0000"
"0X020","Site",4,352,0.0113636363636364,NA,NA,"Analysis_kri0005",2025-04-01,"AA-AA-000-0000"
"0X6558","Site",2,178,0.0112359550561798,NA,NA,"Analysis_kri0005",2025-04-01,"AA-AA-000-0000"
"0X4629","Site",8,717,0.0111576011157601,NA,NA,"Analysis_kri0005",2025-04-01,"AA-AA-000-0000"
"0X5171","Site",8,717,0.0111576011157601,NA,NA,"Analysis_kri0005",2025-04-01,"AA-AA-000-0000"
"0X181","Site",2,185,0.0108108108108108,NA,NA,"Analysis_kri0005",2025-04-01,"AA-AA-000-0000"
"0X5907","Site",6,561,0.0106951871657754,NA,NA,"Analysis_kri0005",2025-04-01,"AA-AA-000-0000"
"0X9433","Site",2,190,0.0105263157894737,NA,NA,"Analysis_kri0005",2025-04-01,"AA-AA-000-0000"
"0X6937","Site",8,768,0.0104166666666667,NA,NA,"Analysis_kri0005",2025-04-01,"AA-AA-000-0000"
"0X8149","Site",2,193,0.0103626943005181,NA,NA,"Analysis_kri0005",2025-04-01,"AA-AA-000-0000"
"0X4935","Site",6,583,0.0102915951972556,NA,NA,"Analysis_kri0005",2025-04-01,"AA-AA-000-0000"
"0X6252","Site",2,195,0.0102564102564103,NA,NA,"Analysis_kri0005",2025-04-01,"AA-AA-000-0000"
"0X1713","Site",5,580,0.00862068965517241,NA,NA,"Analysis_kri0005",2025-04-01,"AA-AA-000-0000"
"0X1365","Site",8,937,0.00853788687299893,NA,NA,"Analysis_kri0005",2025-04-01,"AA-AA-000-0000"
"0X3469","Site",9,1099,0.00818926296633303,NA,NA,"Analysis_kri0005",2025-04-01,"AA-AA-000-0000"
"0X8058","Site",3,368,0.00815217391304348,NA,NA,"Analysis_kri0005",2025-04-01,"AA-AA-000-0000"
"0X1167","Site",3,369,0.00813008130081301,NA,NA,"Analysis_kri0005",2025-04-01,"AA-AA-000-0000"
"0X4739","Site",3,384,0.0078125,NA,NA,"Analysis_kri0005",2025-04-01,"AA-AA-000-0000"
"0X5558","Site",4,528,0.00757575757575758,NA,NA,"Analysis_kri0005",2025-04-01,"AA-AA-000-0000"
"0X492","Site",4,554,0.0072202166064982,NA,NA,"Analysis_kri0005",2025-04-01,"AA-AA-000-0000"
"0X8454","Site",2,371,0.00539083557951483,NA,NA,"Analysis_kri0005",2025-04-01,"AA-AA-000-0000"
"0X8085","Site",3,564,0.00531914893617021,NA,NA,"Analysis_kri0005",2025-04-01,"AA-AA-000-0000"
"0X1319","Site",2,385,0.00519480519480519,NA,NA,"Analysis_kri0005",2025-04-01,"AA-AA-000-0000"
"0X4511","Site",1,219,0.0045662100456621,NA,NA,"Analysis_kri0005",2025-04-01,"AA-AA-000-0000"
"0X2547","Site",0,170,0,NA,NA,"Analysis_kri0005",2025-04-01,"AA-AA-000-0000"
"0X3375","Site",1,2,0.5,NA,NA,"Analysis_kri0006",2025-04-01,"AA-AA-000-0000"
"0X1505","Site",2,8,0.25,NA,NA,"Analysis_kri0006",2025-04-01,"AA-AA-000-0000"
"0X9626","Site",1,6,0.166666666666667,NA,NA,"Analysis_kri0006",2025-04-01,"AA-AA-000-0000"
"0X7795","Site",1,7,0.142857142857143,NA,NA,"Analysis_kri0006",2025-04-01,"AA-AA-000-0000"
"0X1185","Site",1,8,0.125,NA,NA,"Analysis_kri0006",2025-04-01,"AA-AA-000-0000"
"0X5705","Site",1,10,0.1,NA,NA,"Analysis_kri0006",2025-04-01,"AA-AA-000-0000"
"0X8400","Site",1,10,0.1,NA,NA,"Analysis_kri0006",2025-04-01,"AA-AA-000-0000"
"0X8829","Site",1,11,0.0909090909090909,NA,NA,"Analysis_kri0006",2025-04-01,"AA-AA-000-0000"
"0X4621","Site",0,16,0,NA,NA,"Analysis_kri0006",2025-04-01,"AA-AA-000-0000"
"0X6533","Site",0,14,0,NA,NA,"Analysis_kri0006",2025-04-01,"AA-AA-000-0000"
"0X6774","Site",0,13,0,NA,NA,"Analysis_kri0006",2025-04-01,"AA-AA-000-0000"
"0X108","Site",0,12,0,NA,NA,"Analysis_kri0006",2025-04-01,"AA-AA-000-0000"
"0X853","Site",0,12,0,NA,NA,"Analysis_kri0006",2025-04-01,"AA-AA-000-0000"
"0X1903","Site",0,11,0,NA,NA,"Analysis_kri0006",2025-04-01,"AA-AA-000-0000"
"0X5569","Site",0,11,0,NA,NA,"Analysis_kri0006",2025-04-01,"AA-AA-000-0000"
"0X9066","Site",0,11,0,NA,NA,"Analysis_kri0006",2025-04-01,"AA-AA-000-0000"
"0X9184","Site",0,11,0,NA,NA,"Analysis_kri0006",2025-04-01,"AA-AA-000-0000"
"0X9779","Site",0,11,0,NA,NA,"Analysis_kri0006",2025-04-01,"AA-AA-000-0000"
"0X9845","Site",0,11,0,NA,NA,"Analysis_kri0006",2025-04-01,"AA-AA-000-0000"
"0X6174","Site",0,10,0,NA,NA,"Analysis_kri0006",2025-04-01,"AA-AA-000-0000"
"0X9595","Site",0,10,0,NA,NA,"Analysis_kri0006",2025-04-01,"AA-AA-000-0000"
"0X1070","Site",0,9,0,NA,NA,"Analysis_kri0006",2025-04-01,"AA-AA-000-0000"
"0X1571","Site",0,9,0,NA,NA,"Analysis_kri0006",2025-04-01,"AA-AA-000-0000"
"0X2106","Site",0,9,0,NA,NA,"Analysis_kri0006",2025-04-01,"AA-AA-000-0000"
"0X2131","Site",0,9,0,NA,NA,"Analysis_kri0006",2025-04-01,"AA-AA-000-0000"
"0X5593","Site",0,9,0,NA,NA,"Analysis_kri0006",2025-04-01,"AA-AA-000-0000"
"0X6380","Site",0,9,0,NA,NA,"Analysis_kri0006",2025-04-01,"AA-AA-000-0000"
"0X7206","Site",0,9,0,NA,NA,"Analysis_kri0006",2025-04-01,"AA-AA-000-0000"
"0X8950","Site",0,9,0,NA,NA,"Analysis_kri0006",2025-04-01,"AA-AA-000-0000"
"0X9062","Site",0,9,0,NA,NA,"Analysis_kri0006",2025-04-01,"AA-AA-000-0000"
"0X1464","Site",0,8,0,NA,NA,"Analysis_kri0006",2025-04-01,"AA-AA-000-0000"
"0X2896","Site",0,8,0,NA,NA,"Analysis_kri0006",2025-04-01,"AA-AA-000-0000"
"0X3137","Site",0,8,0,NA,NA,"Analysis_kri0006",2025-04-01,"AA-AA-000-0000"
"0X4131","Site",0,8,0,NA,NA,"Analysis_kri0006",2025-04-01,"AA-AA-000-0000"
"0X5111","Site",0,8,0,NA,NA,"Analysis_kri0006",2025-04-01,"AA-AA-000-0000"
"0X5558","Site",0,8,0,NA,NA,"Analysis_kri0006",2025-04-01,"AA-AA-000-0000"
"0X5562","Site",0,8,0,NA,NA,"Analysis_kri0006",2025-04-01,"AA-AA-000-0000"
"0X5729","Site",0,8,0,NA,NA,"Analysis_kri0006",2025-04-01,"AA-AA-000-0000"
"0X7472","Site",0,8,0,NA,NA,"Analysis_kri0006",2025-04-01,"AA-AA-000-0000"
"0X8504","Site",0,8,0,NA,NA,"Analysis_kri0006",2025-04-01,"AA-AA-000-0000"
"0X8530","Site",0,8,0,NA,NA,"Analysis_kri0006",2025-04-01,"AA-AA-000-0000"
"0X1012","Site",0,7,0,NA,NA,"Analysis_kri0006",2025-04-01,"AA-AA-000-0000"
"0X1154","Site",0,7,0,NA,NA,"Analysis_kri0006",2025-04-01,"AA-AA-000-0000"
"0X1330","Site",0,7,0,NA,NA,"Analysis_kri0006",2025-04-01,"AA-AA-000-0000"
"0X2026","Site",0,7,0,NA,NA,"Analysis_kri0006",2025-04-01,"AA-AA-000-0000"
"0X2587","Site",0,7,0,NA,NA,"Analysis_kri0006",2025-04-01,"AA-AA-000-0000"
"0X2996","Site",0,7,0,NA,NA,"Analysis_kri0006",2025-04-01,"AA-AA-000-0000"
"0X3959","Site",0,7,0,NA,NA,"Analysis_kri0006",2025-04-01,"AA-AA-000-0000"
"0X4343","Site",0,7,0,NA,NA,"Analysis_kri0006",2025-04-01,"AA-AA-000-0000"
"0X4935","Site",0,7,0,NA,NA,"Analysis_kri0006",2025-04-01,"AA-AA-000-0000"
"0X5053","Site",0,7,0,NA,NA,"Analysis_kri0006",2025-04-01,"AA-AA-000-0000"
"0X5171","Site",0,7,0,NA,NA,"Analysis_kri0006",2025-04-01,"AA-AA-000-0000"
"0X7543","Site",0,7,0,NA,NA,"Analysis_kri0006",2025-04-01,"AA-AA-000-0000"
"0X7604","Site",0,7,0,NA,NA,"Analysis_kri0006",2025-04-01,"AA-AA-000-0000"
"0X7690","Site",0,7,0,NA,NA,"Analysis_kri0006",2025-04-01,"AA-AA-000-0000"
"0X8040","Site",0,7,0,NA,NA,"Analysis_kri0006",2025-04-01,"AA-AA-000-0000"
"0X8213","Site",0,7,0,NA,NA,"Analysis_kri0006",2025-04-01,"AA-AA-000-0000"
"0X8706","Site",0,7,0,NA,NA,"Analysis_kri0006",2025-04-01,"AA-AA-000-0000"
"0X930","Site",0,7,0,NA,NA,"Analysis_kri0006",2025-04-01,"AA-AA-000-0000"
"0X2453","Site",0,6,0,NA,NA,"Analysis_kri0006",2025-04-01,"AA-AA-000-0000"
"0X2521","Site",0,6,0,NA,NA,"Analysis_kri0006",2025-04-01,"AA-AA-000-0000"
"0X2594","Site",0,6,0,NA,NA,"Analysis_kri0006",2025-04-01,"AA-AA-000-0000"
"0X5512","Site",0,6,0,NA,NA,"Analysis_kri0006",2025-04-01,"AA-AA-000-0000"
"0X6937","Site",0,6,0,NA,NA,"Analysis_kri0006",2025-04-01,"AA-AA-000-0000"
"0X9046","Site",0,6,0,NA,NA,"Analysis_kri0006",2025-04-01,"AA-AA-000-0000"
"0X1570","Site",0,5,0,NA,NA,"Analysis_kri0006",2025-04-01,"AA-AA-000-0000"
"0X2460","Site",0,5,0,NA,NA,"Analysis_kri0006",2025-04-01,"AA-AA-000-0000"
"0X3469","Site",0,5,0,NA,NA,"Analysis_kri0006",2025-04-01,"AA-AA-000-0000"
"0X4067","Site",0,5,0,NA,NA,"Analysis_kri0006",2025-04-01,"AA-AA-000-0000"
"0X4148","Site",0,5,0,NA,NA,"Analysis_kri0006",2025-04-01,"AA-AA-000-0000"
"0X5907","Site",0,5,0,NA,NA,"Analysis_kri0006",2025-04-01,"AA-AA-000-0000"
"0X6096","Site",0,5,0,NA,NA,"Analysis_kri0006",2025-04-01,"AA-AA-000-0000"
"0X7770","Site",0,5,0,NA,NA,"Analysis_kri0006",2025-04-01,"AA-AA-000-0000"
"0X8743","Site",0,5,0,NA,NA,"Analysis_kri0006",2025-04-01,"AA-AA-000-0000"
"0X1167","Site",0,4,0,NA,NA,"Analysis_kri0006",2025-04-01,"AA-AA-000-0000"
"0X1365","Site",0,4,0,NA,NA,"Analysis_kri0006",2025-04-01,"AA-AA-000-0000"
"0X2873","Site",0,4,0,NA,NA,"Analysis_kri0006",2025-04-01,"AA-AA-000-0000"
"0X2913","Site",0,4,0,NA,NA,"Analysis_kri0006",2025-04-01,"AA-AA-000-0000"
"0X4629","Site",0,4,0,NA,NA,"Analysis_kri0006",2025-04-01,"AA-AA-000-0000"
"0X492","Site",0,4,0,NA,NA,"Analysis_kri0006",2025-04-01,"AA-AA-000-0000"
"0X5836","Site",0,4,0,NA,NA,"Analysis_kri0006",2025-04-01,"AA-AA-000-0000"
"0X6710","Site",0,4,0,NA,NA,"Analysis_kri0006",2025-04-01,"AA-AA-000-0000"
"0X707","Site",0,4,0,NA,NA,"Analysis_kri0006",2025-04-01,"AA-AA-000-0000"
"0X7271","Site",0,4,0,NA,NA,"Analysis_kri0006",2025-04-01,"AA-AA-000-0000"
"0X805","Site",0,4,0,NA,NA,"Analysis_kri0006",2025-04-01,"AA-AA-000-0000"
"0X8058","Site",0,4,0,NA,NA,"Analysis_kri0006",2025-04-01,"AA-AA-000-0000"
"0X8084","Site",0,4,0,NA,NA,"Analysis_kri0006",2025-04-01,"AA-AA-000-0000"
"0X8085","Site",0,4,0,NA,NA,"Analysis_kri0006",2025-04-01,"AA-AA-000-0000"
"0X8676","Site",0,4,0,NA,NA,"Analysis_kri0006",2025-04-01,"AA-AA-000-0000"
"0X1175","Site",0,3,0,NA,NA,"Analysis_kri0006",2025-04-01,"AA-AA-000-0000"
"0X1319","Site",0,3,0,NA,NA,"Analysis_kri0006",2025-04-01,"AA-AA-000-0000"
"0X1713","Site",0,3,0,NA,NA,"Analysis_kri0006",2025-04-01,"AA-AA-000-0000"
"0X2779","Site",0,3,0,NA,NA,"Analysis_kri0006",2025-04-01,"AA-AA-000-0000"
"0X2967","Site",0,3,0,NA,NA,"Analysis_kri0006",2025-04-01,"AA-AA-000-0000"
"0X4046","Site",0,3,0,NA,NA,"Analysis_kri0006",2025-04-01,"AA-AA-000-0000"
"0X4739","Site",0,3,0,NA,NA,"Analysis_kri0006",2025-04-01,"AA-AA-000-0000"
"0X4887","Site",0,3,0,NA,NA,"Analysis_kri0006",2025-04-01,"AA-AA-000-0000"
"0X525","Site",0,3,0,NA,NA,"Analysis_kri0006",2025-04-01,"AA-AA-000-0000"
"0X5834","Site",0,3,0,NA,NA,"Analysis_kri0006",2025-04-01,"AA-AA-000-0000"
"0X6103","Site",0,3,0,NA,NA,"Analysis_kri0006",2025-04-01,"AA-AA-000-0000"
"0X769","Site",0,3,0,NA,NA,"Analysis_kri0006",2025-04-01,"AA-AA-000-0000"
"0X7767","Site",0,3,0,NA,NA,"Analysis_kri0006",2025-04-01,"AA-AA-000-0000"
"0X8454","Site",0,3,0,NA,NA,"Analysis_kri0006",2025-04-01,"AA-AA-000-0000"
"0X958","Site",0,3,0,NA,NA,"Analysis_kri0006",2025-04-01,"AA-AA-000-0000"
"0X020","Site",0,2,0,NA,NA,"Analysis_kri0006",2025-04-01,"AA-AA-000-0000"
"0X1958","Site",0,2,0,NA,NA,"Analysis_kri0006",2025-04-01,"AA-AA-000-0000"
"0X2004","Site",0,2,0,NA,NA,"Analysis_kri0006",2025-04-01,"AA-AA-000-0000"
"0X2283","Site",0,2,0,NA,NA,"Analysis_kri0006",2025-04-01,"AA-AA-000-0000"
"0X2614","Site",0,2,0,NA,NA,"Analysis_kri0006",2025-04-01,"AA-AA-000-0000"
"0X3028","Site",0,2,0,NA,NA,"Analysis_kri0006",2025-04-01,"AA-AA-000-0000"
"0X3333","Site",0,2,0,NA,NA,"Analysis_kri0006",2025-04-01,"AA-AA-000-0000"
"0X4441","Site",0,2,0,NA,NA,"Analysis_kri0006",2025-04-01,"AA-AA-000-0000"
"0X4511","Site",0,2,0,NA,NA,"Analysis_kri0006",2025-04-01,"AA-AA-000-0000"
"0X5224","Site",0,2,0,NA,NA,"Analysis_kri0006",2025-04-01,"AA-AA-000-0000"
"0X5362","Site",0,2,0,NA,NA,"Analysis_kri0006",2025-04-01,"AA-AA-000-0000"
"0X6072","Site",0,2,0,NA,NA,"Analysis_kri0006",2025-04-01,"AA-AA-000-0000"
"0X6258","Site",0,2,0,NA,NA,"Analysis_kri0006",2025-04-01,"AA-AA-000-0000"
"0X6558","Site",0,2,0,NA,NA,"Analysis_kri0006",2025-04-01,"AA-AA-000-0000"
"0X7012","Site",0,2,0,NA,NA,"Analysis_kri0006",2025-04-01,"AA-AA-000-0000"
"0X7356","Site",0,2,0,NA,NA,"Analysis_kri0006",2025-04-01,"AA-AA-000-0000"
"0X7452","Site",0,2,0,NA,NA,"Analysis_kri0006",2025-04-01,"AA-AA-000-0000"
"0X8705","Site",0,2,0,NA,NA,"Analysis_kri0006",2025-04-01,"AA-AA-000-0000"
"0X8997","Site",0,2,0,NA,NA,"Analysis_kri0006",2025-04-01,"AA-AA-000-0000"
"0X9144","Site",0,2,0,NA,NA,"Analysis_kri0006",2025-04-01,"AA-AA-000-0000"
"0X9417","Site",0,2,0,NA,NA,"Analysis_kri0006",2025-04-01,"AA-AA-000-0000"
"0X9433","Site",0,2,0,NA,NA,"Analysis_kri0006",2025-04-01,"AA-AA-000-0000"
"0X9913","Site",0,2,0,NA,NA,"Analysis_kri0006",2025-04-01,"AA-AA-000-0000"
"0X077","Site",0,1,0,NA,NA,"Analysis_kri0006",2025-04-01,"AA-AA-000-0000"
"0X1302","Site",0,1,0,NA,NA,"Analysis_kri0006",2025-04-01,"AA-AA-000-0000"
"0X1655","Site",0,1,0,NA,NA,"Analysis_kri0006",2025-04-01,"AA-AA-000-0000"
"0X1794","Site",0,1,0,NA,NA,"Analysis_kri0006",2025-04-01,"AA-AA-000-0000"
"0X181","Site",0,1,0,NA,NA,"Analysis_kri0006",2025-04-01,"AA-AA-000-0000"
"0X2256","Site",0,1,0,NA,NA,"Analysis_kri0006",2025-04-01,"AA-AA-000-0000"
"0X2258","Site",0,1,0,NA,NA,"Analysis_kri0006",2025-04-01,"AA-AA-000-0000"
"0X2547","Site",0,1,0,NA,NA,"Analysis_kri0006",2025-04-01,"AA-AA-000-0000"
"0X2884","Site",0,1,0,NA,NA,"Analysis_kri0006",2025-04-01,"AA-AA-000-0000"
"0X5267","Site",0,1,0,NA,NA,"Analysis_kri0006",2025-04-01,"AA-AA-000-0000"
"0X6074","Site",0,1,0,NA,NA,"Analysis_kri0006",2025-04-01,"AA-AA-000-0000"
"0X6252","Site",0,1,0,NA,NA,"Analysis_kri0006",2025-04-01,"AA-AA-000-0000"
"0X6305","Site",0,1,0,NA,NA,"Analysis_kri0006",2025-04-01,"AA-AA-000-0000"
"0X6959","Site",0,1,0,NA,NA,"Analysis_kri0006",2025-04-01,"AA-AA-000-0000"
"0X7567","Site",0,1,0,NA,NA,"Analysis_kri0006",2025-04-01,"AA-AA-000-0000"
"0X8149","Site",0,1,0,NA,NA,"Analysis_kri0006",2025-04-01,"AA-AA-000-0000"
"0X978","Site",0,1,0,NA,NA,"Analysis_kri0006",2025-04-01,"AA-AA-000-0000"
"0X9943","Site",0,1,0,NA,NA,"Analysis_kri0006",2025-04-01,"AA-AA-000-0000"
"0X805","Site",2,4,0.5,NA,NA,"Analysis_kri0007",2025-04-01,"AA-AA-000-0000"
"0X1012","Site",2,7,0.285714285714286,NA,NA,"Analysis_kri0007",2025-04-01,"AA-AA-000-0000"
"0X2913","Site",1,4,0.25,NA,NA,"Analysis_kri0007",2025-04-01,"AA-AA-000-0000"
"0X2896","Site",2,8,0.25,NA,NA,"Analysis_kri0007",2025-04-01,"AA-AA-000-0000"
"0X1571","Site",2,9,0.222222222222222,NA,NA,"Analysis_kri0007",2025-04-01,"AA-AA-000-0000"
"0X9046","Site",1,6,0.166666666666667,NA,NA,"Analysis_kri0007",2025-04-01,"AA-AA-000-0000"
"0X1154","Site",1,7,0.142857142857143,NA,NA,"Analysis_kri0007",2025-04-01,"AA-AA-000-0000"
"0X4343","Site",1,7,0.142857142857143,NA,NA,"Analysis_kri0007",2025-04-01,"AA-AA-000-0000"
"0X7795","Site",1,7,0.142857142857143,NA,NA,"Analysis_kri0007",2025-04-01,"AA-AA-000-0000"
"0X930","Site",1,7,0.142857142857143,NA,NA,"Analysis_kri0007",2025-04-01,"AA-AA-000-0000"
"0X1464","Site",1,8,0.125,NA,NA,"Analysis_kri0007",2025-04-01,"AA-AA-000-0000"
"0X3137","Site",1,8,0.125,NA,NA,"Analysis_kri0007",2025-04-01,"AA-AA-000-0000"
"0X4131","Site",1,8,0.125,NA,NA,"Analysis_kri0007",2025-04-01,"AA-AA-000-0000"
"0X5562","Site",1,8,0.125,NA,NA,"Analysis_kri0007",2025-04-01,"AA-AA-000-0000"
"0X5593","Site",1,9,0.111111111111111,NA,NA,"Analysis_kri0007",2025-04-01,"AA-AA-000-0000"
"0X8950","Site",1,9,0.111111111111111,NA,NA,"Analysis_kri0007",2025-04-01,"AA-AA-000-0000"
"0X5705","Site",1,10,0.1,NA,NA,"Analysis_kri0007",2025-04-01,"AA-AA-000-0000"
"0X8400","Site",1,10,0.1,NA,NA,"Analysis_kri0007",2025-04-01,"AA-AA-000-0000"
"0X853","Site",1,12,0.0833333333333333,NA,NA,"Analysis_kri0007",2025-04-01,"AA-AA-000-0000"
"0X6533","Site",1,14,0.0714285714285714,NA,NA,"Analysis_kri0007",2025-04-01,"AA-AA-000-0000"
"0X4621","Site",0,16,0,NA,NA,"Analysis_kri0007",2025-04-01,"AA-AA-000-0000"
"0X6774","Site",0,13,0,NA,NA,"Analysis_kri0007",2025-04-01,"AA-AA-000-0000"
"0X108","Site",0,12,0,NA,NA,"Analysis_kri0007",2025-04-01,"AA-AA-000-0000"
"0X1903","Site",0,11,0,NA,NA,"Analysis_kri0007",2025-04-01,"AA-AA-000-0000"
"0X5569","Site",0,11,0,NA,NA,"Analysis_kri0007",2025-04-01,"AA-AA-000-0000"
"0X8829","Site",0,11,0,NA,NA,"Analysis_kri0007",2025-04-01,"AA-AA-000-0000"
"0X9066","Site",0,11,0,NA,NA,"Analysis_kri0007",2025-04-01,"AA-AA-000-0000"
"0X9184","Site",0,11,0,NA,NA,"Analysis_kri0007",2025-04-01,"AA-AA-000-0000"
"0X9779","Site",0,11,0,NA,NA,"Analysis_kri0007",2025-04-01,"AA-AA-000-0000"
"0X9845","Site",0,11,0,NA,NA,"Analysis_kri0007",2025-04-01,"AA-AA-000-0000"
"0X6174","Site",0,10,0,NA,NA,"Analysis_kri0007",2025-04-01,"AA-AA-000-0000"
"0X9595","Site",0,10,0,NA,NA,"Analysis_kri0007",2025-04-01,"AA-AA-000-0000"
"0X1070","Site",0,9,0,NA,NA,"Analysis_kri0007",2025-04-01,"AA-AA-000-0000"
"0X2106","Site",0,9,0,NA,NA,"Analysis_kri0007",2025-04-01,"AA-AA-000-0000"
"0X2131","Site",0,9,0,NA,NA,"Analysis_kri0007",2025-04-01,"AA-AA-000-0000"
"0X6380","Site",0,9,0,NA,NA,"Analysis_kri0007",2025-04-01,"AA-AA-000-0000"
"0X7206","Site",0,9,0,NA,NA,"Analysis_kri0007",2025-04-01,"AA-AA-000-0000"
"0X9062","Site",0,9,0,NA,NA,"Analysis_kri0007",2025-04-01,"AA-AA-000-0000"
"0X1185","Site",0,8,0,NA,NA,"Analysis_kri0007",2025-04-01,"AA-AA-000-0000"
"0X1505","Site",0,8,0,NA,NA,"Analysis_kri0007",2025-04-01,"AA-AA-000-0000"
"0X5111","Site",0,8,0,NA,NA,"Analysis_kri0007",2025-04-01,"AA-AA-000-0000"
"0X5558","Site",0,8,0,NA,NA,"Analysis_kri0007",2025-04-01,"AA-AA-000-0000"
"0X5729","Site",0,8,0,NA,NA,"Analysis_kri0007",2025-04-01,"AA-AA-000-0000"
"0X7472","Site",0,8,0,NA,NA,"Analysis_kri0007",2025-04-01,"AA-AA-000-0000"
"0X8504","Site",0,8,0,NA,NA,"Analysis_kri0007",2025-04-01,"AA-AA-000-0000"
"0X8530","Site",0,8,0,NA,NA,"Analysis_kri0007",2025-04-01,"AA-AA-000-0000"
"0X1330","Site",0,7,0,NA,NA,"Analysis_kri0007",2025-04-01,"AA-AA-000-0000"
"0X2026","Site",0,7,0,NA,NA,"Analysis_kri0007",2025-04-01,"AA-AA-000-0000"
"0X2587","Site",0,7,0,NA,NA,"Analysis_kri0007",2025-04-01,"AA-AA-000-0000"
"0X2996","Site",0,7,0,NA,NA,"Analysis_kri0007",2025-04-01,"AA-AA-000-0000"
"0X3959","Site",0,7,0,NA,NA,"Analysis_kri0007",2025-04-01,"AA-AA-000-0000"
"0X4935","Site",0,7,0,NA,NA,"Analysis_kri0007",2025-04-01,"AA-AA-000-0000"
"0X5053","Site",0,7,0,NA,NA,"Analysis_kri0007",2025-04-01,"AA-AA-000-0000"
"0X5171","Site",0,7,0,NA,NA,"Analysis_kri0007",2025-04-01,"AA-AA-000-0000"
"0X7543","Site",0,7,0,NA,NA,"Analysis_kri0007",2025-04-01,"AA-AA-000-0000"
"0X7604","Site",0,7,0,NA,NA,"Analysis_kri0007",2025-04-01,"AA-AA-000-0000"
"0X7690","Site",0,7,0,NA,NA,"Analysis_kri0007",2025-04-01,"AA-AA-000-0000"
"0X8040","Site",0,7,0,NA,NA,"Analysis_kri0007",2025-04-01,"AA-AA-000-0000"
"0X8213","Site",0,7,0,NA,NA,"Analysis_kri0007",2025-04-01,"AA-AA-000-0000"
"0X8706","Site",0,7,0,NA,NA,"Analysis_kri0007",2025-04-01,"AA-AA-000-0000"
"0X2453","Site",0,6,0,NA,NA,"Analysis_kri0007",2025-04-01,"AA-AA-000-0000"
"0X2521","Site",0,6,0,NA,NA,"Analysis_kri0007",2025-04-01,"AA-AA-000-0000"
"0X2594","Site",0,6,0,NA,NA,"Analysis_kri0007",2025-04-01,"AA-AA-000-0000"
"0X5512","Site",0,6,0,NA,NA,"Analysis_kri0007",2025-04-01,"AA-AA-000-0000"
"0X6937","Site",0,6,0,NA,NA,"Analysis_kri0007",2025-04-01,"AA-AA-000-0000"
"0X9626","Site",0,6,0,NA,NA,"Analysis_kri0007",2025-04-01,"AA-AA-000-0000"
"0X1570","Site",0,5,0,NA,NA,"Analysis_kri0007",2025-04-01,"AA-AA-000-0000"
"0X2460","Site",0,5,0,NA,NA,"Analysis_kri0007",2025-04-01,"AA-AA-000-0000"
"0X3469","Site",0,5,0,NA,NA,"Analysis_kri0007",2025-04-01,"AA-AA-000-0000"
"0X4067","Site",0,5,0,NA,NA,"Analysis_kri0007",2025-04-01,"AA-AA-000-0000"
"0X4148","Site",0,5,0,NA,NA,"Analysis_kri0007",2025-04-01,"AA-AA-000-0000"
"0X5907","Site",0,5,0,NA,NA,"Analysis_kri0007",2025-04-01,"AA-AA-000-0000"
"0X6096","Site",0,5,0,NA,NA,"Analysis_kri0007",2025-04-01,"AA-AA-000-0000"
"0X7770","Site",0,5,0,NA,NA,"Analysis_kri0007",2025-04-01,"AA-AA-000-0000"
"0X8743","Site",0,5,0,NA,NA,"Analysis_kri0007",2025-04-01,"AA-AA-000-0000"
"0X1167","Site",0,4,0,NA,NA,"Analysis_kri0007",2025-04-01,"AA-AA-000-0000"
"0X1365","Site",0,4,0,NA,NA,"Analysis_kri0007",2025-04-01,"AA-AA-000-0000"
"0X2873","Site",0,4,0,NA,NA,"Analysis_kri0007",2025-04-01,"AA-AA-000-0000"
"0X4629","Site",0,4,0,NA,NA,"Analysis_kri0007",2025-04-01,"AA-AA-000-0000"
"0X492","Site",0,4,0,NA,NA,"Analysis_kri0007",2025-04-01,"AA-AA-000-0000"
"0X5836","Site",0,4,0,NA,NA,"Analysis_kri0007",2025-04-01,"AA-AA-000-0000"
"0X6710","Site",0,4,0,NA,NA,"Analysis_kri0007",2025-04-01,"AA-AA-000-0000"
"0X707","Site",0,4,0,NA,NA,"Analysis_kri0007",2025-04-01,"AA-AA-000-0000"
"0X7271","Site",0,4,0,NA,NA,"Analysis_kri0007",2025-04-01,"AA-AA-000-0000"
"0X8058","Site",0,4,0,NA,NA,"Analysis_kri0007",2025-04-01,"AA-AA-000-0000"
"0X8084","Site",0,4,0,NA,NA,"Analysis_kri0007",2025-04-01,"AA-AA-000-0000"
"0X8085","Site",0,4,0,NA,NA,"Analysis_kri0007",2025-04-01,"AA-AA-000-0000"
"0X8676","Site",0,4,0,NA,NA,"Analysis_kri0007",2025-04-01,"AA-AA-000-0000"
"0X1175","Site",0,3,0,NA,NA,"Analysis_kri0007",2025-04-01,"AA-AA-000-0000"
"0X1319","Site",0,3,0,NA,NA,"Analysis_kri0007",2025-04-01,"AA-AA-000-0000"
"0X1713","Site",0,3,0,NA,NA,"Analysis_kri0007",2025-04-01,"AA-AA-000-0000"
"0X2779","Site",0,3,0,NA,NA,"Analysis_kri0007",2025-04-01,"AA-AA-000-0000"
"0X2967","Site",0,3,0,NA,NA,"Analysis_kri0007",2025-04-01,"AA-AA-000-0000"
"0X4046","Site",0,3,0,NA,NA,"Analysis_kri0007",2025-04-01,"AA-AA-000-0000"
"0X4739","Site",0,3,0,NA,NA,"Analysis_kri0007",2025-04-01,"AA-AA-000-0000"
"0X4887","Site",0,3,0,NA,NA,"Analysis_kri0007",2025-04-01,"AA-AA-000-0000"
"0X525","Site",0,3,0,NA,NA,"Analysis_kri0007",2025-04-01,"AA-AA-000-0000"
"0X5834","Site",0,3,0,NA,NA,"Analysis_kri0007",2025-04-01,"AA-AA-000-0000"
"0X6103","Site",0,3,0,NA,NA,"Analysis_kri0007",2025-04-01,"AA-AA-000-0000"
"0X769","Site",0,3,0,NA,NA,"Analysis_kri0007",2025-04-01,"AA-AA-000-0000"
"0X7767","Site",0,3,0,NA,NA,"Analysis_kri0007",2025-04-01,"AA-AA-000-0000"
"0X8454","Site",0,3,0,NA,NA,"Analysis_kri0007",2025-04-01,"AA-AA-000-0000"
"0X958","Site",0,3,0,NA,NA,"Analysis_kri0007",2025-04-01,"AA-AA-000-0000"
"0X020","Site",0,2,0,NA,NA,"Analysis_kri0007",2025-04-01,"AA-AA-000-0000"
"0X1958","Site",0,2,0,NA,NA,"Analysis_kri0007",2025-04-01,"AA-AA-000-0000"
"0X2004","Site",0,2,0,NA,NA,"Analysis_kri0007",2025-04-01,"AA-AA-000-0000"
"0X2283","Site",0,2,0,NA,NA,"Analysis_kri0007",2025-04-01,"AA-AA-000-0000"
"0X2614","Site",0,2,0,NA,NA,"Analysis_kri0007",2025-04-01,"AA-AA-000-0000"
"0X3028","Site",0,2,0,NA,NA,"Analysis_kri0007",2025-04-01,"AA-AA-000-0000"
"0X3333","Site",0,2,0,NA,NA,"Analysis_kri0007",2025-04-01,"AA-AA-000-0000"
"0X3375","Site",0,2,0,NA,NA,"Analysis_kri0007",2025-04-01,"AA-AA-000-0000"
"0X4441","Site",0,2,0,NA,NA,"Analysis_kri0007",2025-04-01,"AA-AA-000-0000"
"0X4511","Site",0,2,0,NA,NA,"Analysis_kri0007",2025-04-01,"AA-AA-000-0000"
"0X5224","Site",0,2,0,NA,NA,"Analysis_kri0007",2025-04-01,"AA-AA-000-0000"
"0X5362","Site",0,2,0,NA,NA,"Analysis_kri0007",2025-04-01,"AA-AA-000-0000"
"0X6072","Site",0,2,0,NA,NA,"Analysis_kri0007",2025-04-01,"AA-AA-000-0000"
"0X6258","Site",0,2,0,NA,NA,"Analysis_kri0007",2025-04-01,"AA-AA-000-0000"
"0X6558","Site",0,2,0,NA,NA,"Analysis_kri0007",2025-04-01,"AA-AA-000-0000"
"0X7012","Site",0,2,0,NA,NA,"Analysis_kri0007",2025-04-01,"AA-AA-000-0000"
"0X7356","Site",0,2,0,NA,NA,"Analysis_kri0007",2025-04-01,"AA-AA-000-0000"
"0X7452","Site",0,2,0,NA,NA,"Analysis_kri0007",2025-04-01,"AA-AA-000-0000"
"0X8705","Site",0,2,0,NA,NA,"Analysis_kri0007",2025-04-01,"AA-AA-000-0000"
"0X8997","Site",0,2,0,NA,NA,"Analysis_kri0007",2025-04-01,"AA-AA-000-0000"
"0X9144","Site",0,2,0,NA,NA,"Analysis_kri0007",2025-04-01,"AA-AA-000-0000"
"0X9417","Site",0,2,0,NA,NA,"Analysis_kri0007",2025-04-01,"AA-AA-000-0000"
"0X9433","Site",0,2,0,NA,NA,"Analysis_kri0007",2025-04-01,"AA-AA-000-0000"
"0X9913","Site",0,2,0,NA,NA,"Analysis_kri0007",2025-04-01,"AA-AA-000-0000"
"0X077","Site",0,1,0,NA,NA,"Analysis_kri0007",2025-04-01,"AA-AA-000-0000"
"0X1302","Site",0,1,0,NA,NA,"Analysis_kri0007",2025-04-01,"AA-AA-000-0000"
"0X1655","Site",0,1,0,NA,NA,"Analysis_kri0007",2025-04-01,"AA-AA-000-0000"
"0X1794","Site",0,1,0,NA,NA,"Analysis_kri0007",2025-04-01,"AA-AA-000-0000"
"0X181","Site",0,1,0,NA,NA,"Analysis_kri0007",2025-04-01,"AA-AA-000-0000"
"0X2256","Site",0,1,0,NA,NA,"Analysis_kri0007",2025-04-01,"AA-AA-000-0000"
"0X2258","Site",0,1,0,NA,NA,"Analysis_kri0007",2025-04-01,"AA-AA-000-0000"
"0X2547","Site",0,1,0,NA,NA,"Analysis_kri0007",2025-04-01,"AA-AA-000-0000"
"0X2884","Site",0,1,0,NA,NA,"Analysis_kri0007",2025-04-01,"AA-AA-000-0000"
"0X5267","Site",0,1,0,NA,NA,"Analysis_kri0007",2025-04-01,"AA-AA-000-0000"
"0X6074","Site",0,1,0,NA,NA,"Analysis_kri0007",2025-04-01,"AA-AA-000-0000"
"0X6252","Site",0,1,0,NA,NA,"Analysis_kri0007",2025-04-01,"AA-AA-000-0000"
"0X6305","Site",0,1,0,NA,NA,"Analysis_kri0007",2025-04-01,"AA-AA-000-0000"
"0X6959","Site",0,1,0,NA,NA,"Analysis_kri0007",2025-04-01,"AA-AA-000-0000"
"0X7567","Site",0,1,0,NA,NA,"Analysis_kri0007",2025-04-01,"AA-AA-000-0000"
"0X8149","Site",0,1,0,NA,NA,"Analysis_kri0007",2025-04-01,"AA-AA-000-0000"
"0X978","Site",0,1,0,NA,NA,"Analysis_kri0007",2025-04-01,"AA-AA-000-0000"
"0X9943","Site",0,1,0,NA,NA,"Analysis_kri0007",2025-04-01,"AA-AA-000-0000"
"0X020","Site",32,512,0.0625,0,0,"Analysis_kri0008",2025-04-01,"AA-AA-000-0000"
"0X1012","Site",208,3328,0.0625,0,0,"Analysis_kri0008",2025-04-01,"AA-AA-000-0000"
"0X1070","Site",384,6144,0.0625,0,0,"Analysis_kri0008",2025-04-01,"AA-AA-000-0000"
"0X108","Site",400,6400,0.0625,0,0,"Analysis_kri0008",2025-04-01,"AA-AA-000-0000"
"0X1154","Site",192,3072,0.0625,0,0,"Analysis_kri0008",2025-04-01,"AA-AA-000-0000"
"0X1167","Site",96,1536,0.0625,0,0,"Analysis_kri0008",2025-04-01,"AA-AA-000-0000"
"0X1175","Site",96,1536,0.0625,0,0,"Analysis_kri0008",2025-04-01,"AA-AA-000-0000"
"0X1185","Site",288,4608,0.0625,0,0,"Analysis_kri0008",2025-04-01,"AA-AA-000-0000"
"0X1319","Site",64,1024,0.0625,0,0,"Analysis_kri0008",2025-04-01,"AA-AA-000-0000"
"0X1330","Site",112,1792,0.0625,0,0,"Analysis_kri0008",2025-04-01,"AA-AA-000-0000"
"0X1365","Site",112,1792,0.0625,0,0,"Analysis_kri0008",2025-04-01,"AA-AA-000-0000"
"0X1464","Site",240,3840,0.0625,0,0,"Analysis_kri0008",2025-04-01,"AA-AA-000-0000"
"0X1505","Site",288,4608,0.0625,0,0,"Analysis_kri0008",2025-04-01,"AA-AA-000-0000"
"0X1570","Site",192,3072,0.0625,0,0,"Analysis_kri0008",2025-04-01,"AA-AA-000-0000"
"0X1571","Site",256,4096,0.0625,0,0,"Analysis_kri0008",2025-04-01,"AA-AA-000-0000"
"0X1713","Site",64,1024,0.0625,0,0,"Analysis_kri0008",2025-04-01,"AA-AA-000-0000"
"0X1903","Site",288,4608,0.0625,0,0,"Analysis_kri0008",2025-04-01,"AA-AA-000-0000"
"0X1958","Site",32,512,0.0625,0,0,"Analysis_kri0008",2025-04-01,"AA-AA-000-0000"
"0X2004","Site",48,768,0.0625,0,0,"Analysis_kri0008",2025-04-01,"AA-AA-000-0000"
"0X2026","Site",112,1792,0.0625,0,0,"Analysis_kri0008",2025-04-01,"AA-AA-000-0000"
"0X2106","Site",304,4864,0.0625,0,0,"Analysis_kri0008",2025-04-01,"AA-AA-000-0000"
"0X2131","Site",320,5120,0.0625,0,0,"Analysis_kri0008",2025-04-01,"AA-AA-000-0000"
"0X2283","Site",48,768,0.0625,0,0,"Analysis_kri0008",2025-04-01,"AA-AA-000-0000"
"0X2453","Site",96,1536,0.0625,0,0,"Analysis_kri0008",2025-04-01,"AA-AA-000-0000"
"0X2460","Site",160,2560,0.0625,0,0,"Analysis_kri0008",2025-04-01,"AA-AA-000-0000"
"0X2521","Site",224,3584,0.0625,0,0,"Analysis_kri0008",2025-04-01,"AA-AA-000-0000"
"0X2587","Site",128,2048,0.0625,0,0,"Analysis_kri0008",2025-04-01,"AA-AA-000-0000"
"0X2594","Site",192,3072,0.0625,0,0,"Analysis_kri0008",2025-04-01,"AA-AA-000-0000"
"0X2614","Site",32,512,0.0625,0,0,"Analysis_kri0008",2025-04-01,"AA-AA-000-0000"
"0X2779","Site",48,768,0.0625,0,0,"Analysis_kri0008",2025-04-01,"AA-AA-000-0000"
"0X2873","Site",96,1536,0.0625,0,0,"Analysis_kri0008",2025-04-01,"AA-AA-000-0000"
"0X2896","Site",272,4352,0.0625,0,0,"Analysis_kri0008",2025-04-01,"AA-AA-000-0000"
"0X2913","Site",112,1792,0.0625,0,0,"Analysis_kri0008",2025-04-01,"AA-AA-000-0000"
"0X2967","Site",96,1536,0.0625,0,0,"Analysis_kri0008",2025-04-01,"AA-AA-000-0000"
"0X2996","Site",304,4864,0.0625,0,0,"Analysis_kri0008",2025-04-01,"AA-AA-000-0000"
"0X3028","Site",32,512,0.0625,0,0,"Analysis_kri0008",2025-04-01,"AA-AA-000-0000"
"0X3137","Site",304,4864,0.0625,0,0,"Analysis_kri0008",2025-04-01,"AA-AA-000-0000"
"0X3333","Site",48,768,0.0625,0,0,"Analysis_kri0008",2025-04-01,"AA-AA-000-0000"
"0X3375","Site",64,1024,0.0625,0,0,"Analysis_kri0008",2025-04-01,"AA-AA-000-0000"
"0X3469","Site",144,2304,0.0625,0,0,"Analysis_kri0008",2025-04-01,"AA-AA-000-0000"
"0X3959","Site",256,4096,0.0625,0,0,"Analysis_kri0008",2025-04-01,"AA-AA-000-0000"
"0X4046","Site",48,768,0.0625,0,0,"Analysis_kri0008",2025-04-01,"AA-AA-000-0000"
"0X4067","Site",128,2048,0.0625,0,0,"Analysis_kri0008",2025-04-01,"AA-AA-000-0000"
"0X4131","Site",288,4608,0.0625,0,0,"Analysis_kri0008",2025-04-01,"AA-AA-000-0000"
"0X4148","Site",128,2048,0.0625,0,0,"Analysis_kri0008",2025-04-01,"AA-AA-000-0000"
"0X4343","Site",192,3072,0.0625,0,0,"Analysis_kri0008",2025-04-01,"AA-AA-000-0000"
"0X4441","Site",32,512,0.0625,0,0,"Analysis_kri0008",2025-04-01,"AA-AA-000-0000"
"0X4511","Site",32,512,0.0625,0,0,"Analysis_kri0008",2025-04-01,"AA-AA-000-0000"
"0X4621","Site",560,8960,0.0625,0,0,"Analysis_kri0008",2025-04-01,"AA-AA-000-0000"
"0X4629","Site",128,2048,0.0625,0,0,"Analysis_kri0008",2025-04-01,"AA-AA-000-0000"
"0X4739","Site",48,768,0.0625,0,0,"Analysis_kri0008",2025-04-01,"AA-AA-000-0000"
"0X4887","Site",80,1280,0.0625,0,0,"Analysis_kri0008",2025-04-01,"AA-AA-000-0000"
"0X492","Site",64,1024,0.0625,0,0,"Analysis_kri0008",2025-04-01,"AA-AA-000-0000"
"0X4935","Site",112,1792,0.0625,0,0,"Analysis_kri0008",2025-04-01,"AA-AA-000-0000"
"0X5053","Site",144,2304,0.0625,0,0,"Analysis_kri0008",2025-04-01,"AA-AA-000-0000"
"0X5111","Site",240,3840,0.0625,0,0,"Analysis_kri0008",2025-04-01,"AA-AA-000-0000"
"0X5171","Site",192,3072,0.0625,0,0,"Analysis_kri0008",2025-04-01,"AA-AA-000-0000"
"0X5224","Site",32,512,0.0625,0,0,"Analysis_kri0008",2025-04-01,"AA-AA-000-0000"
"0X525","Site",48,768,0.0625,0,0,"Analysis_kri0008",2025-04-01,"AA-AA-000-0000"
"0X5362","Site",48,768,0.0625,0,0,"Analysis_kri0008",2025-04-01,"AA-AA-000-0000"
"0X5512","Site",208,3328,0.0625,0,0,"Analysis_kri0008",2025-04-01,"AA-AA-000-0000"
"0X5558","Site",176,2816,0.0625,0,0,"Analysis_kri0008",2025-04-01,"AA-AA-000-0000"
"0X5562","Site",272,4352,0.0625,0,0,"Analysis_kri0008",2025-04-01,"AA-AA-000-0000"
"0X5569","Site",384,6144,0.0625,0,0,"Analysis_kri0008",2025-04-01,"AA-AA-000-0000"
"0X5593","Site",304,4864,0.0625,0,0,"Analysis_kri0008",2025-04-01,"AA-AA-000-0000"
"0X5705","Site",384,6144,0.0625,0,0,"Analysis_kri0008",2025-04-01,"AA-AA-000-0000"
"0X5729","Site",208,3328,0.0625,0,0,"Analysis_kri0008",2025-04-01,"AA-AA-000-0000"
"0X5834","Site",48,768,0.0625,0,0,"Analysis_kri0008",2025-04-01,"AA-AA-000-0000"
"0X5836","Site",112,1792,0.0625,0,0,"Analysis_kri0008",2025-04-01,"AA-AA-000-0000"
"0X5907","Site",80,1280,0.0625,0,0,"Analysis_kri0008",2025-04-01,"AA-AA-000-0000"
"0X6072","Site",32,512,0.0625,0,0,"Analysis_kri0008",2025-04-01,"AA-AA-000-0000"
"0X6074","Site",32,512,0.0625,0,0,"Analysis_kri0008",2025-04-01,"AA-AA-000-0000"
"0X6096","Site",144,2304,0.0625,0,0,"Analysis_kri0008",2025-04-01,"AA-AA-000-0000"
"0X6103","Site",48,768,0.0625,0,0,"Analysis_kri0008",2025-04-01,"AA-AA-000-0000"
"0X6174","Site",288,4608,0.0625,0,0,"Analysis_kri0008",2025-04-01,"AA-AA-000-0000"
"0X6258","Site",32,512,0.0625,0,0,"Analysis_kri0008",2025-04-01,"AA-AA-000-0000"
"0X6380","Site",208,3328,0.0625,0,0,"Analysis_kri0008",2025-04-01,"AA-AA-000-0000"
"0X6533","Site",464,7424,0.0625,0,0,"Analysis_kri0008",2025-04-01,"AA-AA-000-0000"
"0X6558","Site",32,512,0.0625,0,0,"Analysis_kri0008",2025-04-01,"AA-AA-000-0000"
"0X6710","Site",96,1536,0.0625,0,0,"Analysis_kri0008",2025-04-01,"AA-AA-000-0000"
"0X6774","Site",416,6656,0.0625,0,0,"Analysis_kri0008",2025-04-01,"AA-AA-000-0000"
"0X6937","Site",160,2560,0.0625,0,0,"Analysis_kri0008",2025-04-01,"AA-AA-000-0000"
"0X7012","Site",32,512,0.0625,0,0,"Analysis_kri0008",2025-04-01,"AA-AA-000-0000"
"0X707","Site",176,2816,0.0625,0,0,"Analysis_kri0008",2025-04-01,"AA-AA-000-0000"
"0X7206","Site",304,4864,0.0625,0,0,"Analysis_kri0008",2025-04-01,"AA-AA-000-0000"
"0X7271","Site",64,1024,0.0625,0,0,"Analysis_kri0008",2025-04-01,"AA-AA-000-0000"
"0X7356","Site",32,512,0.0625,0,0,"Analysis_kri0008",2025-04-01,"AA-AA-000-0000"
"0X7452","Site",32,512,0.0625,0,0,"Analysis_kri0008",2025-04-01,"AA-AA-000-0000"
"0X7472","Site",256,4096,0.0625,0,0,"Analysis_kri0008",2025-04-01,"AA-AA-000-0000"
"0X7543","Site",256,4096,0.0625,0,0,"Analysis_kri0008",2025-04-01,"AA-AA-000-0000"
"0X7604","Site",160,2560,0.0625,0,0,"Analysis_kri0008",2025-04-01,"AA-AA-000-0000"
"0X769","Site",48,768,0.0625,0,0,"Analysis_kri0008",2025-04-01,"AA-AA-000-0000"
"0X7690","Site",112,1792,0.0625,0,0,"Analysis_kri0008",2025-04-01,"AA-AA-000-0000"
"0X7767","Site",48,768,0.0625,0,0,"Analysis_kri0008",2025-04-01,"AA-AA-000-0000"
"0X7770","Site",112,1792,0.0625,0,0,"Analysis_kri0008",2025-04-01,"AA-AA-000-0000"
"0X7795","Site",272,4352,0.0625,0,0,"Analysis_kri0008",2025-04-01,"AA-AA-000-0000"
"0X8040","Site",160,2560,0.0625,0,0,"Analysis_kri0008",2025-04-01,"AA-AA-000-0000"
"0X805","Site",64,1024,0.0625,0,0,"Analysis_kri0008",2025-04-01,"AA-AA-000-0000"
"0X8058","Site",80,1280,0.0625,0,0,"Analysis_kri0008",2025-04-01,"AA-AA-000-0000"
"0X8084","Site",80,1280,0.0625,0,0,"Analysis_kri0008",2025-04-01,"AA-AA-000-0000"
"0X8085","Site",64,1024,0.0625,0,0,"Analysis_kri0008",2025-04-01,"AA-AA-000-0000"
"0X8213","Site",144,2304,0.0625,0,0,"Analysis_kri0008",2025-04-01,"AA-AA-000-0000"
"0X8400","Site",336,5376,0.0625,0,0,"Analysis_kri0008",2025-04-01,"AA-AA-000-0000"
"0X8454","Site",48,768,0.0625,0,0,"Analysis_kri0008",2025-04-01,"AA-AA-000-0000"
"0X8504","Site",176,2816,0.0625,0,0,"Analysis_kri0008",2025-04-01,"AA-AA-000-0000"
"0X853","Site",272,4352,0.0625,0,0,"Analysis_kri0008",2025-04-01,"AA-AA-000-0000"
"0X8530","Site",272,4352,0.0625,0,0,"Analysis_kri0008",2025-04-01,"AA-AA-000-0000"
"0X8676","Site",96,1536,0.0625,0,0,"Analysis_kri0008",2025-04-01,"AA-AA-000-0000"
"0X8705","Site",32,512,0.0625,0,0,"Analysis_kri0008",2025-04-01,"AA-AA-000-0000"
"0X8706","Site",176,2816,0.0625,0,0,"Analysis_kri0008",2025-04-01,"AA-AA-000-0000"
"0X8743","Site",192,3072,0.0625,0,0,"Analysis_kri0008",2025-04-01,"AA-AA-000-0000"
"0X8829","Site",288,4608,0.0625,0,0,"Analysis_kri0008",2025-04-01,"AA-AA-000-0000"
"0X8950","Site",256,4096,0.0625,0,0,"Analysis_kri0008",2025-04-01,"AA-AA-000-0000"
"0X8997","Site",48,768,0.0625,0,0,"Analysis_kri0008",2025-04-01,"AA-AA-000-0000"
"0X9046","Site",224,3584,0.0625,0,0,"Analysis_kri0008",2025-04-01,"AA-AA-000-0000"
"0X9062","Site",288,4608,0.0625,0,0,"Analysis_kri0008",2025-04-01,"AA-AA-000-0000"
"0X9066","Site",400,6400,0.0625,0,0,"Analysis_kri0008",2025-04-01,"AA-AA-000-0000"
"0X9144","Site",32,512,0.0625,0,0,"Analysis_kri0008",2025-04-01,"AA-AA-000-0000"
"0X9184","Site",288,4608,0.0625,0,0,"Analysis_kri0008",2025-04-01,"AA-AA-000-0000"
"0X930","Site",144,2304,0.0625,0,0,"Analysis_kri0008",2025-04-01,"AA-AA-000-0000"
"0X9417","Site",32,512,0.0625,0,0,"Analysis_kri0008",2025-04-01,"AA-AA-000-0000"
"0X9433","Site",32,512,0.0625,0,0,"Analysis_kri0008",2025-04-01,"AA-AA-000-0000"
"0X958","Site",48,768,0.0625,0,0,"Analysis_kri0008",2025-04-01,"AA-AA-000-0000"
"0X9595","Site",352,5632,0.0625,0,0,"Analysis_kri0008",2025-04-01,"AA-AA-000-0000"
"0X9626","Site",144,2304,0.0625,0,0,"Analysis_kri0008",2025-04-01,"AA-AA-000-0000"
"0X9779","Site",368,5888,0.0625,0,0,"Analysis_kri0008",2025-04-01,"AA-AA-000-0000"
"0X9845","Site",432,6912,0.0625,0,0,"Analysis_kri0008",2025-04-01,"AA-AA-000-0000"
"0X9913","Site",48,768,0.0625,0,0,"Analysis_kri0008",2025-04-01,"AA-AA-000-0000"
"0X9943","Site",32,512,0.0625,0,0,"Analysis_kri0008",2025-04-01,"AA-AA-000-0000"
"0X077","Site",16,256,0.0625,NA,NA,"Analysis_kri0008",2025-04-01,"AA-AA-000-0000"
"0X1302","Site",16,256,0.0625,NA,NA,"Analysis_kri0008",2025-04-01,"AA-AA-000-0000"
"0X1655","Site",16,256,0.0625,NA,NA,"Analysis_kri0008",2025-04-01,"AA-AA-000-0000"
"0X1794","Site",16,256,0.0625,NA,NA,"Analysis_kri0008",2025-04-01,"AA-AA-000-0000"
"0X181","Site",16,256,0.0625,NA,NA,"Analysis_kri0008",2025-04-01,"AA-AA-000-0000"
"0X2256","Site",16,256,0.0625,NA,NA,"Analysis_kri0008",2025-04-01,"AA-AA-000-0000"
"0X2258","Site",16,256,0.0625,NA,NA,"Analysis_kri0008",2025-04-01,"AA-AA-000-0000"
"0X2547","Site",16,256,0.0625,NA,NA,"Analysis_kri0008",2025-04-01,"AA-AA-000-0000"
"0X2884","Site",16,256,0.0625,NA,NA,"Analysis_kri0008",2025-04-01,"AA-AA-000-0000"
"0X5267","Site",16,256,0.0625,NA,NA,"Analysis_kri0008",2025-04-01,"AA-AA-000-0000"
"0X6252","Site",16,256,0.0625,NA,NA,"Analysis_kri0008",2025-04-01,"AA-AA-000-0000"
"0X6305","Site",16,256,0.0625,NA,NA,"Analysis_kri0008",2025-04-01,"AA-AA-000-0000"
"0X6959","Site",16,256,0.0625,NA,NA,"Analysis_kri0008",2025-04-01,"AA-AA-000-0000"
"0X7567","Site",16,256,0.0625,NA,NA,"Analysis_kri0008",2025-04-01,"AA-AA-000-0000"
"0X8149","Site",16,256,0.0625,NA,NA,"Analysis_kri0008",2025-04-01,"AA-AA-000-0000"
"0X978","Site",16,256,0.0625,NA,NA,"Analysis_kri0008",2025-04-01,"AA-AA-000-0000"
"0X6103","Site",41,48,0.854166666666667,1.73734973314528,0,"Analysis_kri0009",2025-04-01,"AA-AA-000-0000"
"0X769","Site",40,48,0.833333333333333,1.41191804951595,0,"Analysis_kri0009",2025-04-01,"AA-AA-000-0000"
"0X7767","Site",40,48,0.833333333333333,1.41191804951595,0,"Analysis_kri0009",2025-04-01,"AA-AA-000-0000"
"0X3375","Site",53,64,0.828125,1.53639849685034,0,"Analysis_kri0009",2025-04-01,"AA-AA-000-0000"
"0X2587","Site",105,128,0.8203125,1.97351019869871,0,"Analysis_kri0009",2025-04-01,"AA-AA-000-0000"
"0X958","Site",39,48,0.8125,1.08648636588662,0,"Analysis_kri0009",2025-04-01,"AA-AA-000-0000"
"0X2460","Site",128,160,0.8,1.62715108862505,0,"Analysis_kri0009",2025-04-01,"AA-AA-000-0000"
"0X1330","Site",89,112,0.794642857142857,1.23354524523241,0,"Analysis_kri0009",2025-04-01,"AA-AA-000-0000"
"0X5834","Site",38,48,0.791666666666667,0.761054682257297,0,"Analysis_kri0009",2025-04-01,"AA-AA-000-0000"
"0X2873","Site",76,96,0.791666666666667,1.07629385335582,0,"Analysis_kri0009",2025-04-01,"AA-AA-000-0000"
"0X6096","Site",114,144,0.791666666666667,1.31818537700783,0,"Analysis_kri0009",2025-04-01,"AA-AA-000-0000"
"0X5171","Site",152,192,0.791666666666667,1.52210936451459,0,"Analysis_kri0009",2025-04-01,"AA-AA-000-0000"
"0X2026","Site",88,112,0.785714285714286,1.0205001989798,0,"Analysis_kri0009",2025-04-01,"AA-AA-000-0000"
"0X5836","Site",88,112,0.785714285714286,1.0205001989798,0,"Analysis_kri0009",2025-04-01,"AA-AA-000-0000"
"0X3959","Site",201,256,0.78515625,1.52272041499432,0,"Analysis_kri0009",2025-04-01,"AA-AA-000-0000"
"0X7271","Site",50,64,0.78125,0.690902181192327,0,"Analysis_kri0009",2025-04-01,"AA-AA-000-0000"
"0X4131","Site",225,288,0.78125,1.46562485237301,0,"Analysis_kri0009",2025-04-01,"AA-AA-000-0000"
"0X3137","Site",237,304,0.779605263157895,1.44112967459741,0,"Analysis_kri0009",2025-04-01,"AA-AA-000-0000"
"0X9626","Site",112,144,0.777777777777778,0.942409236715378,0,"Analysis_kri0009",2025-04-01,"AA-AA-000-0000"
"0X4887","Site",62,80,0.775,0.646412972371998,0,"Analysis_kri0009",2025-04-01,"AA-AA-000-0000"
"0X1070","Site",297,384,0.7734375,1.34718538063625,0,"Analysis_kri0009",2025-04-01,"AA-AA-000-0000"
"0X6533","Site",358,464,0.771551724137931,1.38929688287399,0,"Analysis_kri0009",2025-04-01,"AA-AA-000-0000"
"0X525","Site",37,48,0.770833333333333,0.435622998627971,0,"Analysis_kri0009",2025-04-01,"AA-AA-000-0000"
"0X2967","Site",74,96,0.770833333333333,0.616063952741313,0,"Analysis_kri0009",2025-04-01,"AA-AA-000-0000"
"0X8829","Site",222,288,0.770833333333333,1.06705406685967,0,"Analysis_kri0009",2025-04-01,"AA-AA-000-0000"
"0X5729","Site",160,208,0.769230769230769,0.854710810140085,0,"Analysis_kri0009",2025-04-01,"AA-AA-000-0000"
"0X7770","Site",86,112,0.767857142857143,0.594410106474569,0,"Analysis_kri0009",2025-04-01,"AA-AA-000-0000"
"0X9779","Site",282,368,0.766304347826087,1.01029861093874,0,"Analysis_kri0009",2025-04-01,"AA-AA-000-0000"
"0X108","Site",306,400,0.765,0.99449197941054,0,"Analysis_kri0009",2025-04-01,"AA-AA-000-0000"
"0X8400","Site",257,336,0.764880952380952,0.906546890142912,0,"Analysis_kri0009",2025-04-01,"AA-AA-000-0000"
"0X9046","Site",171,224,0.763392857142857,0.689977237284542,0,"Analysis_kri0009",2025-04-01,"AA-AA-000-0000"
"0X7604","Site",122,160,0.7625,0.557673444321048,0,"Analysis_kri0009",2025-04-01,"AA-AA-000-0000"
"0X5593","Site",231,304,0.759868421052632,0.665249043631252,0,"Analysis_kri0009",2025-04-01,"AA-AA-000-0000"
"0X2913","Site",85,112,0.758928571428571,0.381365060221951,0,"Analysis_kri0009",2025-04-01,"AA-AA-000-0000"
"0X5705","Site",291,384,0.7578125,0.656840529714494,0,"Analysis_kri0009",2025-04-01,"AA-AA-000-0000"
"0X1185","Site",218,288,0.756944444444444,0.535626352841866,0,"Analysis_kri0009",2025-04-01,"AA-AA-000-0000"
"0X8504","Site",133,176,0.755681818181818,0.380951458017768,0,"Analysis_kri0009",2025-04-01,"AA-AA-000-0000"
"0X8706","Site",133,176,0.755681818181818,0.380951458017768,0,"Analysis_kri0009",2025-04-01,"AA-AA-000-0000"
"0X5562","Site",205,272,0.753676470588235,0.399016448092633,0,"Analysis_kri0009",2025-04-01,"AA-AA-000-0000"
"0X4621","Site",422,560,0.753571428571429,0.566928275485324,0,"Analysis_kri0009",2025-04-01,"AA-AA-000-0000"
"0X5362","Site",36,48,0.75,0.110191314998644,0,"Analysis_kri0009",2025-04-01,"AA-AA-000-0000"
"0X8454","Site",36,48,0.75,0.110191314998644,0,"Analysis_kri0009",2025-04-01,"AA-AA-000-0000"
"0X8997","Site",36,48,0.75,0.110191314998644,0,"Analysis_kri0009",2025-04-01,"AA-AA-000-0000"
"0X1175","Site",72,96,0.75,0.155834052126808,0,"Analysis_kri0009",2025-04-01,"AA-AA-000-0000"
"0X8040","Site",120,160,0.75,0.201180896219715,0,"Analysis_kri0009",2025-04-01,"AA-AA-000-0000"
"0X2996","Site",228,304,0.75,0.277308728148176,0,"Analysis_kri0009",2025-04-01,"AA-AA-000-0000"
"0X6774","Site",311,416,0.747596153846154,0.213850801404461,0,"Analysis_kri0009",2025-04-01,"AA-AA-000-0000"
"0X853","Site",203,272,0.746323529411765,0.125599144913924,0,"Analysis_kri0009",2025-04-01,"AA-AA-000-0000"
"0X8950","Site",191,256,0.74609375,0.113559888897635,0,"Analysis_kri0009",2025-04-01,"AA-AA-000-0000"
"0X1012","Site",155,208,0.745192307692308,0.0730491898014042,0,"Analysis_kri0009",2025-04-01,"AA-AA-000-0000"
"0X6380","Site",155,208,0.745192307692308,0.0730491898014042,0,"Analysis_kri0009",2025-04-01,"AA-AA-000-0000"
"0X1570","Site",143,192,0.744791666666667,0.0576667881826233,0,"Analysis_kri0009",2025-04-01,"AA-AA-000-0000"
"0X8743","Site",143,192,0.744791666666667,0.0576667881826233,0,"Analysis_kri0009",2025-04-01,"AA-AA-000-0000"
"0X707","Site",131,176,0.744318181818182,0.0410491500583086,0,"Analysis_kri0009",2025-04-01,"AA-AA-000-0000"
"0X6937","Site",119,160,0.74375,0.022934622169049,0,"Analysis_kri0009",2025-04-01,"AA-AA-000-0000"
"0X9066","Site",297,400,0.7425,-0.0201035993790732,0,"Analysis_kri0009",2025-04-01,"AA-AA-000-0000"
"0X9595","Site",261,352,0.741477272727273,-0.0621213487131954,0,"Analysis_kri0009",2025-04-01,"AA-AA-000-0000"
"0X7690","Site",83,112,0.741071428571429,-0.044725032283279,0,"Analysis_kri0009",2025-04-01,"AA-AA-000-0000"
"0X5569","Site",284,384,0.739583333333333,-0.148561796360887,0,"Analysis_kri0009",2025-04-01,"AA-AA-000-0000"
"0X7543","Site",189,256,0.73828125,-0.168272216321703,0,"Analysis_kri0009",2025-04-01,"AA-AA-000-0000"
"0X9062","Site",212,288,0.736111111111111,-0.261515218184827,0,"Analysis_kri0009",2025-04-01,"AA-AA-000-0000"
"0X8213","Site",106,144,0.736111111111111,-0.184919184161971,0,"Analysis_kri0009",2025-04-01,"AA-AA-000-0000"
"0X2896","Site",200,272,0.735294117647059,-0.28452680985414,0,"Analysis_kri0009",2025-04-01,"AA-AA-000-0000"
"0X1571","Site",188,256,0.734375,-0.309188268931371,0,"Analysis_kri0009",2025-04-01,"AA-AA-000-0000"
"0X4629","Site",94,128,0.734375,-0.218629121624703,0,"Analysis_kri0009",2025-04-01,"AA-AA-000-0000"
"0X492","Site",47,64,0.734375,-0.154594134465686,0,"Analysis_kri0009",2025-04-01,"AA-AA-000-0000"
"0X805","Site",47,64,0.734375,-0.154594134465686,0,"Analysis_kri0009",2025-04-01,"AA-AA-000-0000"
"0X1464","Site",176,240,0.733333333333333,-0.335754622434846,0,"Analysis_kri0009",2025-04-01,"AA-AA-000-0000"
"0X1505","Site",211,288,0.732638888888889,-0.39437214668928,0,"Analysis_kri0009",2025-04-01,"AA-AA-000-0000"
"0X5053","Site",105,144,0.729166666666667,-0.372807254308198,0,"Analysis_kri0009",2025-04-01,"AA-AA-000-0000"
"0X6710","Site",70,96,0.729166666666667,-0.304395848487697,0,"Analysis_kri0009",2025-04-01,"AA-AA-000-0000"
"0X2779","Site",35,48,0.729166666666667,-0.215240368630683,0,"Analysis_kri0009",2025-04-01,"AA-AA-000-0000"
"0X2131","Site",233,320,0.728125,-0.59776129179294,0,"Analysis_kri0009",2025-04-01,"AA-AA-000-0000"
"0X7795","Site",198,272,0.727941176470588,-0.557944113032854,0,"Analysis_kri0009",2025-04-01,"AA-AA-000-0000"
"0X7472","Site",186,256,0.7265625,-0.591020374150709,0,"Analysis_kri0009",2025-04-01,"AA-AA-000-0000"
"0X9845","Site",313,432,0.724537037037037,-0.862675561644931,0,"Analysis_kri0009",2025-04-01,"AA-AA-000-0000"
"0X1365","Site",81,112,0.723214285714286,-0.470815124788512,0,"Analysis_kri0009",2025-04-01,"AA-AA-000-0000"
"0X9184","Site",208,288,0.722222222222222,-0.792942932202627,0,"Analysis_kri0009",2025-04-01,"AA-AA-000-0000"
"0X1903","Site",207,288,0.71875,-0.925799860707076,0,"Analysis_kri0009",2025-04-01,"AA-AA-000-0000"
"0X2453","Site",69,96,0.71875,-0.534510798794948,0,"Analysis_kri0009",2025-04-01,"AA-AA-000-0000"
"0X8085","Site",46,64,0.71875,-0.436426239685023,0,"Analysis_kri0009",2025-04-01,"AA-AA-000-0000"
"0X2106","Site",218,304,0.717105263157895,-1.01582565679542,0,"Analysis_kri0009",2025-04-01,"AA-AA-000-0000"
"0X7206","Site",218,304,0.717105263157895,-1.01582565679542,0,"Analysis_kri0009",2025-04-01,"AA-AA-000-0000"
"0X8530","Site",195,272,0.716911764705882,-0.968070067800917,0,"Analysis_kri0009",2025-04-01,"AA-AA-000-0000"
"0X5558","Site",126,176,0.715909090909091,-0.808706619840331,0,"Analysis_kri0009",2025-04-01,"AA-AA-000-0000"
"0X4935","Site",80,112,0.714285714285714,-0.683860171041127,0,"Analysis_kri0009",2025-04-01,"AA-AA-000-0000"
"0X1154","Site",137,192,0.713541666666667,-0.918628262705357,0,"Analysis_kri0009",2025-04-01,"AA-AA-000-0000"
"0X4343","Site",137,192,0.713541666666667,-0.918628262705357,0,"Analysis_kri0009",2025-04-01,"AA-AA-000-0000"
"0X5512","Site",148,208,0.711538461538462,-1.02127707867275,0,"Analysis_kri0009",2025-04-01,"AA-AA-000-0000"
"0X3469","Site",102,144,0.708333333333333,-0.936471464746871,0,"Analysis_kri0009",2025-04-01,"AA-AA-000-0000"
"0X2283","Site",34,48,0.708333333333333,-0.540672052260009,0,"Analysis_kri0009",2025-04-01,"AA-AA-000-0000"
"0X2521","Site",158,224,0.705357142857143,-1.26841552246,0,"Analysis_kri0009",2025-04-01,"AA-AA-000-0000"
"0X6174","Site",203,288,0.704861111111111,-1.45722757472487,0,"Analysis_kri0009",2025-04-01,"AA-AA-000-0000"
"0X930","Site",101,144,0.701388888888889,-1.1243595348931,0,"Analysis_kri0009",2025-04-01,"AA-AA-000-0000"
"0X5907","Site",56,80,0.7,-0.866056816857552,0,"Analysis_kri0009",2025-04-01,"AA-AA-000-0000"
"0X2594","Site",134,192,0.697916666666667,-1.40677578814935,0,"Analysis_kri0009",2025-04-01,"AA-AA-000-0000"
"0X5111","Site",166,240,0.691666666666667,-1.79112935568961,0,"Analysis_kri0009",2025-04-01,"AA-AA-000-0000"
"0X1167","Site",66,96,0.6875,-1.2248556497167,0,"Analysis_kri0009",2025-04-01,"AA-AA-000-0000"
"0X1319","Site",44,64,0.6875,-1.0000904501237,0,"Analysis_kri0009",2025-04-01,"AA-AA-000-0000"
"0X9913","Site",33,48,0.6875,-0.866103735889337,0,"Analysis_kri0009",2025-04-01,"AA-AA-000-0000"
"0X4148","Site",87,128,0.6796875,-1.61362687092142,0,"Analysis_kri0009",2025-04-01,"AA-AA-000-0000"
"0X8676","Site",65,96,0.677083333333333,-1.45497060002396,0,"Analysis_kri0009",2025-04-01,"AA-AA-000-0000"
"0X8058","Site",54,80,0.675,-1.3702134132674,0,"Analysis_kri0009",2025-04-01,"AA-AA-000-0000"
"0X4067","Site",86,128,0.671875,-1.8129122636781,0,"Analysis_kri0009",2025-04-01,"AA-AA-000-0000"
"0X1713","Site",42,64,0.65625,-1.56375466056237,0,"Analysis_kri0009",2025-04-01,"AA-AA-000-0000"
"0X3333","Site",31,48,0.645833333333333,-1.51696710314799,0,"Analysis_kri0009",2025-04-01,"AA-AA-000-0000"
"0X4046","Site",31,48,0.645833333333333,-1.51696710314799,0,"Analysis_kri0009",2025-04-01,"AA-AA-000-0000"
"0X4739","Site",31,48,0.645833333333333,-1.51696710314799,0,"Analysis_kri0009",2025-04-01,"AA-AA-000-0000"
"0X2004","Site",30,48,0.625,-1.84239878677732,0,"Analysis_kri0009",2025-04-01,"AA-AA-000-0000"
"0X8084","Site",49,80,0.6125,-2.63060490429202,0,"Analysis_kri0009",2025-04-01,"AA-AA-000-0000"
"0X1302","Site",15,16,0.9375,NA,NA,"Analysis_kri0009",2025-04-01,"AA-AA-000-0000"
"0X8149","Site",14,16,0.875,NA,NA,"Analysis_kri0009",2025-04-01,"AA-AA-000-0000"
"0X7452","Site",28,32,0.875,NA,NA,"Analysis_kri0009",2025-04-01,"AA-AA-000-0000"
"0X9144","Site",28,32,0.875,NA,NA,"Analysis_kri0009",2025-04-01,"AA-AA-000-0000"
"0X6072","Site",27,32,0.84375,NA,NA,"Analysis_kri0009",2025-04-01,"AA-AA-000-0000"
"0X6258","Site",27,32,0.84375,NA,NA,"Analysis_kri0009",2025-04-01,"AA-AA-000-0000"
"0X1794","Site",13,16,0.8125,NA,NA,"Analysis_kri0009",2025-04-01,"AA-AA-000-0000"
"0X181","Site",13,16,0.8125,NA,NA,"Analysis_kri0009",2025-04-01,"AA-AA-000-0000"
"0X2547","Site",13,16,0.8125,NA,NA,"Analysis_kri0009",2025-04-01,"AA-AA-000-0000"
"0X6074","Site",26,32,0.8125,NA,NA,"Analysis_kri0009",2025-04-01,"AA-AA-000-0000"
"0X8705","Site",26,32,0.8125,NA,NA,"Analysis_kri0009",2025-04-01,"AA-AA-000-0000"
"0X9433","Site",26,32,0.8125,NA,NA,"Analysis_kri0009",2025-04-01,"AA-AA-000-0000"
"0X1958","Site",25,32,0.78125,NA,NA,"Analysis_kri0009",2025-04-01,"AA-AA-000-0000"
"0X2614","Site",25,32,0.78125,NA,NA,"Analysis_kri0009",2025-04-01,"AA-AA-000-0000"
"0X4511","Site",25,32,0.78125,NA,NA,"Analysis_kri0009",2025-04-01,"AA-AA-000-0000"
"0X5224","Site",25,32,0.78125,NA,NA,"Analysis_kri0009",2025-04-01,"AA-AA-000-0000"
"0X5267","Site",12,16,0.75,NA,NA,"Analysis_kri0009",2025-04-01,"AA-AA-000-0000"
"0X6305","Site",12,16,0.75,NA,NA,"Analysis_kri0009",2025-04-01,"AA-AA-000-0000"
"0X6959","Site",12,16,0.75,NA,NA,"Analysis_kri0009",2025-04-01,"AA-AA-000-0000"
"0X7567","Site",12,16,0.75,NA,NA,"Analysis_kri0009",2025-04-01,"AA-AA-000-0000"
"0X6558","Site",23,32,0.71875,NA,NA,"Analysis_kri0009",2025-04-01,"AA-AA-000-0000"
"0X7012","Site",23,32,0.71875,NA,NA,"Analysis_kri0009",2025-04-01,"AA-AA-000-0000"
"0X7356","Site",23,32,0.71875,NA,NA,"Analysis_kri0009",2025-04-01,"AA-AA-000-0000"
"0X4441","Site",22,32,0.6875,NA,NA,"Analysis_kri0009",2025-04-01,"AA-AA-000-0000"
"0X6252","Site",11,16,0.6875,NA,NA,"Analysis_kri0009",2025-04-01,"AA-AA-000-0000"
"0X978","Site",11,16,0.6875,NA,NA,"Analysis_kri0009",2025-04-01,"AA-AA-000-0000"
"0X020","Site",21,32,0.65625,NA,NA,"Analysis_kri0009",2025-04-01,"AA-AA-000-0000"
"0X3028","Site",20,32,0.625,NA,NA,"Analysis_kri0009",2025-04-01,"AA-AA-000-0000"
"0X9417","Site",20,32,0.625,NA,NA,"Analysis_kri0009",2025-04-01,"AA-AA-000-0000"
"0X077","Site",10,16,0.625,NA,NA,"Analysis_kri0009",2025-04-01,"AA-AA-000-0000"
"0X2884","Site",10,16,0.625,NA,NA,"Analysis_kri0009",2025-04-01,"AA-AA-000-0000"
"0X9943","Site",19,32,0.59375,NA,NA,"Analysis_kri0009",2025-04-01,"AA-AA-000-0000"
"0X1655","Site",9,16,0.5625,NA,NA,"Analysis_kri0009",2025-04-01,"AA-AA-000-0000"
"0X2256","Site",9,16,0.5625,NA,NA,"Analysis_kri0009",2025-04-01,"AA-AA-000-0000"
"0X2258","Site",8,16,0.5,NA,NA,"Analysis_kri0009",2025-04-01,"AA-AA-000-0000"
"0X2614","Site",2,128,0.015625,NA,NA,"Analysis_kri0010",2025-04-01,"AA-AA-000-0000"
"0X020","Site",1,128,0.0078125,NA,NA,"Analysis_kri0010",2025-04-01,"AA-AA-000-0000"
"0X6258","Site",1,128,0.0078125,NA,NA,"Analysis_kri0010",2025-04-01,"AA-AA-000-0000"
"0X8504","Site",5,704,0.00710227272727273,NA,NA,"Analysis_kri0010",2025-04-01,"AA-AA-000-0000"
"0X5729","Site",5,832,0.00600961538461538,NA,NA,"Analysis_kri0010",2025-04-01,"AA-AA-000-0000"
"0X4629","Site",3,512,0.005859375,NA,NA,"Analysis_kri0010",2025-04-01,"AA-AA-000-0000"
"0X2004","Site",1,192,0.00520833333333333,NA,NA,"Analysis_kri0010",2025-04-01,"AA-AA-000-0000"
"0X9913","Site",1,192,0.00520833333333333,NA,NA,"Analysis_kri0010",2025-04-01,"AA-AA-000-0000"
"0X2873","Site",2,384,0.00520833333333333,NA,NA,"Analysis_kri0010",2025-04-01,"AA-AA-000-0000"
"0X930","Site",3,576,0.00520833333333333,NA,NA,"Analysis_kri0010",2025-04-01,"AA-AA-000-0000"
"0X9062","Site",5,1152,0.00434027777777778,NA,NA,"Analysis_kri0010",2025-04-01,"AA-AA-000-0000"
"0X7206","Site",5,1216,0.00411184210526316,NA,NA,"Analysis_kri0010",2025-04-01,"AA-AA-000-0000"
"0X3375","Site",1,256,0.00390625,NA,NA,"Analysis_kri0010",2025-04-01,"AA-AA-000-0000"
"0X492","Site",1,256,0.00390625,NA,NA,"Analysis_kri0010",2025-04-01,"AA-AA-000-0000"
"0X1154","Site",3,768,0.00390625,NA,NA,"Analysis_kri0010",2025-04-01,"AA-AA-000-0000"
"0X4343","Site",3,768,0.00390625,NA,NA,"Analysis_kri0010",2025-04-01,"AA-AA-000-0000"
"0X2106","Site",4,1216,0.00328947368421053,NA,NA,"Analysis_kri0010",2025-04-01,"AA-AA-000-0000"
"0X4887","Site",1,320,0.003125,NA,NA,"Analysis_kri0010",2025-04-01,"AA-AA-000-0000"
"0X8084","Site",1,320,0.003125,NA,NA,"Analysis_kri0010",2025-04-01,"AA-AA-000-0000"
"0X2460","Site",2,640,0.003125,NA,NA,"Analysis_kri0010",2025-04-01,"AA-AA-000-0000"
"0X8706","Site",2,704,0.00284090909090909,NA,NA,"Analysis_kri0010",2025-04-01,"AA-AA-000-0000"
"0X9595","Site",4,1408,0.00284090909090909,NA,NA,"Analysis_kri0010",2025-04-01,"AA-AA-000-0000"
"0X2896","Site",3,1088,0.00275735294117647,NA,NA,"Analysis_kri0010",2025-04-01,"AA-AA-000-0000"
"0X853","Site",3,1088,0.00275735294117647,NA,NA,"Analysis_kri0010",2025-04-01,"AA-AA-000-0000"
"0X6710","Site",1,384,0.00260416666666667,NA,NA,"Analysis_kri0010",2025-04-01,"AA-AA-000-0000"
"0X5171","Site",2,768,0.00260416666666667,NA,NA,"Analysis_kri0010",2025-04-01,"AA-AA-000-0000"
"0X8743","Site",2,768,0.00260416666666667,NA,NA,"Analysis_kri0010",2025-04-01,"AA-AA-000-0000"
"0X1185","Site",3,1152,0.00260416666666667,NA,NA,"Analysis_kri0010",2025-04-01,"AA-AA-000-0000"
"0X1505","Site",3,1152,0.00260416666666667,NA,NA,"Analysis_kri0010",2025-04-01,"AA-AA-000-0000"
"0X5512","Site",2,832,0.00240384615384615,NA,NA,"Analysis_kri0010",2025-04-01,"AA-AA-000-0000"
"0X2131","Site",3,1280,0.00234375,NA,NA,"Analysis_kri0010",2025-04-01,"AA-AA-000-0000"
"0X1330","Site",1,448,0.00223214285714286,NA,NA,"Analysis_kri0010",2025-04-01,"AA-AA-000-0000"
"0X2026","Site",1,448,0.00223214285714286,NA,NA,"Analysis_kri0010",2025-04-01,"AA-AA-000-0000"
"0X2913","Site",1,448,0.00223214285714286,NA,NA,"Analysis_kri0010",2025-04-01,"AA-AA-000-0000"
"0X5836","Site",1,448,0.00223214285714286,NA,NA,"Analysis_kri0010",2025-04-01,"AA-AA-000-0000"
"0X1464","Site",2,960,0.00208333333333333,NA,NA,"Analysis_kri0010",2025-04-01,"AA-AA-000-0000"
"0X9779","Site",3,1472,0.00203804347826087,NA,NA,"Analysis_kri0010",2025-04-01,"AA-AA-000-0000"
"0X2587","Site",1,512,0.001953125,NA,NA,"Analysis_kri0010",2025-04-01,"AA-AA-000-0000"
"0X4067","Site",1,512,0.001953125,NA,NA,"Analysis_kri0010",2025-04-01,"AA-AA-000-0000"
"0X1571","Site",2,1024,0.001953125,NA,NA,"Analysis_kri0010",2025-04-01,"AA-AA-000-0000"
"0X3959","Site",2,1024,0.001953125,NA,NA,"Analysis_kri0010",2025-04-01,"AA-AA-000-0000"
"0X5705","Site",3,1536,0.001953125,NA,NA,"Analysis_kri0010",2025-04-01,"AA-AA-000-0000"
"0X9066","Site",3,1600,0.001875,NA,NA,"Analysis_kri0010",2025-04-01,"AA-AA-000-0000"
"0X5562","Site",2,1088,0.00183823529411765,NA,NA,"Analysis_kri0010",2025-04-01,"AA-AA-000-0000"
"0X3469","Site",1,576,0.00173611111111111,NA,NA,"Analysis_kri0010",2025-04-01,"AA-AA-000-0000"
"0X5053","Site",1,576,0.00173611111111111,NA,NA,"Analysis_kri0010",2025-04-01,"AA-AA-000-0000"
"0X8213","Site",1,576,0.00173611111111111,NA,NA,"Analysis_kri0010",2025-04-01,"AA-AA-000-0000"
"0X1903","Site",2,1152,0.00173611111111111,NA,NA,"Analysis_kri0010",2025-04-01,"AA-AA-000-0000"
"0X4131","Site",2,1152,0.00173611111111111,NA,NA,"Analysis_kri0010",2025-04-01,"AA-AA-000-0000"
"0X9845","Site",3,1728,0.00173611111111111,NA,NA,"Analysis_kri0010",2025-04-01,"AA-AA-000-0000"
"0X3137","Site",2,1216,0.00164473684210526,NA,NA,"Analysis_kri0010",2025-04-01,"AA-AA-000-0000"
"0X5593","Site",2,1216,0.00164473684210526,NA,NA,"Analysis_kri0010",2025-04-01,"AA-AA-000-0000"
"0X6533","Site",3,1856,0.00161637931034483,NA,NA,"Analysis_kri0010",2025-04-01,"AA-AA-000-0000"
"0X6937","Site",1,640,0.0015625,NA,NA,"Analysis_kri0010",2025-04-01,"AA-AA-000-0000"
"0X8040","Site",1,640,0.0015625,NA,NA,"Analysis_kri0010",2025-04-01,"AA-AA-000-0000"
"0X707","Site",1,704,0.00142045454545455,NA,NA,"Analysis_kri0010",2025-04-01,"AA-AA-000-0000"
"0X5569","Site",2,1536,0.00130208333333333,NA,NA,"Analysis_kri0010",2025-04-01,"AA-AA-000-0000"
"0X108","Site",2,1600,0.00125,NA,NA,"Analysis_kri0010",2025-04-01,"AA-AA-000-0000"
"0X6774","Site",2,1664,0.00120192307692308,NA,NA,"Analysis_kri0010",2025-04-01,"AA-AA-000-0000"
"0X6380","Site",1,832,0.00120192307692308,NA,NA,"Analysis_kri0010",2025-04-01,"AA-AA-000-0000"
"0X5111","Site",1,960,0.00104166666666667,NA,NA,"Analysis_kri0010",2025-04-01,"AA-AA-000-0000"
"0X7543","Site",1,1024,0.0009765625,NA,NA,"Analysis_kri0010",2025-04-01,"AA-AA-000-0000"
"0X7795","Site",1,1088,0.000919117647058824,NA,NA,"Analysis_kri0010",2025-04-01,"AA-AA-000-0000"
"0X8530","Site",1,1088,0.000919117647058824,NA,NA,"Analysis_kri0010",2025-04-01,"AA-AA-000-0000"
"0X4621","Site",2,2240,0.000892857142857143,NA,NA,"Analysis_kri0010",2025-04-01,"AA-AA-000-0000"
"0X6174","Site",1,1152,0.000868055555555556,NA,NA,"Analysis_kri0010",2025-04-01,"AA-AA-000-0000"
"0X9184","Site",1,1152,0.000868055555555556,NA,NA,"Analysis_kri0010",2025-04-01,"AA-AA-000-0000"
"0X2996","Site",1,1216,0.000822368421052632,NA,NA,"Analysis_kri0010",2025-04-01,"AA-AA-000-0000"
"0X8400","Site",1,1344,0.000744047619047619,NA,NA,"Analysis_kri0010",2025-04-01,"AA-AA-000-0000"
"0X1070","Site",0,1536,0,NA,NA,"Analysis_kri0010",2025-04-01,"AA-AA-000-0000"
"0X8829","Site",0,1152,0,NA,NA,"Analysis_kri0010",2025-04-01,"AA-AA-000-0000"
"0X7472","Site",0,1024,0,NA,NA,"Analysis_kri0010",2025-04-01,"AA-AA-000-0000"
"0X8950","Site",0,1024,0,NA,NA,"Analysis_kri0010",2025-04-01,"AA-AA-000-0000"
"0X2521","Site",0,896,0,NA,NA,"Analysis_kri0010",2025-04-01,"AA-AA-000-0000"
"0X9046","Site",0,896,0,NA,NA,"Analysis_kri0010",2025-04-01,"AA-AA-000-0000"
"0X1012","Site",0,832,0,NA,NA,"Analysis_kri0010",2025-04-01,"AA-AA-000-0000"
"0X1570","Site",0,768,0,NA,NA,"Analysis_kri0010",2025-04-01,"AA-AA-000-0000"
"0X2594","Site",0,768,0,NA,NA,"Analysis_kri0010",2025-04-01,"AA-AA-000-0000"
"0X5558","Site",0,704,0,NA,NA,"Analysis_kri0010",2025-04-01,"AA-AA-000-0000"
"0X7604","Site",0,640,0,NA,NA,"Analysis_kri0010",2025-04-01,"AA-AA-000-0000"
"0X6096","Site",0,576,0,NA,NA,"Analysis_kri0010",2025-04-01,"AA-AA-000-0000"
"0X9626","Site",0,576,0,NA,NA,"Analysis_kri0010",2025-04-01,"AA-AA-000-0000"
"0X4148","Site",0,512,0,NA,NA,"Analysis_kri0010",2025-04-01,"AA-AA-000-0000"
"0X1365","Site",0,448,0,NA,NA,"Analysis_kri0010",2025-04-01,"AA-AA-000-0000"
"0X4935","Site",0,448,0,NA,NA,"Analysis_kri0010",2025-04-01,"AA-AA-000-0000"
"0X7690","Site",0,448,0,NA,NA,"Analysis_kri0010",2025-04-01,"AA-AA-000-0000"
"0X7770","Site",0,448,0,NA,NA,"Analysis_kri0010",2025-04-01,"AA-AA-000-0000"
"0X1167","Site",0,384,0,NA,NA,"Analysis_kri0010",2025-04-01,"AA-AA-000-0000"
"0X1175","Site",0,384,0,NA,NA,"Analysis_kri0010",2025-04-01,"AA-AA-000-0000"
"0X2453","Site",0,384,0,NA,NA,"Analysis_kri0010",2025-04-01,"AA-AA-000-0000"
"0X2967","Site",0,384,0,NA,NA,"Analysis_kri0010",2025-04-01,"AA-AA-000-0000"
"0X8676","Site",0,384,0,NA,NA,"Analysis_kri0010",2025-04-01,"AA-AA-000-0000"
"0X5907","Site",0,320,0,NA,NA,"Analysis_kri0010",2025-04-01,"AA-AA-000-0000"
"0X8058","Site",0,320,0,NA,NA,"Analysis_kri0010",2025-04-01,"AA-AA-000-0000"
"0X1319","Site",0,256,0,NA,NA,"Analysis_kri0010",2025-04-01,"AA-AA-000-0000"
"0X1713","Site",0,256,0,NA,NA,"Analysis_kri0010",2025-04-01,"AA-AA-000-0000"
"0X7271","Site",0,256,0,NA,NA,"Analysis_kri0010",2025-04-01,"AA-AA-000-0000"
"0X805","Site",0,256,0,NA,NA,"Analysis_kri0010",2025-04-01,"AA-AA-000-0000"
"0X8085","Site",0,256,0,NA,NA,"Analysis_kri0010",2025-04-01,"AA-AA-000-0000"
"0X2283","Site",0,192,0,NA,NA,"Analysis_kri0010",2025-04-01,"AA-AA-000-0000"
"0X2779","Site",0,192,0,NA,NA,"Analysis_kri0010",2025-04-01,"AA-AA-000-0000"
"0X3333","Site",0,192,0,NA,NA,"Analysis_kri0010",2025-04-01,"AA-AA-000-0000"
"0X4046","Site",0,192,0,NA,NA,"Analysis_kri0010",2025-04-01,"AA-AA-000-0000"
"0X4739","Site",0,192,0,NA,NA,"Analysis_kri0010",2025-04-01,"AA-AA-000-0000"
"0X525","Site",0,192,0,NA,NA,"Analysis_kri0010",2025-04-01,"AA-AA-000-0000"
"0X5362","Site",0,192,0,NA,NA,"Analysis_kri0010",2025-04-01,"AA-AA-000-0000"
"0X5834","Site",0,192,0,NA,NA,"Analysis_kri0010",2025-04-01,"AA-AA-000-0000"
"0X6103","Site",0,192,0,NA,NA,"Analysis_kri0010",2025-04-01,"AA-AA-000-0000"
"0X769","Site",0,192,0,NA,NA,"Analysis_kri0010",2025-04-01,"AA-AA-000-0000"
"0X7767","Site",0,192,0,NA,NA,"Analysis_kri0010",2025-04-01,"AA-AA-000-0000"
"0X8454","Site",0,192,0,NA,NA,"Analysis_kri0010",2025-04-01,"AA-AA-000-0000"
"0X8997","Site",0,192,0,NA,NA,"Analysis_kri0010",2025-04-01,"AA-AA-000-0000"
"0X958","Site",0,192,0,NA,NA,"Analysis_kri0010",2025-04-01,"AA-AA-000-0000"
"0X1958","Site",0,128,0,NA,NA,"Analysis_kri0010",2025-04-01,"AA-AA-000-0000"
"0X3028","Site",0,128,0,NA,NA,"Analysis_kri0010",2025-04-01,"AA-AA-000-0000"
"0X4441","Site",0,128,0,NA,NA,"Analysis_kri0010",2025-04-01,"AA-AA-000-0000"
"0X4511","Site",0,128,0,NA,NA,"Analysis_kri0010",2025-04-01,"AA-AA-000-0000"
"0X5224","Site",0,128,0,NA,NA,"Analysis_kri0010",2025-04-01,"AA-AA-000-0000"
"0X6072","Site",0,128,0,NA,NA,"Analysis_kri0010",2025-04-01,"AA-AA-000-0000"
"0X6074","Site",0,128,0,NA,NA,"Analysis_kri0010",2025-04-01,"AA-AA-000-0000"
"0X6558","Site",0,128,0,NA,NA,"Analysis_kri0010",2025-04-01,"AA-AA-000-0000"
"0X7012","Site",0,128,0,NA,NA,"Analysis_kri0010",2025-04-01,"AA-AA-000-0000"
"0X7356","Site",0,128,0,NA,NA,"Analysis_kri0010",2025-04-01,"AA-AA-000-0000"
"0X7452","Site",0,128,0,NA,NA,"Analysis_kri0010",2025-04-01,"AA-AA-000-0000"
"0X8705","Site",0,128,0,NA,NA,"Analysis_kri0010",2025-04-01,"AA-AA-000-0000"
"0X9144","Site",0,128,0,NA,NA,"Analysis_kri0010",2025-04-01,"AA-AA-000-0000"
"0X9417","Site",0,128,0,NA,NA,"Analysis_kri0010",2025-04-01,"AA-AA-000-0000"
"0X9433","Site",0,128,0,NA,NA,"Analysis_kri0010",2025-04-01,"AA-AA-000-0000"
"0X9943","Site",0,128,0,NA,NA,"Analysis_kri0010",2025-04-01,"AA-AA-000-0000"
"0X077","Site",0,64,0,NA,NA,"Analysis_kri0010",2025-04-01,"AA-AA-000-0000"
"0X1302","Site",0,64,0,NA,NA,"Analysis_kri0010",2025-04-01,"AA-AA-000-0000"
"0X1655","Site",0,64,0,NA,NA,"Analysis_kri0010",2025-04-01,"AA-AA-000-0000"
"0X1794","Site",0,64,0,NA,NA,"Analysis_kri0010",2025-04-01,"AA-AA-000-0000"
"0X181","Site",0,64,0,NA,NA,"Analysis_kri0010",2025-04-01,"AA-AA-000-0000"
"0X2256","Site",0,64,0,NA,NA,"Analysis_kri0010",2025-04-01,"AA-AA-000-0000"
"0X2258","Site",0,64,0,NA,NA,"Analysis_kri0010",2025-04-01,"AA-AA-000-0000"
"0X2547","Site",0,64,0,NA,NA,"Analysis_kri0010",2025-04-01,"AA-AA-000-0000"
"0X2884","Site",0,64,0,NA,NA,"Analysis_kri0010",2025-04-01,"AA-AA-000-0000"
"0X5267","Site",0,64,0,NA,NA,"Analysis_kri0010",2025-04-01,"AA-AA-000-0000"
"0X6252","Site",0,64,0,NA,NA,"Analysis_kri0010",2025-04-01,"AA-AA-000-0000"
"0X6305","Site",0,64,0,NA,NA,"Analysis_kri0010",2025-04-01,"AA-AA-000-0000"
"0X6959","Site",0,64,0,NA,NA,"Analysis_kri0010",2025-04-01,"AA-AA-000-0000"
"0X7567","Site",0,64,0,NA,NA,"Analysis_kri0010",2025-04-01,"AA-AA-000-0000"
"0X8149","Site",0,64,0,NA,NA,"Analysis_kri0010",2025-04-01,"AA-AA-000-0000"
"0X978","Site",0,64,0,NA,NA,"Analysis_kri0010",2025-04-01,"AA-AA-000-0000"
"0X8058","Site",901,1280,0.70390625,2.3480817936052,1,"Analysis_kri0011",2025-04-01,"AA-AA-000-0000"
"0X1794","Site",183,256,0.71484375,1.40905808850284,0,"Analysis_kri0011",2025-04-01,"AA-AA-000-0000"
"0X5267","Site",183,256,0.71484375,1.40905808850284,0,"Analysis_kri0011",2025-04-01,"AA-AA-000-0000"
"0X7567","Site",182,256,0.7109375,1.28085666455403,0,"Analysis_kri0011",2025-04-01,"AA-AA-000-0000"
"0X2547","Site",181,256,0.70703125,1.15265524060522,0,"Analysis_kri0011",2025-04-01,"AA-AA-000-0000"
"0X9144","Site",362,512,0.70703125,1.63010067400433,0,"Analysis_kri0011",2025-04-01,"AA-AA-000-0000"
"0X9913","Site",540,768,0.703125,1.77440606045676,0,"Analysis_kri0011",2025-04-01,"AA-AA-000-0000"
"0X6074","Site",356,512,0.6953125,1.08618809661247,0,"Analysis_kri0011",2025-04-01,"AA-AA-000-0000"
"0X9433","Site",356,512,0.6953125,1.08618809661247,0,"Analysis_kri0011",2025-04-01,"AA-AA-000-0000"
"0X8213","Site",1591,2304,0.690538194444444,1.83408101846406,0,"Analysis_kri0011",2025-04-01,"AA-AA-000-0000"
"0X6258","Site",353,512,0.689453125,0.814231807916548,0,"Analysis_kri0011",2025-04-01,"AA-AA-000-0000"
"0X3469","Site",1588,2304,0.689236111111111,1.70587959451526,0,"Analysis_kri0011",2025-04-01,"AA-AA-000-0000"
"0X525","Site",529,768,0.688802083333333,0.960217667556026,0,"Analysis_kri0011",2025-04-01,"AA-AA-000-0000"
"0X8454","Site",529,768,0.688802083333333,0.960217667556026,0,"Analysis_kri0011",2025-04-01,"AA-AA-000-0000"
"0X1154","Site",2106,3072,0.685546875,1.55034970197535,0,"Analysis_kri0011",2025-04-01,"AA-AA-000-0000"
"0X5729","Site",2280,3328,0.685096153846154,1.5603201146767,0,"Analysis_kri0011",2025-04-01,"AA-AA-000-0000"
"0X1330","Site",1227,1792,0.684709821428571,1.11141576836294,0,"Analysis_kri0011",2025-04-01,"AA-AA-000-0000"
"0X1571","Site",2803,4096,0.684326171875,1.62993785561104,0,"Analysis_kri0011",2025-04-01,"AA-AA-000-0000"
"0X2106","Site",3326,4864,0.683799342105263,1.70081682583391,0,"Analysis_kri0011",2025-04-01,"AA-AA-000-0000"
"0X5362","Site",525,768,0.68359375,0.664149161046668,0,"Analysis_kri0011",2025-04-01,"AA-AA-000-0000"
"0X5836","Site",1225,1792,0.68359375,1.01450460107926,0,"Analysis_kri0011",2025-04-01,"AA-AA-000-0000"
"0X4067","Site",1400,2048,0.68359375,1.08455103844124,0,"Analysis_kri0011",2025-04-01,"AA-AA-000-0000"
"0X5053","Site",1574,2304,0.683159722222222,1.10760628275414,0,"Analysis_kri0011",2025-04-01,"AA-AA-000-0000"
"0X6774","Site",4546,6656,0.682992788461538,1.8546327188426,0,"Analysis_kri0011",2025-04-01,"AA-AA-000-0000"
"0X2521","Site",2445,3584,0.682198660714286,1.26340980703869,0,"Analysis_kri0011",2025-04-01,"AA-AA-000-0000"
"0X5111","Site",2616,3840,0.68125,1.18716948335151,0,"Analysis_kri0011",2025-04-01,"AA-AA-000-0000"
"0X7206","Site",3310,4864,0.680509868421053,1.23023404569843,0,"Analysis_kri0011",2025-04-01,"AA-AA-000-0000"
"0X2873","Site",1045,1536,0.680338541666667,0.677558690180233,0,"Analysis_kri0011",2025-04-01,"AA-AA-000-0000"
"0X2896","Site",2959,4352,0.679917279411765,1.08349663335629,0,"Analysis_kri0011",2025-04-01,"AA-AA-000-0000"
"0X2884","Site",174,256,0.6796875,0.255245272963547,0,"Analysis_kri0011",2025-04-01,"AA-AA-000-0000"
"0X9943","Site",348,512,0.6796875,0.360971326756671,0,"Analysis_kri0011",2025-04-01,"AA-AA-000-0000"
"0X2453","Site",1044,1536,0.6796875,0.625220678018101,0,"Analysis_kri0011",2025-04-01,"AA-AA-000-0000"
"0X6710","Site",1044,1536,0.6796875,0.625220678018101,0,"Analysis_kri0011",2025-04-01,"AA-AA-000-0000"
"0X8743","Site",2086,3072,0.679036458333333,0.810178435701965,0,"Analysis_kri0011",2025-04-01,"AA-AA-000-0000"
"0X9595","Site",3821,5632,0.678444602272727,1.00587800296279,0,"Analysis_kri0011",2025-04-01,"AA-AA-000-0000"
"0X2004","Site",521,768,0.678385416666667,0.368080654537309,0,"Analysis_kri0011",2025-04-01,"AA-AA-000-0000"
"0X2283","Site",521,768,0.678385416666667,0.368080654537309,0,"Analysis_kri0011",2025-04-01,"AA-AA-000-0000"
"0X3959","Site",2778,4096,0.67822265625,0.828678955930972,0,"Analysis_kri0011",2025-04-01,"AA-AA-000-0000"
"0X9184","Site",3120,4608,0.677083333333333,0.720305595342116,0,"Analysis_kri0011",2025-04-01,"AA-AA-000-0000"
"0X5562","Site",2945,4352,0.676700367647059,0.648188858524678,0,"Analysis_kri0011",2025-04-01,"AA-AA-000-0000"
"0X7604","Site",1732,2560,0.6765625,0.482829625392121,0,"Analysis_kri0011",2025-04-01,"AA-AA-000-0000"
"0X707","Site",1905,2816,0.676491477272727,0.498665146527625,0,"Analysis_kri0011",2025-04-01,"AA-AA-000-0000"
"0X8504","Site",1905,2816,0.676491477272727,0.498665146527625,0,"Analysis_kri0011",2025-04-01,"AA-AA-000-0000"
"0X7543","Site",2770,4096,0.67626953125,0.572276108033351,0,"Analysis_kri0011",2025-04-01,"AA-AA-000-0000"
"0X2996","Site",3289,4864,0.676192434210526,0.612594146770612,0,"Analysis_kri0011",2025-04-01,"AA-AA-000-0000"
"0X3137","Site",3289,4864,0.676192434210526,0.612594146770612,0,"Analysis_kri0011",2025-04-01,"AA-AA-000-0000"
"0X4343","Site",2077,3072,0.676106770833333,0.477101365878939,0,"Analysis_kri0011",2025-04-01,"AA-AA-000-0000"
"0X2779","Site",519,768,0.67578125,0.220046401282633,0,"Analysis_kri0011",2025-04-01,"AA-AA-000-0000"
"0X1365","Site",1211,1792,0.67578125,0.336126430093431,0,"Analysis_kri0011",2025-04-01,"AA-AA-000-0000"
"0X4629","Site",1384,2048,0.67578125,0.35933426858544,0,"Analysis_kri0011",2025-04-01,"AA-AA-000-0000"
"0X853","Site",2941,4352,0.67578125,0.52381520857278,0,"Analysis_kri0011",2025-04-01,"AA-AA-000-0000"
"0X5512","Site",2248,3328,0.675480769230769,0.422506434344563,0,"Analysis_kri0011",2025-04-01,"AA-AA-000-0000"
"0X8706","Site",1902,2816,0.675426136363636,0.382702595392852,0,"Analysis_kri0011",2025-04-01,"AA-AA-000-0000"
"0X1012","Site",2246,3328,0.674879807692308,0.351393079323801,0,"Analysis_kri0011",2025-04-01,"AA-AA-000-0000"
"0X9066","Site",4317,6400,0.67453125,0.430096966755589,0,"Analysis_kri0011",2025-04-01,"AA-AA-000-0000"
"0X3333","Site",518,768,0.674479166666667,0.146029274655291,0,"Analysis_kri0011",2025-04-01,"AA-AA-000-0000"
"0X8950","Site",2762,4096,0.67431640625,0.31587326013573,0,"Analysis_kri0011",2025-04-01,"AA-AA-000-0000"
"0X4621","Site",6041,8960,0.67421875,0.448221605767981,0,"Analysis_kri0011",2025-04-01,"AA-AA-000-0000"
"0X108","Site",4314,6400,0.6740625,0.3531761123863,0,"Analysis_kri0011",2025-04-01,"AA-AA-000-0000"
"0X4131","Site",3106,4608,0.674045138888889,0.297262479592885,0,"Analysis_kri0011",2025-04-01,"AA-AA-000-0000"
"0X1464","Site",2587,3840,0.673697916666667,0.22722698885146,0,"Analysis_kri0011",2025-04-01,"AA-AA-000-0000"
"0X7690","Site",1207,1792,0.673549107142857,0.142304095526048,0,"Analysis_kri0011",2025-04-01,"AA-AA-000-0000"
"0X7795","Site",2930,4352,0.673253676470588,0.181787671205076,0,"Analysis_kri0011",2025-04-01,"AA-AA-000-0000"
"0X8530","Site",2927,4352,0.672564338235294,0.088507433741168,0,"Analysis_kri0011",2025-04-01,"AA-AA-000-0000"
"0X4935","Site",1205,1792,0.672433035714286,0.045392928242361,0,"Analysis_kri0011",2025-04-01,"AA-AA-000-0000"
"0X6174","Site",3097,4608,0.672092013888889,0.0253061908969589,0,"Analysis_kri0011",2025-04-01,"AA-AA-000-0000"
"0X5558","Site",1892,2816,0.671875,-0.00383924172304459,0,"Analysis_kri0011",2025-04-01,"AA-AA-000-0000"
"0X8997","Site",516,768,0.671875,-0.00200497859938475,0,"Analysis_kri0011",2025-04-01,"AA-AA-000-0000"
"0X7012","Site",344,512,0.671875,-0.00163705817123091,0,"Analysis_kri0011",2025-04-01,"AA-AA-000-0000"
"0X7356","Site",344,512,0.671875,-0.00163705817123091,0,"Analysis_kri0011",2025-04-01,"AA-AA-000-0000"
"0X8400","Site",3610,5376,0.671502976190476,-0.0612563632767016,0,"Analysis_kri0011",2025-04-01,"AA-AA-000-0000"
"0X1167","Site",1031,1536,0.671223958333333,-0.0551734800896496,0,"Analysis_kri0011",2025-04-01,"AA-AA-000-0000"
"0X2460","Site",1718,2560,0.67109375,-0.0847422731450091,0,"Analysis_kri0011",2025-04-01,"AA-AA-000-0000"
"0X8829","Site",3092,4608,0.671006944444444,-0.12578063615633,0,"Analysis_kri0011",2025-04-01,"AA-AA-000-0000"
"0X6096","Site",1546,2304,0.671006944444444,-0.0889403407680989,0,"Analysis_kri0011",2025-04-01,"AA-AA-000-0000"
"0X1713","Site",687,1024,0.6708984375,-0.0664158618425538,0,"Analysis_kri0011",2025-04-01,"AA-AA-000-0000"
"0X3375","Site",687,1024,0.6708984375,-0.0664158618425538,0,"Analysis_kri0011",2025-04-01,"AA-AA-000-0000"
"0X1570","Site",2057,3072,0.669596354166667,-0.263069900394461,0,"Analysis_kri0011",2025-04-01,"AA-AA-000-0000"
"0X6380","Site",2228,3328,0.669471153846154,-0.288627115863032,0,"Analysis_kri0011",2025-04-01,"AA-AA-000-0000"
"0X9626","Site",1541,2304,0.668836805555556,-0.302609380682778,0,"Analysis_kri0011",2025-04-01,"AA-AA-000-0000"
"0X8676","Site",1027,1536,0.668619791666667,-0.264525528738195,0,"Analysis_kri0011",2025-04-01,"AA-AA-000-0000"
"0X6533","Site",4959,7424,0.66796875,-0.696619528270263,0,"Analysis_kri0011",2025-04-01,"AA-AA-000-0000"
"0X2587","Site",1368,2048,0.66796875,-0.365882501270364,0,"Analysis_kri0011",2025-04-01,"AA-AA-000-0000"
"0X4148","Site",1368,2048,0.66796875,-0.365882501270364,0,"Analysis_kri0011",2025-04-01,"AA-AA-000-0000"
"0X5834","Site",513,768,0.66796875,-0.224056358481402,0,"Analysis_kri0011",2025-04-01,"AA-AA-000-0000"
"0X1958","Site",342,512,0.66796875,-0.182941250635182,0,"Analysis_kri0011",2025-04-01,"AA-AA-000-0000"
"0X5224","Site",342,512,0.66796875,-0.182941250635182,0,"Analysis_kri0011",2025-04-01,"AA-AA-000-0000"
"0X9417","Site",342,512,0.66796875,-0.182941250635182,0,"Analysis_kri0011",2025-04-01,"AA-AA-000-0000"
"0X181","Site",171,256,0.66796875,-0.129358998882885,0,"Analysis_kri0011",2025-04-01,"AA-AA-000-0000"
"0X6959","Site",171,256,0.66796875,-0.129358998882885,0,"Analysis_kri0011",2025-04-01,"AA-AA-000-0000"
"0X6937","Site",1709,2560,0.667578125,-0.449609922204601,0,"Analysis_kri0011",2025-04-01,"AA-AA-000-0000"
"0X8040","Site",1709,2560,0.667578125,-0.449609922204601,0,"Analysis_kri0011",2025-04-01,"AA-AA-000-0000"
"0X5705","Site",4100,6144,0.667317708333333,-0.738403106124918,0,"Analysis_kri0011",2025-04-01,"AA-AA-000-0000"
"0X1903","Site",3075,4608,0.667317708333333,-0.639475848137516,0,"Analysis_kri0011",2025-04-01,"AA-AA-000-0000"
"0X1175","Site",1025,1536,0.667317708333333,-0.369201553062459,0,"Analysis_kri0011",2025-04-01,"AA-AA-000-0000"
"0X9845","Site",4608,6912,0.666666666666667,-0.894220455326231,0,"Analysis_kri0011",2025-04-01,"AA-AA-000-0000"
"0X492","Site",682,1024,0.666015625,-0.38691942171458,0,"Analysis_kri0011",2025-04-01,"AA-AA-000-0000"
"0X8705","Site",341,512,0.666015625,-0.273593346867157,0,"Analysis_kri0011",2025-04-01,"AA-AA-000-0000"
"0X2131","Site",3408,5120,0.665625,-0.922511548521069,0,"Analysis_kri0011",2025-04-01,"AA-AA-000-0000"
"0X7472","Site",2726,4096,0.66552734375,-0.837939555403566,0,"Analysis_kri0011",2025-04-01,"AA-AA-000-0000"
"0X1070","Site",4088,6144,0.665364583333333,-1.05243117909773,0,"Analysis_kri0011",2025-04-01,"AA-AA-000-0000"
"0X4739","Site",511,768,0.665364583333333,-0.372090611736078,0,"Analysis_kri0011",2025-04-01,"AA-AA-000-0000"
"0X9046","Site",2383,3584,0.664899553571429,-0.860913043290328,0,"Analysis_kri0011",2025-04-01,"AA-AA-000-0000"
"0X9779","Site",3912,5888,0.664402173913043,-1.18175270538206,0,"Analysis_kri0011",2025-04-01,"AA-AA-000-0000"
"0X5569","Site",4081,6144,0.664225260416667,-1.23561422166521,0,"Analysis_kri0011",2025-04-01,"AA-AA-000-0000"
"0X1505","Site",3058,4608,0.663628472222222,-1.15317106011872,0,"Analysis_kri0011",2025-04-01,"AA-AA-000-0000"
"0X4887","Site",848,1280,0.6625,-0.690589453269986,0,"Analysis_kri0011",2025-04-01,"AA-AA-000-0000"
"0X2026","Site",1187,1792,0.662388392857143,-0.826807577310839,0,"Analysis_kri0011",2025-04-01,"AA-AA-000-0000"
"0X5171","Site",2033,3072,0.661783854166667,-1.15127541992253,0,"Analysis_kri0011",2025-04-01,"AA-AA-000-0000"
"0X2594","Site",2032,3072,0.661458333333333,-1.18828398323619,0,"Analysis_kri0011",2025-04-01,"AA-AA-000-0000"
"0X7271","Site",677,1024,0.6611328125,-0.707422981586607,0,"Analysis_kri0011",2025-04-01,"AA-AA-000-0000"
"0X7770","Site",1184,1792,0.660714285714286,-0.972174328236379,0,"Analysis_kri0011",2025-04-01,"AA-AA-000-0000"
"0X5593","Site",3213,4864,0.660567434210526,-1.62267405887291,0,"Analysis_kri0011",2025-04-01,"AA-AA-000-0000"
"0X1185","Site",3043,4608,0.660373263888889,-1.6064315412786,0,"Analysis_kri0011",2025-04-01,"AA-AA-000-0000"
"0X5907","Site",845,1280,0.66015625,-0.86258971252707,0,"Analysis_kri0011",2025-04-01,"AA-AA-000-0000"
"0X2614","Site",338,512,0.66015625,-0.545549635563084,0,"Analysis_kri0011",2025-04-01,"AA-AA-000-0000"
"0X6072","Site",338,512,0.66015625,-0.545549635563084,0,"Analysis_kri0011",2025-04-01,"AA-AA-000-0000"
"0X077","Site",169,256,0.66015625,-0.385761846780506,0,"Analysis_kri0011",2025-04-01,"AA-AA-000-0000"
"0X9062","Site",3039,4608,0.659505208333333,-1.72730100292122,0,"Analysis_kri0011",2025-04-01,"AA-AA-000-0000"
"0X8085","Site",675,1024,0.6591796875,-0.835624405535418,0,"Analysis_kri0011",2025-04-01,"AA-AA-000-0000"
"0X930","Site",1518,2304,0.658854166666667,-1.28548696429033,0,"Analysis_kri0011",2025-04-01,"AA-AA-000-0000"
"0X7767","Site",506,768,0.658854166666667,-0.742176244872778,0,"Analysis_kri0011",2025-04-01,"AA-AA-000-0000"
"0X2967","Site",1011,1536,0.658203125,-1.10193372333235,0,"Analysis_kri0011",2025-04-01,"AA-AA-000-0000"
"0X1319","Site",674,1024,0.658203125,-0.899725117509823,0,"Analysis_kri0011",2025-04-01,"AA-AA-000-0000"
"0X3028","Site",337,512,0.658203125,-0.636201731795059,0,"Analysis_kri0011",2025-04-01,"AA-AA-000-0000"
"0X8084","Site",842,1280,0.6578125,-1.03458997178415,0,"Analysis_kri0011",2025-04-01,"AA-AA-000-0000"
"0X1655","Site",168,256,0.65625,-0.513963270729317,0,"Analysis_kri0011",2025-04-01,"AA-AA-000-0000"
"0X2258","Site",168,256,0.65625,-0.513963270729317,0,"Analysis_kri0011",2025-04-01,"AA-AA-000-0000"
"0X2913","Site",1175,1792,0.655691964285714,-1.40827458101298,0,"Analysis_kri0011",2025-04-01,"AA-AA-000-0000"
"0X958","Site",503,768,0.654947916666667,-0.964227624754796,0,"Analysis_kri0011",2025-04-01,"AA-AA-000-0000"
"0X978","Site",166,256,0.6484375,-0.770366118626938,0,"Analysis_kri0011",2025-04-01,"AA-AA-000-0000"
"0X7452","Site",330,512,0.64453125,-1.27076640541889,0,"Analysis_kri0011",2025-04-01,"AA-AA-000-0000"
"0X2256","Site",165,256,0.64453125,-0.898567542575749,0,"Analysis_kri0011",2025-04-01,"AA-AA-000-0000"
"0X6252","Site",165,256,0.64453125,-0.898567542575749,0,"Analysis_kri0011",2025-04-01,"AA-AA-000-0000"
"0X6103","Site",494,768,0.643229166666667,-1.63038176440085,0,"Analysis_kri0011",2025-04-01,"AA-AA-000-0000"
"0X4511","Site",328,512,0.640625,-1.45207059788284,0,"Analysis_kri0011",2025-04-01,"AA-AA-000-0000"
"0X805","Site",655,1024,0.6396484375,-2.11763864502352,0,"Analysis_kri0011",2025-04-01,"AA-AA-000-0000"
"0X769","Site",490,768,0.638020833333333,-1.9264502709102,0,"Analysis_kri0011",2025-04-01,"AA-AA-000-0000"
"0X4046","Site",485,768,0.631510416666667,-2.2965359040469,0,"Analysis_kri0011",2025-04-01,"AA-AA-000-0000"
"0X4441","Site",322,512,0.62890625,-1.99598317527469,0,"Analysis_kri0011",2025-04-01,"AA-AA-000-0000"
"0X6305","Site",160,256,0.625,-1.5395746623198,0,"Analysis_kri0011",2025-04-01,"AA-AA-000-0000"
"0X8149","Site",160,256,0.625,-1.5395746623198,0,"Analysis_kri0011",2025-04-01,"AA-AA-000-0000"
"0X020","Site",319,512,0.623046875,-2.26793946397062,0,"Analysis_kri0011",2025-04-01,"AA-AA-000-0000"
"0X6558","Site",316,512,0.6171875,-2.53989575266654,0,"Analysis_kri0011",2025-04-01,"AA-AA-000-0000"
"0X1302","Site",158,256,0.6171875,-1.79597751021742,0,"Analysis_kri0011",2025-04-01,"AA-AA-000-0000"
"0X9943","Site",7,8,0.875,4.2541627014943,2,"Analysis_kri0012",2025-04-01,"AA-AA-000-0000"
"0X1175","Site",4,7,0.571428571428571,2.07698969449244,1,"Analysis_kri0012",2025-04-01,"AA-AA-000-0000"
"0X2547","Site",2,3,0.666666666666667,1.75042988370663,0,"Analysis_kri0012",2025-04-01,"AA-AA-000-0000"
"0X5267","Site",2,3,0.666666666666667,1.75042988370663,0,"Analysis_kri0012",2025-04-01,"AA-AA-000-0000"
"0X6074","Site",2,3,0.666666666666667,1.75042988370663,0,"Analysis_kri0012",2025-04-01,"AA-AA-000-0000"
"0X8997","Site",3,5,0.6,1.90670225295926,0,"Analysis_kri0012",2025-04-01,"AA-AA-000-0000"
"0X1713","Site",3,6,0.5,1.50849664967691,0,"Analysis_kri0012",2025-04-01,"AA-AA-000-0000"
"0X6710","Site",4,8,0.5,1.74186189352522,0,"Analysis_kri0012",2025-04-01,"AA-AA-000-0000"
"0X707","Site",4,8,0.5,1.74186189352522,0,"Analysis_kri0012",2025-04-01,"AA-AA-000-0000"
"0X8676","Site",4,8,0.5,1.74186189352522,0,"Analysis_kri0012",2025-04-01,"AA-AA-000-0000"
"0X3469","Site",4,9,0.444444444444444,1.45275354904866,0,"Analysis_kri0012",2025-04-01,"AA-AA-000-0000"
"0X1365","Site",3,7,0.428571428571429,1.18173551583191,0,"Analysis_kri0012",2025-04-01,"AA-AA-000-0000"
"0X2873","Site",3,7,0.428571428571429,1.18173551583191,0,"Analysis_kri0012",2025-04-01,"AA-AA-000-0000"
"0X3137","Site",6,14,0.428571428571429,1.67122639362745,0,"Analysis_kri0012",2025-04-01,"AA-AA-000-0000"
"0X2587","Site",4,11,0.363636363636364,0.971265455287078,0,"Analysis_kri0012",2025-04-01,"AA-AA-000-0000"
"0X4343","Site",4,11,0.363636363636364,0.971265455287078,0,"Analysis_kri0012",2025-04-01,"AA-AA-000-0000"
"0X7206","Site",5,14,0.357142857142857,1.03818609301099,0,"Analysis_kri0012",2025-04-01,"AA-AA-000-0000"
"0X020","Site",1,3,0.333333333333333,0.382906537060826,0,"Analysis_kri0012",2025-04-01,"AA-AA-000-0000"
"0X1958","Site",1,3,0.333333333333333,0.382906537060826,0,"Analysis_kri0012",2025-04-01,"AA-AA-000-0000"
"0X3333","Site",1,3,0.333333333333333,0.382906537060826,0,"Analysis_kri0012",2025-04-01,"AA-AA-000-0000"
"0X3375","Site",1,3,0.333333333333333,0.382906537060826,0,"Analysis_kri0012",2025-04-01,"AA-AA-000-0000"
"0X4441","Site",1,3,0.333333333333333,0.382906537060826,0,"Analysis_kri0012",2025-04-01,"AA-AA-000-0000"
"0X4511","Site",1,3,0.333333333333333,0.382906537060826,0,"Analysis_kri0012",2025-04-01,"AA-AA-000-0000"
"0X6072","Site",1,3,0.333333333333333,0.382906537060826,0,"Analysis_kri0012",2025-04-01,"AA-AA-000-0000"
"0X6558","Site",1,3,0.333333333333333,0.382906537060826,0,"Analysis_kri0012",2025-04-01,"AA-AA-000-0000"
"0X7012","Site",1,3,0.333333333333333,0.382906537060826,0,"Analysis_kri0012",2025-04-01,"AA-AA-000-0000"
"0X7452","Site",1,3,0.333333333333333,0.382906537060826,0,"Analysis_kri0012",2025-04-01,"AA-AA-000-0000"
"0X9417","Site",1,3,0.333333333333333,0.382906537060826,0,"Analysis_kri0012",2025-04-01,"AA-AA-000-0000"
"0X9913","Site",1,3,0.333333333333333,0.382906537060826,0,"Analysis_kri0012",2025-04-01,"AA-AA-000-0000"
"0X1167","Site",2,6,0.333333333333333,0.541511617832737,0,"Analysis_kri0012",2025-04-01,"AA-AA-000-0000"
"0X1464","Site",4,12,0.333333333333333,0.765813074121652,0,"Analysis_kri0012",2025-04-01,"AA-AA-000-0000"
"0X2896","Site",4,12,0.333333333333333,0.765813074121652,0,"Analysis_kri0012",2025-04-01,"AA-AA-000-0000"
"0X8530","Site",4,12,0.333333333333333,0.765813074121652,0,"Analysis_kri0012",2025-04-01,"AA-AA-000-0000"
"0X1903","Site",5,16,0.3125,0.686899775908878,0,"Analysis_kri0012",2025-04-01,"AA-AA-000-0000"
"0X9779","Site",5,16,0.3125,0.686899775908878,0,"Analysis_kri0012",2025-04-01,"AA-AA-000-0000"
"0X9845","Site",5,16,0.3125,0.686899775908878,0,"Analysis_kri0012",2025-04-01,"AA-AA-000-0000"
"0X5593","Site",4,13,0.307692307692308,0.578104530389093,0,"Analysis_kri0012",2025-04-01,"AA-AA-000-0000"
"0X1012","Site",3,10,0.3,0.44941403092372,0,"Analysis_kri0012",2025-04-01,"AA-AA-000-0000"
"0X2996","Site",3,10,0.3,0.44941403092372,0,"Analysis_kri0012",2025-04-01,"AA-AA-000-0000"
"0X3959","Site",3,10,0.3,0.44941403092372,0,"Analysis_kri0012",2025-04-01,"AA-AA-000-0000"
"0X5053","Site",3,10,0.3,0.44941403092372,0,"Analysis_kri0012",2025-04-01,"AA-AA-000-0000"
"0X1570","Site",2,7,0.285714285714286,0.286481337171371,0,"Analysis_kri0012",2025-04-01,"AA-AA-000-0000"
"0X2460","Site",2,7,0.285714285714286,0.286481337171371,0,"Analysis_kri0012",2025-04-01,"AA-AA-000-0000"
"0X4067","Site",2,7,0.285714285714286,0.286481337171371,0,"Analysis_kri0012",2025-04-01,"AA-AA-000-0000"
"0X4148","Site",2,7,0.285714285714286,0.286481337171371,0,"Analysis_kri0012",2025-04-01,"AA-AA-000-0000"
"0X5907","Site",2,7,0.285714285714286,0.286481337171371,0,"Analysis_kri0012",2025-04-01,"AA-AA-000-0000"
"0X8743","Site",2,7,0.285714285714286,0.286481337171371,0,"Analysis_kri0012",2025-04-01,"AA-AA-000-0000"
"0X1185","Site",3,11,0.272727272727273,0.257099679340697,0,"Analysis_kri0012",2025-04-01,"AA-AA-000-0000"
"0X1505","Site",3,11,0.272727272727273,0.257099679340697,0,"Analysis_kri0012",2025-04-01,"AA-AA-000-0000"
"0X4131","Site",3,11,0.272727272727273,0.257099679340697,0,"Analysis_kri0012",2025-04-01,"AA-AA-000-0000"
"0X1319","Site",1,4,0.25,0.0473723983385434,0,"Analysis_kri0012",2025-04-01,"AA-AA-000-0000"
"0X2779","Site",1,4,0.25,0.0473723983385434,0,"Analysis_kri0012",2025-04-01,"AA-AA-000-0000"
"0X4046","Site",1,4,0.25,0.0473723983385434,0,"Analysis_kri0012",2025-04-01,"AA-AA-000-0000"
"0X4739","Site",1,4,0.25,0.0473723983385434,0,"Analysis_kri0012",2025-04-01,"AA-AA-000-0000"
"0X4887","Site",1,4,0.25,0.0473723983385434,0,"Analysis_kri0012",2025-04-01,"AA-AA-000-0000"
"0X525","Site",1,4,0.25,0.0473723983385434,0,"Analysis_kri0012",2025-04-01,"AA-AA-000-0000"
"0X769","Site",1,4,0.25,0.0473723983385434,0,"Analysis_kri0012",2025-04-01,"AA-AA-000-0000"
"0X8454","Site",1,4,0.25,0.0473723983385434,0,"Analysis_kri0012",2025-04-01,"AA-AA-000-0000"
"0X958","Site",1,4,0.25,0.0473723983385434,0,"Analysis_kri0012",2025-04-01,"AA-AA-000-0000"
"0X2453","Site",2,8,0.25,0.0669946882125087,0,"Analysis_kri0012",2025-04-01,"AA-AA-000-0000"
"0X2594","Site",2,8,0.25,0.0669946882125087,0,"Analysis_kri0012",2025-04-01,"AA-AA-000-0000"
"0X5512","Site",2,8,0.25,0.0669946882125087,0,"Analysis_kri0012",2025-04-01,"AA-AA-000-0000"
"0X9626","Site",2,8,0.25,0.0669946882125087,0,"Analysis_kri0012",2025-04-01,"AA-AA-000-0000"
"0X1070","Site",3,12,0.25,0.0820514007987486,0,"Analysis_kri0012",2025-04-01,"AA-AA-000-0000"
"0X2131","Site",3,12,0.25,0.0820514007987486,0,"Analysis_kri0012",2025-04-01,"AA-AA-000-0000"
"0X6380","Site",3,12,0.25,0.0820514007987486,0,"Analysis_kri0012",2025-04-01,"AA-AA-000-0000"
"0X6174","Site",3,13,0.230769230769231,-0.0788324359621489,0,"Analysis_kri0012",2025-04-01,"AA-AA-000-0000"
"0X8400","Site",3,13,0.230769230769231,-0.0788324359621489,0,"Analysis_kri0012",2025-04-01,"AA-AA-000-0000"
"0X2026","Site",2,9,0.222222222222222,-0.126326395569449,0,"Analysis_kri0012",2025-04-01,"AA-AA-000-0000"
"0X5171","Site",2,9,0.222222222222222,-0.126326395569449,0,"Analysis_kri0012",2025-04-01,"AA-AA-000-0000"
"0X7604","Site",2,9,0.222222222222222,-0.126326395569449,0,"Analysis_kri0012",2025-04-01,"AA-AA-000-0000"
"0X7690","Site",2,9,0.222222222222222,-0.126326395569449,0,"Analysis_kri0012",2025-04-01,"AA-AA-000-0000"
"0X7795","Site",2,9,0.222222222222222,-0.126326395569449,0,"Analysis_kri0012",2025-04-01,"AA-AA-000-0000"
"0X8213","Site",2,9,0.222222222222222,-0.126326395569449,0,"Analysis_kri0012",2025-04-01,"AA-AA-000-0000"
"0X108","Site",3,15,0.2,-0.366945019670164,0,"Analysis_kri0012",2025-04-01,"AA-AA-000-0000"
"0X5562","Site",2,10,0.2,-0.299609353949146,0,"Analysis_kri0012",2025-04-01,"AA-AA-000-0000"
"0X7472","Site",2,10,0.2,-0.299609353949146,0,"Analysis_kri0012",2025-04-01,"AA-AA-000-0000"
"0X8504","Site",2,10,0.2,-0.299609353949146,0,"Analysis_kri0012",2025-04-01,"AA-AA-000-0000"
"0X492","Site",1,5,0.2,-0.211855805884362,0,"Analysis_kri0012",2025-04-01,"AA-AA-000-0000"
"0X5836","Site",1,5,0.2,-0.211855805884362,0,"Analysis_kri0012",2025-04-01,"AA-AA-000-0000"
"0X805","Site",1,5,0.2,-0.211855805884362,0,"Analysis_kri0012",2025-04-01,"AA-AA-000-0000"
"0X8058","Site",1,5,0.2,-0.211855805884362,0,"Analysis_kri0012",2025-04-01,"AA-AA-000-0000"
"0X1571","Site",2,11,0.181818181818182,-0.457066096605683,0,"Analysis_kri0012",2025-04-01,"AA-AA-000-0000"
"0X2106","Site",2,11,0.181818181818182,-0.457066096605683,0,"Analysis_kri0012",2025-04-01,"AA-AA-000-0000"
"0X8950","Site",2,11,0.181818181818182,-0.457066096605683,0,"Analysis_kri0012",2025-04-01,"AA-AA-000-0000"
"0X9062","Site",2,11,0.181818181818182,-0.457066096605683,0,"Analysis_kri0012",2025-04-01,"AA-AA-000-0000"
"0X9595","Site",2,12,0.166666666666667,-0.601710272524156,0,"Analysis_kri0012",2025-04-01,"AA-AA-000-0000"
"0X6096","Site",1,6,0.166666666666667,-0.425473414011436,0,"Analysis_kri0012",2025-04-01,"AA-AA-000-0000"
"0X5569","Site",2,13,0.153846153846154,-0.735769402313391,0,"Analysis_kri0012",2025-04-01,"AA-AA-000-0000"
"0X9066","Site",2,13,0.153846153846154,-0.735769402313391,0,"Analysis_kri0012",2025-04-01,"AA-AA-000-0000"
"0X853","Site",2,14,0.142857142857143,-0.860934808838383,0,"Analysis_kri0012",2025-04-01,"AA-AA-000-0000"
"0X2521","Site",1,7,0.142857142857143,-0.608772841489164,0,"Analysis_kri0012",2025-04-01,"AA-AA-000-0000"
"0X6937","Site",1,7,0.142857142857143,-0.608772841489164,0,"Analysis_kri0012",2025-04-01,"AA-AA-000-0000"
"0X6533","Site",2,16,0.125,-1.0895651617865,0,"Analysis_kri0012",2025-04-01,"AA-AA-000-0000"
"0X1154","Site",1,8,0.125,-0.770438914443849,0,"Analysis_kri0012",2025-04-01,"AA-AA-000-0000"
"0X7543","Site",1,8,0.125,-0.770438914443849,0,"Analysis_kri0012",2025-04-01,"AA-AA-000-0000"
"0X8040","Site",1,8,0.125,-0.770438914443849,0,"Analysis_kri0012",2025-04-01,"AA-AA-000-0000"
"0X930","Site",1,8,0.125,-0.770438914443849,0,"Analysis_kri0012",2025-04-01,"AA-AA-000-0000"
"0X5705","Site",1,11,0.0909090909090909,-1.17123187255206,0,"Analysis_kri0012",2025-04-01,"AA-AA-000-0000"
"0X6774","Site",1,14,0.0714285714285714,-1.49397510945484,0,"Analysis_kri0012",2025-04-01,"AA-AA-000-0000"
"0X4621","Site",1,17,0.0588235294117647,-1.76938211303835,0,"Analysis_kri0012",2025-04-01,"AA-AA-000-0000"
"0X8829","Site",0,11,0,-1.88539764849844,0,"Analysis_kri0012",2025-04-01,"AA-AA-000-0000"
"0X9184","Site",0,11,0,-1.88539764849844,0,"Analysis_kri0012",2025-04-01,"AA-AA-000-0000"
"0X5111","Site",0,8,0,-1.60787251710021,0,"Analysis_kri0012",2025-04-01,"AA-AA-000-0000"
"0X5558","Site",0,8,0,-1.60787251710021,0,"Analysis_kri0012",2025-04-01,"AA-AA-000-0000"
"0X5729","Site",0,8,0,-1.60787251710021,0,"Analysis_kri0012",2025-04-01,"AA-AA-000-0000"
"0X1330","Site",0,7,0,-1.5040270201497,0,"Analysis_kri0012",2025-04-01,"AA-AA-000-0000"
"0X4935","Site",0,7,0,-1.5040270201497,0,"Analysis_kri0012",2025-04-01,"AA-AA-000-0000"
"0X8706","Site",0,7,0,-1.5040270201497,0,"Analysis_kri0012",2025-04-01,"AA-AA-000-0000"
"0X9046","Site",0,6,0,-1.39245844585561,0,"Analysis_kri0012",2025-04-01,"AA-AA-000-0000"
"0X7770","Site",0,5,0,-1.27113483530617,0,"Analysis_kri0012",2025-04-01,"AA-AA-000-0000"
"0X2913","Site",0,4,0,-1.13693756012504,0,"Analysis_kri0012",2025-04-01,"AA-AA-000-0000"
"0X4629","Site",0,4,0,-1.13693756012504,0,"Analysis_kri0012",2025-04-01,"AA-AA-000-0000"
"0X7271","Site",0,4,0,-1.13693756012504,0,"Analysis_kri0012",2025-04-01,"AA-AA-000-0000"
"0X8084","Site",0,4,0,-1.13693756012504,0,"Analysis_kri0012",2025-04-01,"AA-AA-000-0000"
"0X8085","Site",0,4,0,-1.13693756012504,0,"Analysis_kri0012",2025-04-01,"AA-AA-000-0000"
"0X2967","Site",0,3,0,-0.984616809584982,0,"Analysis_kri0012",2025-04-01,"AA-AA-000-0000"
"0X5834","Site",0,3,0,-0.984616809584982,0,"Analysis_kri0012",2025-04-01,"AA-AA-000-0000"
"0X6103","Site",0,3,0,-0.984616809584982,0,"Analysis_kri0012",2025-04-01,"AA-AA-000-0000"
"0X7767","Site",0,3,0,-0.984616809584982,0,"Analysis_kri0012",2025-04-01,"AA-AA-000-0000"
"0X3630","Site",1,1,1,NA,NA,"Analysis_kri0012",2025-04-01,"AA-AA-000-0000"
"0X6375","Site",1,1,1,NA,NA,"Analysis_kri0012",2025-04-01,"AA-AA-000-0000"
"0X4974","Site",2,2,1,NA,NA,"Analysis_kri0012",2025-04-01,"AA-AA-000-0000"
"0X7607","Site",2,2,1,NA,NA,"Analysis_kri0012",2025-04-01,"AA-AA-000-0000"
"0X1302","Site",1,2,0.5,NA,NA,"Analysis_kri0012",2025-04-01,"AA-AA-000-0000"
"0X1794","Site",1,2,0.5,NA,NA,"Analysis_kri0012",2025-04-01,"AA-AA-000-0000"
"0X2256","Site",1,2,0.5,NA,NA,"Analysis_kri0012",2025-04-01,"AA-AA-000-0000"
"0X2884","Site",1,2,0.5,NA,NA,"Analysis_kri0012",2025-04-01,"AA-AA-000-0000"
"0X6252","Site",1,2,0.5,NA,NA,"Analysis_kri0012",2025-04-01,"AA-AA-000-0000"
"0X6305","Site",1,2,0.5,NA,NA,"Analysis_kri0012",2025-04-01,"AA-AA-000-0000"
"0X978","Site",1,2,0.5,NA,NA,"Analysis_kri0012",2025-04-01,"AA-AA-000-0000"
"0X2004","Site",0,2,0,NA,NA,"Analysis_kri0012",2025-04-01,"AA-AA-000-0000"
"0X2283","Site",0,2,0,NA,NA,"Analysis_kri0012",2025-04-01,"AA-AA-000-0000"
"0X2614","Site",0,2,0,NA,NA,"Analysis_kri0012",2025-04-01,"AA-AA-000-0000"
"0X3028","Site",0,2,0,NA,NA,"Analysis_kri0012",2025-04-01,"AA-AA-000-0000"
"0X5224","Site",0,2,0,NA,NA,"Analysis_kri0012",2025-04-01,"AA-AA-000-0000"
"0X5362","Site",0,2,0,NA,NA,"Analysis_kri0012",2025-04-01,"AA-AA-000-0000"
"0X6258","Site",0,2,0,NA,NA,"Analysis_kri0012",2025-04-01,"AA-AA-000-0000"
"0X7356","Site",0,2,0,NA,NA,"Analysis_kri0012",2025-04-01,"AA-AA-000-0000"
"0X8705","Site",0,2,0,NA,NA,"Analysis_kri0012",2025-04-01,"AA-AA-000-0000"
"0X9144","Site",0,2,0,NA,NA,"Analysis_kri0012",2025-04-01,"AA-AA-000-0000"
"0X9433","Site",0,2,0,NA,NA,"Analysis_kri0012",2025-04-01,"AA-AA-000-0000"
"0X077","Site",0,1,0,NA,NA,"Analysis_kri0012",2025-04-01,"AA-AA-000-0000"
"0X1655","Site",0,1,0,NA,NA,"Analysis_kri0012",2025-04-01,"AA-AA-000-0000"
"0X181","Site",0,1,0,NA,NA,"Analysis_kri0012",2025-04-01,"AA-AA-000-0000"
"0X2258","Site",0,1,0,NA,NA,"Analysis_kri0012",2025-04-01,"AA-AA-000-0000"
"0X6959","Site",0,1,0,NA,NA,"Analysis_kri0012",2025-04-01,"AA-AA-000-0000"
"0X7567","Site",0,1,0,NA,NA,"Analysis_kri0012",2025-04-01,"AA-AA-000-0000"
"0X8149","Site",0,1,0,NA,NA,"Analysis_kri0012",2025-04-01,"AA-AA-000-0000"
"0X3333","Site",15,18,0.833333333333333,0.833333333333333,-2,"Analysis_kri0013",2025-04-01,"AA-AA-000-0000"
"0X2283","Site",11,15,0.733333333333333,0.733333333333333,-2,"Analysis_kri0013",2025-04-01,"AA-AA-000-0000"
"0X6174","Site",87,97,0.896907216494845,0.896907216494845,-1,"Analysis_kri0013",2025-04-01,"AA-AA-000-0000"
"0X8743","Site",69,77,0.896103896103896,0.896103896103896,-1,"Analysis_kri0013",2025-04-01,"AA-AA-000-0000"
"0X5729","Site",43,48,0.895833333333333,0.895833333333333,-1,"Analysis_kri0013",2025-04-01,"AA-AA-000-0000"
"0X8504","Site",56,63,0.888888888888889,0.888888888888889,-1,"Analysis_kri0013",2025-04-01,"AA-AA-000-0000"
"0X8400","Site",84,95,0.884210526315789,0.884210526315789,-1,"Analysis_kri0013",2025-04-01,"AA-AA-000-0000"
"0X2913","Site",21,24,0.875,0.875,-1,"Analysis_kri0013",2025-04-01,"AA-AA-000-0000"
"0X930","Site",28,32,0.875,0.875,-1,"Analysis_kri0013",2025-04-01,"AA-AA-000-0000"
"0X5836","Site",19,22,0.863636363636364,0.863636363636364,-1,"Analysis_kri0013",2025-04-01,"AA-AA-000-0000"
"0X2131","Site",100,103,0.970873786407767,0.970873786407767,0,"Analysis_kri0013",2025-04-01,"AA-AA-000-0000"
"0X4621","Site",194,200,0.97,0.97,0,"Analysis_kri0013",2025-04-01,"AA-AA-000-0000"
"0X7543","Site",84,87,0.96551724137931,0.96551724137931,0,"Analysis_kri0013",2025-04-01,"AA-AA-000-0000"
"0X7795","Site",83,86,0.965116279069767,0.965116279069767,0,"Analysis_kri0013",2025-04-01,"AA-AA-000-0000"
"0X9066","Site",128,133,0.962406015037594,0.962406015037594,0,"Analysis_kri0013",2025-04-01,"AA-AA-000-0000"
"0X3959","Site",74,77,0.961038961038961,0.961038961038961,0,"Analysis_kri0013",2025-04-01,"AA-AA-000-0000"
"0X1070","Site",94,98,0.959183673469388,0.959183673469388,0,"Analysis_kri0013",2025-04-01,"AA-AA-000-0000"
"0X2106","Site",70,73,0.958904109589041,0.958904109589041,0,"Analysis_kri0013",2025-04-01,"AA-AA-000-0000"
"0X8950","Site",68,71,0.957746478873239,0.957746478873239,0,"Analysis_kri0013",2025-04-01,"AA-AA-000-0000"
"0X1903","Site",88,92,0.956521739130435,0.956521739130435,0,"Analysis_kri0013",2025-04-01,"AA-AA-000-0000"
"0X5562","Site",88,92,0.956521739130435,0.956521739130435,0,"Analysis_kri0013",2025-04-01,"AA-AA-000-0000"
"0X8530","Site",88,92,0.956521739130435,0.956521739130435,0,"Analysis_kri0013",2025-04-01,"AA-AA-000-0000"
"0X2896","Site",87,91,0.956043956043956,0.956043956043956,0,"Analysis_kri0013",2025-04-01,"AA-AA-000-0000"
"0X5171","Site",62,65,0.953846153846154,0.953846153846154,0,"Analysis_kri0013",2025-04-01,"AA-AA-000-0000"
"0X6533","Site",119,125,0.952,0.952,0,"Analysis_kri0013",2025-04-01,"AA-AA-000-0000"
"0X2996","Site",99,104,0.951923076923077,0.951923076923077,0,"Analysis_kri0013",2025-04-01,"AA-AA-000-0000"
"0X6380","Site",79,83,0.951807228915663,0.951807228915663,0,"Analysis_kri0013",2025-04-01,"AA-AA-000-0000"
"0X8829","Site",97,102,0.950980392156863,0.950980392156863,0,"Analysis_kri0013",2025-04-01,"AA-AA-000-0000"
"0X4343","Site",54,57,0.947368421052632,0.947368421052632,0,"Analysis_kri0013",2025-04-01,"AA-AA-000-0000"
"0X7206","Site",54,57,0.947368421052632,0.947368421052632,0,"Analysis_kri0013",2025-04-01,"AA-AA-000-0000"
"0X9595","Site",90,95,0.947368421052632,0.947368421052632,0,"Analysis_kri0013",2025-04-01,"AA-AA-000-0000"
"0X9062","Site",95,101,0.940594059405941,0.940594059405941,0,"Analysis_kri0013",2025-04-01,"AA-AA-000-0000"
"0X5569","Site",110,117,0.94017094017094,0.94017094017094,0,"Analysis_kri0013",2025-04-01,"AA-AA-000-0000"
"0X3137","Site",94,100,0.94,0.94,0,"Analysis_kri0013",2025-04-01,"AA-AA-000-0000"
"0X2521","Site",46,49,0.938775510204082,0.938775510204082,0,"Analysis_kri0013",2025-04-01,"AA-AA-000-0000"
"0X6774","Site",91,97,0.938144329896907,0.938144329896907,0,"Analysis_kri0013",2025-04-01,"AA-AA-000-0000"
"0X1154","Site",90,96,0.9375,0.9375,0,"Analysis_kri0013",2025-04-01,"AA-AA-000-0000"
"0X9845","Site",105,112,0.9375,0.9375,0,"Analysis_kri0013",2025-04-01,"AA-AA-000-0000"
"0X9779","Site",89,95,0.936842105263158,0.936842105263158,0,"Analysis_kri0013",2025-04-01,"AA-AA-000-0000"
"0X1185","Site",94,101,0.930693069306931,0.930693069306931,0,"Analysis_kri0013",2025-04-01,"AA-AA-000-0000"
"0X2460","Site",66,71,0.929577464788732,0.929577464788732,0,"Analysis_kri0013",2025-04-01,"AA-AA-000-0000"
"0X853","Site",77,83,0.927710843373494,0.927710843373494,0,"Analysis_kri0013",2025-04-01,"AA-AA-000-0000"
"0X9046","Site",62,67,0.925373134328358,0.925373134328358,0,"Analysis_kri0013",2025-04-01,"AA-AA-000-0000"
"0X7604","Site",36,39,0.923076923076923,0.923076923076923,0,"Analysis_kri0013",2025-04-01,"AA-AA-000-0000"
"0X5593","Site",82,89,0.921348314606742,0.921348314606742,0,"Analysis_kri0013",2025-04-01,"AA-AA-000-0000"
"0X8676","Site",34,37,0.918918918918919,0.918918918918919,0,"Analysis_kri0013",2025-04-01,"AA-AA-000-0000"
"0X5512","Site",45,49,0.918367346938776,0.918367346938776,0,"Analysis_kri0013",2025-04-01,"AA-AA-000-0000"
"0X1012","Site",44,48,0.916666666666667,0.916666666666667,0,"Analysis_kri0013",2025-04-01,"AA-AA-000-0000"
"0X1570","Site",32,35,0.914285714285714,0.914285714285714,0,"Analysis_kri0013",2025-04-01,"AA-AA-000-0000"
"0X5705","Site",102,112,0.910714285714286,0.910714285714286,0,"Analysis_kri0013",2025-04-01,"AA-AA-000-0000"
"0X4067","Site",39,43,0.906976744186046,0.906976744186046,0,"Analysis_kri0013",2025-04-01,"AA-AA-000-0000"
"0X1302","Site",9,9,1,NA,NA,"Analysis_kri0013",2025-04-01,"AA-AA-000-0000"
"0X1319","Site",13,13,1,NA,NA,"Analysis_kri0013",2025-04-01,"AA-AA-000-0000"
"0X1464","Site",46,46,1,NA,NA,"Analysis_kri0013",2025-04-01,"AA-AA-000-0000"
"0X1655","Site",4,4,1,NA,NA,"Analysis_kri0013",2025-04-01,"AA-AA-000-0000"
"0X1794","Site",7,7,1,NA,NA,"Analysis_kri0013",2025-04-01,"AA-AA-000-0000"
"0X1958","Site",4,4,1,NA,NA,"Analysis_kri0013",2025-04-01,"AA-AA-000-0000"
"0X2004","Site",18,18,1,NA,NA,"Analysis_kri0013",2025-04-01,"AA-AA-000-0000"
"0X2256","Site",5,5,1,NA,NA,"Analysis_kri0013",2025-04-01,"AA-AA-000-0000"
"0X2547","Site",5,5,1,NA,NA,"Analysis_kri0013",2025-04-01,"AA-AA-000-0000"
"0X2594","Site",31,31,1,NA,NA,"Analysis_kri0013",2025-04-01,"AA-AA-000-0000"
"0X2614","Site",8,8,1,NA,NA,"Analysis_kri0013",2025-04-01,"AA-AA-000-0000"
"0X2779","Site",15,15,1,NA,NA,"Analysis_kri0013",2025-04-01,"AA-AA-000-0000"
"0X2873","Site",16,16,1,NA,NA,"Analysis_kri0013",2025-04-01,"AA-AA-000-0000"
"0X2884","Site",5,5,1,NA,NA,"Analysis_kri0013",2025-04-01,"AA-AA-000-0000"
"0X2967","Site",29,29,1,NA,NA,"Analysis_kri0013",2025-04-01,"AA-AA-000-0000"
"0X4046","Site",6,6,1,NA,NA,"Analysis_kri0013",2025-04-01,"AA-AA-000-0000"
"0X4441","Site",2,2,1,NA,NA,"Analysis_kri0013",2025-04-01,"AA-AA-000-0000"
"0X4511","Site",17,17,1,NA,NA,"Analysis_kri0013",2025-04-01,"AA-AA-000-0000"
"0X4739","Site",2,2,1,NA,NA,"Analysis_kri0013",2025-04-01,"AA-AA-000-0000"
"0X5053","Site",56,56,1,NA,NA,"Analysis_kri0013",2025-04-01,"AA-AA-000-0000"
"0X5224","Site",5,5,1,NA,NA,"Analysis_kri0013",2025-04-01,"AA-AA-000-0000"
"0X5558","Site",42,42,1,NA,NA,"Analysis_kri0013",2025-04-01,"AA-AA-000-0000"
"0X5834","Site",19,19,1,NA,NA,"Analysis_kri0013",2025-04-01,"AA-AA-000-0000"
"0X6072","Site",7,7,1,NA,NA,"Analysis_kri0013",2025-04-01,"AA-AA-000-0000"
"0X6074","Site",16,16,1,NA,NA,"Analysis_kri0013",2025-04-01,"AA-AA-000-0000"
"0X6103","Site",14,14,1,NA,NA,"Analysis_kri0013",2025-04-01,"AA-AA-000-0000"
"0X6258","Site",17,17,1,NA,NA,"Analysis_kri0013",2025-04-01,"AA-AA-000-0000"
"0X6305","Site",4,4,1,NA,NA,"Analysis_kri0013",2025-04-01,"AA-AA-000-0000"
"0X6558","Site",14,14,1,NA,NA,"Analysis_kri0013",2025-04-01,"AA-AA-000-0000"
"0X6937","Site",17,17,1,NA,NA,"Analysis_kri0013",2025-04-01,"AA-AA-000-0000"
"0X6959","Site",2,2,1,NA,NA,"Analysis_kri0013",2025-04-01,"AA-AA-000-0000"
"0X7452","Site",6,6,1,NA,NA,"Analysis_kri0013",2025-04-01,"AA-AA-000-0000"
"0X7567","Site",4,4,1,NA,NA,"Analysis_kri0013",2025-04-01,"AA-AA-000-0000"
"0X769","Site",8,8,1,NA,NA,"Analysis_kri0013",2025-04-01,"AA-AA-000-0000"
"0X7690","Site",17,17,1,NA,NA,"Analysis_kri0013",2025-04-01,"AA-AA-000-0000"
"0X7767","Site",22,22,1,NA,NA,"Analysis_kri0013",2025-04-01,"AA-AA-000-0000"
"0X805","Site",31,31,1,NA,NA,"Analysis_kri0013",2025-04-01,"AA-AA-000-0000"
"0X8058","Site",20,20,1,NA,NA,"Analysis_kri0013",2025-04-01,"AA-AA-000-0000"
"0X8085","Site",10,10,1,NA,NA,"Analysis_kri0013",2025-04-01,"AA-AA-000-0000"
"0X8454","Site",3,3,1,NA,NA,"Analysis_kri0013",2025-04-01,"AA-AA-000-0000"
"0X8705","Site",7,7,1,NA,NA,"Analysis_kri0013",2025-04-01,"AA-AA-000-0000"
"0X9417","Site",12,12,1,NA,NA,"Analysis_kri0013",2025-04-01,"AA-AA-000-0000"
"0X9433","Site",11,11,1,NA,NA,"Analysis_kri0013",2025-04-01,"AA-AA-000-0000"
"0X9626","Site",52,52,1,NA,NA,"Analysis_kri0013",2025-04-01,"AA-AA-000-0000"
"0X978","Site",8,8,1,NA,NA,"Analysis_kri0013",2025-04-01,"AA-AA-000-0000"
"0X108","Site",133,134,0.992537313432836,NA,NA,"Analysis_kri0013",2025-04-01,"AA-AA-000-0000"
"0X5111","Site",88,89,0.98876404494382,NA,NA,"Analysis_kri0013",2025-04-01,"AA-AA-000-0000"
"0X4131","Site",59,60,0.983333333333333,NA,NA,"Analysis_kri0013",2025-04-01,"AA-AA-000-0000"
"0X1505","Site",91,93,0.978494623655914,NA,NA,"Analysis_kri0013",2025-04-01,"AA-AA-000-0000"
"0X4629","Site",44,45,0.977777777777778,NA,NA,"Analysis_kri0013",2025-04-01,"AA-AA-000-0000"
"0X1571","Site",77,79,0.974683544303797,NA,NA,"Analysis_kri0013",2025-04-01,"AA-AA-000-0000"
"0X5907","Site",34,35,0.971428571428571,NA,NA,"Analysis_kri0013",2025-04-01,"AA-AA-000-0000"
"0X7472","Site",63,65,0.969230769230769,NA,NA,"Analysis_kri0013",2025-04-01,"AA-AA-000-0000"
"0X707","Site",61,63,0.968253968253968,NA,NA,"Analysis_kri0013",2025-04-01,"AA-AA-000-0000"
"0X3469","Site",30,31,0.967741935483871,NA,NA,"Analysis_kri0013",2025-04-01,"AA-AA-000-0000"
"0X4887","Site",30,31,0.967741935483871,NA,NA,"Analysis_kri0013",2025-04-01,"AA-AA-000-0000"
"0X8706","Site",59,61,0.967213114754098,NA,NA,"Analysis_kri0013",2025-04-01,"AA-AA-000-0000"
"0X4935","Site",27,28,0.964285714285714,NA,NA,"Analysis_kri0013",2025-04-01,"AA-AA-000-0000"
"0X6096","Site",27,28,0.964285714285714,NA,NA,"Analysis_kri0013",2025-04-01,"AA-AA-000-0000"
"0X2026","Site",26,27,0.962962962962963,NA,NA,"Analysis_kri0013",2025-04-01,"AA-AA-000-0000"
"0X9184","Site",52,54,0.962962962962963,NA,NA,"Analysis_kri0013",2025-04-01,"AA-AA-000-0000"
"0X7271","Site",25,26,0.961538461538462,NA,NA,"Analysis_kri0013",2025-04-01,"AA-AA-000-0000"
"0X1330","Site",23,24,0.958333333333333,NA,NA,"Analysis_kri0013",2025-04-01,"AA-AA-000-0000"
"0X2587","Site",23,24,0.958333333333333,NA,NA,"Analysis_kri0013",2025-04-01,"AA-AA-000-0000"
"0X1175","Site",40,42,0.952380952380952,NA,NA,"Analysis_kri0013",2025-04-01,"AA-AA-000-0000"
"0X3375","Site",20,21,0.952380952380952,NA,NA,"Analysis_kri0013",2025-04-01,"AA-AA-000-0000"
"0X8040","Site",40,42,0.952380952380952,NA,NA,"Analysis_kri0013",2025-04-01,"AA-AA-000-0000"
"0X8213","Site",39,41,0.951219512195122,NA,NA,"Analysis_kri0013",2025-04-01,"AA-AA-000-0000"
"0X958","Site",18,19,0.947368421052632,NA,NA,"Analysis_kri0013",2025-04-01,"AA-AA-000-0000"
"0X6710","Site",17,18,0.944444444444444,NA,NA,"Analysis_kri0013",2025-04-01,"AA-AA-000-0000"
"0X1365","Site",27,29,0.931034482758621,NA,NA,"Analysis_kri0013",2025-04-01,"AA-AA-000-0000"
"0X525","Site",13,14,0.928571428571429,NA,NA,"Analysis_kri0013",2025-04-01,"AA-AA-000-0000"
"0X9913","Site",13,14,0.928571428571429,NA,NA,"Analysis_kri0013",2025-04-01,"AA-AA-000-0000"
"0X4148","Site",23,25,0.92,NA,NA,"Analysis_kri0013",2025-04-01,"AA-AA-000-0000"
"0X7770","Site",23,25,0.92,NA,NA,"Analysis_kri0013",2025-04-01,"AA-AA-000-0000"
"0X8084","Site",22,24,0.916666666666667,NA,NA,"Analysis_kri0013",2025-04-01,"AA-AA-000-0000"
"0X8997","Site",10,11,0.909090909090909,NA,NA,"Analysis_kri0013",2025-04-01,"AA-AA-000-0000"
"0X7012","Site",8,9,0.888888888888889,NA,NA,"Analysis_kri0013",2025-04-01,"AA-AA-000-0000"
"0X181","Site",7,8,0.875,NA,NA,"Analysis_kri0013",2025-04-01,"AA-AA-000-0000"
"0X1167","Site",13,15,0.866666666666667,NA,NA,"Analysis_kri0013",2025-04-01,"AA-AA-000-0000"
"0X7356","Site",6,7,0.857142857142857,NA,NA,"Analysis_kri0013",2025-04-01,"AA-AA-000-0000"
"0X9144","Site",6,7,0.857142857142857,NA,NA,"Analysis_kri0013",2025-04-01,"AA-AA-000-0000"
"0X1713","Site",5,6,0.833333333333333,NA,NA,"Analysis_kri0013",2025-04-01,"AA-AA-000-0000"
"0X2453","Site",10,12,0.833333333333333,NA,NA,"Analysis_kri0013",2025-04-01,"AA-AA-000-0000"
"0X5362","Site",9,11,0.818181818181818,NA,NA,"Analysis_kri0013",2025-04-01,"AA-AA-000-0000"
"0X4131","Site",7,8,0.875,7,2,"Analysis_kri0014",2025-04-01,"AA-AA-000-0000"
"0X7770","Site",4,5,0.8,4,2,"Analysis_kri0014",2025-04-01,"AA-AA-000-0000"
"0X1070","Site",7,9,0.777777777777778,7,2,"Analysis_kri0014",2025-04-01,"AA-AA-000-0000"
"0X8676","Site",3,4,0.75,3,2,"Analysis_kri0014",2025-04-01,"AA-AA-000-0000"
"0X5111","Site",6,8,0.75,6,2,"Analysis_kri0014",2025-04-01,"AA-AA-000-0000"
"0X2521","Site",4,6,0.666666666666667,4,2,"Analysis_kri0014",2025-04-01,"AA-AA-000-0000"
"0X1571","Site",6,9,0.666666666666667,6,2,"Analysis_kri0014",2025-04-01,"AA-AA-000-0000"
"0X7206","Site",6,9,0.666666666666667,6,2,"Analysis_kri0014",2025-04-01,"AA-AA-000-0000"
"0X108","Site",8,12,0.666666666666667,8,2,"Analysis_kri0014",2025-04-01,"AA-AA-000-0000"
"0X1185","Site",5,8,0.625,5,2,"Analysis_kri0014",2025-04-01,"AA-AA-000-0000"
"0X1505","Site",5,8,0.625,5,2,"Analysis_kri0014",2025-04-01,"AA-AA-000-0000"
"0X5562","Site",5,8,0.625,5,2,"Analysis_kri0014",2025-04-01,"AA-AA-000-0000"
"0X1570","Site",3,5,0.6,3,2,"Analysis_kri0014",2025-04-01,"AA-AA-000-0000"
"0X4067","Site",3,5,0.6,3,2,"Analysis_kri0014",2025-04-01,"AA-AA-000-0000"
"0X6096","Site",3,5,0.6,3,2,"Analysis_kri0014",2025-04-01,"AA-AA-000-0000"
"0X5705","Site",6,10,0.6,6,2,"Analysis_kri0014",2025-04-01,"AA-AA-000-0000"
"0X2587","Site",4,7,0.571428571428571,4,2,"Analysis_kri0014",2025-04-01,"AA-AA-000-0000"
"0X2996","Site",4,7,0.571428571428571,4,2,"Analysis_kri0014",2025-04-01,"AA-AA-000-0000"
"0X7795","Site",4,7,0.571428571428571,4,2,"Analysis_kri0014",2025-04-01,"AA-AA-000-0000"
"0X2131","Site",5,9,0.555555555555556,5,2,"Analysis_kri0014",2025-04-01,"AA-AA-000-0000"
"0X9062","Site",5,9,0.555555555555556,5,2,"Analysis_kri0014",2025-04-01,"AA-AA-000-0000"
"0X9066","Site",6,11,0.545454545454545,6,2,"Analysis_kri0014",2025-04-01,"AA-AA-000-0000"
"0X5512","Site",3,6,0.5,3,2,"Analysis_kri0014",2025-04-01,"AA-AA-000-0000"
"0X1464","Site",4,8,0.5,4,2,"Analysis_kri0014",2025-04-01,"AA-AA-000-0000"
"0X3137","Site",4,8,0.5,4,2,"Analysis_kri0014",2025-04-01,"AA-AA-000-0000"
"0X5558","Site",4,8,0.5,4,2,"Analysis_kri0014",2025-04-01,"AA-AA-000-0000"
"0X8530","Site",4,8,0.5,4,2,"Analysis_kri0014",2025-04-01,"AA-AA-000-0000"
"0X6174","Site",5,10,0.5,5,2,"Analysis_kri0014",2025-04-01,"AA-AA-000-0000"
"0X8400","Site",5,10,0.5,5,2,"Analysis_kri0014",2025-04-01,"AA-AA-000-0000"
"0X9595","Site",5,10,0.5,5,2,"Analysis_kri0014",2025-04-01,"AA-AA-000-0000"
"0X4621","Site",8,16,0.5,8,2,"Analysis_kri0014",2025-04-01,"AA-AA-000-0000"
"0X6774","Site",6,13,0.461538461538462,6,2,"Analysis_kri0014",2025-04-01,"AA-AA-000-0000"
"0X2106","Site",4,9,0.444444444444444,4,2,"Analysis_kri0014",2025-04-01,"AA-AA-000-0000"
"0X8950","Site",4,9,0.444444444444444,4,2,"Analysis_kri0014",2025-04-01,"AA-AA-000-0000"
"0X1154","Site",3,7,0.428571428571429,3,2,"Analysis_kri0014",2025-04-01,"AA-AA-000-0000"
"0X3959","Site",3,7,0.428571428571429,3,2,"Analysis_kri0014",2025-04-01,"AA-AA-000-0000"
"0X4935","Site",3,7,0.428571428571429,3,2,"Analysis_kri0014",2025-04-01,"AA-AA-000-0000"
"0X5171","Site",3,7,0.428571428571429,3,2,"Analysis_kri0014",2025-04-01,"AA-AA-000-0000"
"0X7543","Site",3,7,0.428571428571429,3,2,"Analysis_kri0014",2025-04-01,"AA-AA-000-0000"
"0X8706","Site",3,7,0.428571428571429,3,2,"Analysis_kri0014",2025-04-01,"AA-AA-000-0000"
"0X2896","Site",3,8,0.375,3,2,"Analysis_kri0014",2025-04-01,"AA-AA-000-0000"
"0X7472","Site",3,8,0.375,3,2,"Analysis_kri0014",2025-04-01,"AA-AA-000-0000"
"0X8829","Site",4,11,0.363636363636364,4,2,"Analysis_kri0014",2025-04-01,"AA-AA-000-0000"
"0X9845","Site",4,11,0.363636363636364,4,2,"Analysis_kri0014",2025-04-01,"AA-AA-000-0000"
"0X6533","Site",5,14,0.357142857142857,5,2,"Analysis_kri0014",2025-04-01,"AA-AA-000-0000"
"0X6380","Site",3,9,0.333333333333333,3,2,"Analysis_kri0014",2025-04-01,"AA-AA-000-0000"
"0X853","Site",4,12,0.333333333333333,4,2,"Analysis_kri0014",2025-04-01,"AA-AA-000-0000"
"0X1903","Site",3,11,0.272727272727273,3,2,"Analysis_kri0014",2025-04-01,"AA-AA-000-0000"
"0X9779","Site",3,11,0.272727272727273,3,2,"Analysis_kri0014",2025-04-01,"AA-AA-000-0000"
"0X4739","Site",2,3,0.666666666666667,2,1,"Analysis_kri0014",2025-04-01,"AA-AA-000-0000"
"0X525","Site",2,3,0.666666666666667,2,1,"Analysis_kri0014",2025-04-01,"AA-AA-000-0000"
"0X6103","Site",2,3,0.666666666666667,2,1,"Analysis_kri0014",2025-04-01,"AA-AA-000-0000"
"0X2873","Site",2,4,0.5,2,1,"Analysis_kri0014",2025-04-01,"AA-AA-000-0000"
"0X2913","Site",2,4,0.5,2,1,"Analysis_kri0014",2025-04-01,"AA-AA-000-0000"
"0X4629","Site",2,4,0.5,2,1,"Analysis_kri0014",2025-04-01,"AA-AA-000-0000"
"0X6710","Site",2,4,0.5,2,1,"Analysis_kri0014",2025-04-01,"AA-AA-000-0000"
"0X707","Site",2,4,0.5,2,1,"Analysis_kri0014",2025-04-01,"AA-AA-000-0000"
"0X4148","Site",2,5,0.4,2,1,"Analysis_kri0014",2025-04-01,"AA-AA-000-0000"
"0X2453","Site",2,6,0.333333333333333,2,1,"Analysis_kri0014",2025-04-01,"AA-AA-000-0000"
"0X6937","Site",2,6,0.333333333333333,2,1,"Analysis_kri0014",2025-04-01,"AA-AA-000-0000"
"0X5053","Site",2,7,0.285714285714286,2,1,"Analysis_kri0014",2025-04-01,"AA-AA-000-0000"
"0X8040","Site",2,7,0.285714285714286,2,1,"Analysis_kri0014",2025-04-01,"AA-AA-000-0000"
"0X8213","Site",2,7,0.285714285714286,2,1,"Analysis_kri0014",2025-04-01,"AA-AA-000-0000"
"0X930","Site",2,7,0.285714285714286,2,1,"Analysis_kri0014",2025-04-01,"AA-AA-000-0000"
"0X8504","Site",2,8,0.25,2,1,"Analysis_kri0014",2025-04-01,"AA-AA-000-0000"
"0X5593","Site",2,9,0.222222222222222,2,1,"Analysis_kri0014",2025-04-01,"AA-AA-000-0000"
"0X5569","Site",2,11,0.181818181818182,2,1,"Analysis_kri0014",2025-04-01,"AA-AA-000-0000"
"0X9184","Site",2,11,0.181818181818182,2,1,"Analysis_kri0014",2025-04-01,"AA-AA-000-0000"
"0X1175","Site",1,3,0.333333333333333,1,0,"Analysis_kri0014",2025-04-01,"AA-AA-000-0000"
"0X1319","Site",1,3,0.333333333333333,1,0,"Analysis_kri0014",2025-04-01,"AA-AA-000-0000"
"0X1713","Site",1,3,0.333333333333333,1,0,"Analysis_kri0014",2025-04-01,"AA-AA-000-0000"
"0X2967","Site",1,3,0.333333333333333,1,0,"Analysis_kri0014",2025-04-01,"AA-AA-000-0000"
"0X5834","Site",1,3,0.333333333333333,1,0,"Analysis_kri0014",2025-04-01,"AA-AA-000-0000"
"0X769","Site",1,3,0.333333333333333,1,0,"Analysis_kri0014",2025-04-01,"AA-AA-000-0000"
"0X958","Site",1,3,0.333333333333333,1,0,"Analysis_kri0014",2025-04-01,"AA-AA-000-0000"
"0X1365","Site",1,4,0.25,1,0,"Analysis_kri0014",2025-04-01,"AA-AA-000-0000"
"0X5836","Site",1,4,0.25,1,0,"Analysis_kri0014",2025-04-01,"AA-AA-000-0000"
"0X7271","Site",1,4,0.25,1,0,"Analysis_kri0014",2025-04-01,"AA-AA-000-0000"
"0X805","Site",1,4,0.25,1,0,"Analysis_kri0014",2025-04-01,"AA-AA-000-0000"
"0X8085","Site",1,4,0.25,1,0,"Analysis_kri0014",2025-04-01,"AA-AA-000-0000"
"0X3469","Site",1,5,0.2,1,0,"Analysis_kri0014",2025-04-01,"AA-AA-000-0000"
"0X5907","Site",1,5,0.2,1,0,"Analysis_kri0014",2025-04-01,"AA-AA-000-0000"
"0X8743","Site",1,5,0.2,1,0,"Analysis_kri0014",2025-04-01,"AA-AA-000-0000"
"0X2594","Site",1,6,0.166666666666667,1,0,"Analysis_kri0014",2025-04-01,"AA-AA-000-0000"
"0X9046","Site",1,6,0.166666666666667,1,0,"Analysis_kri0014",2025-04-01,"AA-AA-000-0000"
"0X1012","Site",1,7,0.142857142857143,1,0,"Analysis_kri0014",2025-04-01,"AA-AA-000-0000"
"0X2026","Site",1,7,0.142857142857143,1,0,"Analysis_kri0014",2025-04-01,"AA-AA-000-0000"
"0X4343","Site",1,7,0.142857142857143,1,0,"Analysis_kri0014",2025-04-01,"AA-AA-000-0000"
"0X7690","Site",1,7,0.142857142857143,1,0,"Analysis_kri0014",2025-04-01,"AA-AA-000-0000"
"0X5729","Site",1,8,0.125,1,0,"Analysis_kri0014",2025-04-01,"AA-AA-000-0000"
"0X1167","Site",0,4,0,0,0,"Analysis_kri0014",2025-04-01,"AA-AA-000-0000"
"0X1330","Site",0,7,0,0,0,"Analysis_kri0014",2025-04-01,"AA-AA-000-0000"
"0X2460","Site",0,5,0,0,0,"Analysis_kri0014",2025-04-01,"AA-AA-000-0000"
"0X2779","Site",0,3,0,0,0,"Analysis_kri0014",2025-04-01,"AA-AA-000-0000"
"0X4046","Site",0,3,0,0,0,"Analysis_kri0014",2025-04-01,"AA-AA-000-0000"
"0X4887","Site",0,3,0,0,0,"Analysis_kri0014",2025-04-01,"AA-AA-000-0000"
"0X492","Site",0,4,0,0,0,"Analysis_kri0014",2025-04-01,"AA-AA-000-0000"
"0X7604","Site",0,7,0,0,0,"Analysis_kri0014",2025-04-01,"AA-AA-000-0000"
"0X7767","Site",0,3,0,0,0,"Analysis_kri0014",2025-04-01,"AA-AA-000-0000"
"0X8058","Site",0,4,0,0,0,"Analysis_kri0014",2025-04-01,"AA-AA-000-0000"
"0X8084","Site",0,4,0,0,0,"Analysis_kri0014",2025-04-01,"AA-AA-000-0000"
"0X8454","Site",0,3,0,0,0,"Analysis_kri0014",2025-04-01,"AA-AA-000-0000"
"0X9626","Site",0,6,0,0,0,"Analysis_kri0014",2025-04-01,"AA-AA-000-0000"
"0X1302","Site",1,1,1,NA,NA,"Analysis_kri0014",2025-04-01,"AA-AA-000-0000"
"0X1655","Site",1,1,1,NA,NA,"Analysis_kri0014",2025-04-01,"AA-AA-000-0000"
"0X181","Site",1,1,1,NA,NA,"Analysis_kri0014",2025-04-01,"AA-AA-000-0000"
"0X2256","Site",1,1,1,NA,NA,"Analysis_kri0014",2025-04-01,"AA-AA-000-0000"
"0X2884","Site",1,1,1,NA,NA,"Analysis_kri0014",2025-04-01,"AA-AA-000-0000"
"0X978","Site",1,1,1,NA,NA,"Analysis_kri0014",2025-04-01,"AA-AA-000-0000"
"0X3375","Site",2,2,1,NA,NA,"Analysis_kri0014",2025-04-01,"AA-AA-000-0000"
"0X6258","Site",2,2,1,NA,NA,"Analysis_kri0014",2025-04-01,"AA-AA-000-0000"
"0X7356","Site",2,2,1,NA,NA,"Analysis_kri0014",2025-04-01,"AA-AA-000-0000"
"0X2283","Site",1,2,0.5,NA,NA,"Analysis_kri0014",2025-04-01,"AA-AA-000-0000"
"0X2614","Site",1,2,0.5,NA,NA,"Analysis_kri0014",2025-04-01,"AA-AA-000-0000"
"0X3333","Site",1,2,0.5,NA,NA,"Analysis_kri0014",2025-04-01,"AA-AA-000-0000"
"0X5224","Site",1,2,0.5,NA,NA,"Analysis_kri0014",2025-04-01,"AA-AA-000-0000"
"0X5362","Site",1,2,0.5,NA,NA,"Analysis_kri0014",2025-04-01,"AA-AA-000-0000"
"0X6072","Site",1,2,0.5,NA,NA,"Analysis_kri0014",2025-04-01,"AA-AA-000-0000"
"0X8997","Site",1,2,0.5,NA,NA,"Analysis_kri0014",2025-04-01,"AA-AA-000-0000"
"0X9417","Site",1,2,0.5,NA,NA,"Analysis_kri0014",2025-04-01,"AA-AA-000-0000"
"0X9913","Site",1,2,0.5,NA,NA,"Analysis_kri0014",2025-04-01,"AA-AA-000-0000"
"0X020","Site",0,2,0,NA,NA,"Analysis_kri0014",2025-04-01,"AA-AA-000-0000"
"0X077","Site",0,1,0,NA,NA,"Analysis_kri0014",2025-04-01,"AA-AA-000-0000"
"0X1794","Site",0,1,0,NA,NA,"Analysis_kri0014",2025-04-01,"AA-AA-000-0000"
"0X1958","Site",0,2,0,NA,NA,"Analysis_kri0014",2025-04-01,"AA-AA-000-0000"
"0X2004","Site",0,2,0,NA,NA,"Analysis_kri0014",2025-04-01,"AA-AA-000-0000"
"0X2258","Site",0,1,0,NA,NA,"Analysis_kri0014",2025-04-01,"AA-AA-000-0000"
"0X2547","Site",0,1,0,NA,NA,"Analysis_kri0014",2025-04-01,"AA-AA-000-0000"
"0X3028","Site",0,2,0,NA,NA,"Analysis_kri0014",2025-04-01,"AA-AA-000-0000"
"0X4441","Site",0,2,0,NA,NA,"Analysis_kri0014",2025-04-01,"AA-AA-000-0000"
"0X4511","Site",0,2,0,NA,NA,"Analysis_kri0014",2025-04-01,"AA-AA-000-0000"
"0X5267","Site",0,1,0,NA,NA,"Analysis_kri0014",2025-04-01,"AA-AA-000-0000"
"0X6074","Site",0,1,0,NA,NA,"Analysis_kri0014",2025-04-01,"AA-AA-000-0000"
"0X6252","Site",0,1,0,NA,NA,"Analysis_kri0014",2025-04-01,"AA-AA-000-0000"
"0X6305","Site",0,1,0,NA,NA,"Analysis_kri0014",2025-04-01,"AA-AA-000-0000"
"0X6558","Site",0,2,0,NA,NA,"Analysis_kri0014",2025-04-01,"AA-AA-000-0000"
"0X6959","Site",0,1,0,NA,NA,"Analysis_kri0014",2025-04-01,"AA-AA-000-0000"
"0X7012","Site",0,2,0,NA,NA,"Analysis_kri0014",2025-04-01,"AA-AA-000-0000"
"0X7452","Site",0,2,0,NA,NA,"Analysis_kri0014",2025-04-01,"AA-AA-000-0000"
"0X7567","Site",0,1,0,NA,NA,"Analysis_kri0014",2025-04-01,"AA-AA-000-0000"
"0X8149","Site",0,1,0,NA,NA,"Analysis_kri0014",2025-04-01,"AA-AA-000-0000"
"0X8705","Site",0,2,0,NA,NA,"Analysis_kri0014",2025-04-01,"AA-AA-000-0000"
"0X9144","Site",0,2,0,NA,NA,"Analysis_kri0014",2025-04-01,"AA-AA-000-0000"
"0X9433","Site",0,2,0,NA,NA,"Analysis_kri0014",2025-04-01,"AA-AA-000-0000"
"0X9943","Site",0,1,0,NA,NA,"Analysis_kri0014",2025-04-01,"AA-AA-000-0000"
"0X1012","Site",1,7,0.142857142857143,1,1,"Analysis_kri0015",2025-04-01,"AA-AA-000-0000"
"0X2896","Site",1,8,0.125,1,1,"Analysis_kri0015",2025-04-01,"AA-AA-000-0000"
"0X1070","Site",1,9,0.111111111111111,1,1,"Analysis_kri0015",2025-04-01,"AA-AA-000-0000"
"0X9845","Site",1,11,0.0909090909090909,1,1,"Analysis_kri0015",2025-04-01,"AA-AA-000-0000"
"0X6774","Site",1,13,0.0769230769230769,1,1,"Analysis_kri0015",2025-04-01,"AA-AA-000-0000"
"0X6533","Site",1,14,0.0714285714285714,1,1,"Analysis_kri0015",2025-04-01,"AA-AA-000-0000"
"0X020","Site",0,2,0,0,0,"Analysis_kri0015",2025-04-01,"AA-AA-000-0000"
"0X077","Site",0,1,0,0,0,"Analysis_kri0015",2025-04-01,"AA-AA-000-0000"
"0X108","Site",0,12,0,0,0,"Analysis_kri0015",2025-04-01,"AA-AA-000-0000"
"0X1154","Site",0,7,0,0,0,"Analysis_kri0015",2025-04-01,"AA-AA-000-0000"
"0X1167","Site",0,4,0,0,0,"Analysis_kri0015",2025-04-01,"AA-AA-000-0000"
"0X1175","Site",0,3,0,0,0,"Analysis_kri0015",2025-04-01,"AA-AA-000-0000"
"0X1185","Site",0,8,0,0,0,"Analysis_kri0015",2025-04-01,"AA-AA-000-0000"
"0X1302","Site",0,1,0,0,0,"Analysis_kri0015",2025-04-01,"AA-AA-000-0000"
"0X1319","Site",0,3,0,0,0,"Analysis_kri0015",2025-04-01,"AA-AA-000-0000"
"0X1330","Site",0,7,0,0,0,"Analysis_kri0015",2025-04-01,"AA-AA-000-0000"
"0X1365","Site",0,4,0,0,0,"Analysis_kri0015",2025-04-01,"AA-AA-000-0000"
"0X1464","Site",0,8,0,0,0,"Analysis_kri0015",2025-04-01,"AA-AA-000-0000"
"0X1505","Site",0,8,0,0,0,"Analysis_kri0015",2025-04-01,"AA-AA-000-0000"
"0X1570","Site",0,5,0,0,0,"Analysis_kri0015",2025-04-01,"AA-AA-000-0000"
"0X1571","Site",0,9,0,0,0,"Analysis_kri0015",2025-04-01,"AA-AA-000-0000"
"0X1655","Site",0,1,0,0,0,"Analysis_kri0015",2025-04-01,"AA-AA-000-0000"
"0X1713","Site",0,3,0,0,0,"Analysis_kri0015",2025-04-01,"AA-AA-000-0000"
"0X1794","Site",0,1,0,0,0,"Analysis_kri0015",2025-04-01,"AA-AA-000-0000"
"0X181","Site",0,1,0,0,0,"Analysis_kri0015",2025-04-01,"AA-AA-000-0000"
"0X1903","Site",0,11,0,0,0,"Analysis_kri0015",2025-04-01,"AA-AA-000-0000"
"0X1958","Site",0,2,0,0,0,"Analysis_kri0015",2025-04-01,"AA-AA-000-0000"
"0X2004","Site",0,2,0,0,0,"Analysis_kri0015",2025-04-01,"AA-AA-000-0000"
"0X2026","Site",0,7,0,0,0,"Analysis_kri0015",2025-04-01,"AA-AA-000-0000"
"0X2106","Site",0,9,0,0,0,"Analysis_kri0015",2025-04-01,"AA-AA-000-0000"
"0X2131","Site",0,9,0,0,0,"Analysis_kri0015",2025-04-01,"AA-AA-000-0000"
"0X2256","Site",0,1,0,0,0,"Analysis_kri0015",2025-04-01,"AA-AA-000-0000"
"0X2258","Site",0,1,0,0,0,"Analysis_kri0015",2025-04-01,"AA-AA-000-0000"
"0X2283","Site",0,2,0,0,0,"Analysis_kri0015",2025-04-01,"AA-AA-000-0000"
"0X2453","Site",0,6,0,0,0,"Analysis_kri0015",2025-04-01,"AA-AA-000-0000"
"0X2460","Site",0,5,0,0,0,"Analysis_kri0015",2025-04-01,"AA-AA-000-0000"
"0X2521","Site",0,6,0,0,0,"Analysis_kri0015",2025-04-01,"AA-AA-000-0000"
"0X2547","Site",0,1,0,0,0,"Analysis_kri0015",2025-04-01,"AA-AA-000-0000"
"0X2587","Site",0,7,0,0,0,"Analysis_kri0015",2025-04-01,"AA-AA-000-0000"
"0X2594","Site",0,6,0,0,0,"Analysis_kri0015",2025-04-01,"AA-AA-000-0000"
"0X2614","Site",0,2,0,0,0,"Analysis_kri0015",2025-04-01,"AA-AA-000-0000"
"0X2779","Site",0,3,0,0,0,"Analysis_kri0015",2025-04-01,"AA-AA-000-0000"
"0X2873","Site",0,4,0,0,0,"Analysis_kri0015",2025-04-01,"AA-AA-000-0000"
"0X2884","Site",0,1,0,0,0,"Analysis_kri0015",2025-04-01,"AA-AA-000-0000"
"0X2913","Site",0,4,0,0,0,"Analysis_kri0015",2025-04-01,"AA-AA-000-0000"
"0X2967","Site",0,3,0,0,0,"Analysis_kri0015",2025-04-01,"AA-AA-000-0000"
"0X2996","Site",0,7,0,0,0,"Analysis_kri0015",2025-04-01,"AA-AA-000-0000"
"0X3028","Site",0,2,0,0,0,"Analysis_kri0015",2025-04-01,"AA-AA-000-0000"
"0X3137","Site",0,8,0,0,0,"Analysis_kri0015",2025-04-01,"AA-AA-000-0000"
"0X3333","Site",0,2,0,0,0,"Analysis_kri0015",2025-04-01,"AA-AA-000-0000"
"0X3375","Site",0,2,0,0,0,"Analysis_kri0015",2025-04-01,"AA-AA-000-0000"
"0X3469","Site",0,5,0,0,0,"Analysis_kri0015",2025-04-01,"AA-AA-000-0000"
"0X3959","Site",0,7,0,0,0,"Analysis_kri0015",2025-04-01,"AA-AA-000-0000"
"0X4046","Site",0,3,0,0,0,"Analysis_kri0015",2025-04-01,"AA-AA-000-0000"
"0X4067","Site",0,5,0,0,0,"Analysis_kri0015",2025-04-01,"AA-AA-000-0000"
"0X4131","Site",0,8,0,0,0,"Analysis_kri0015",2025-04-01,"AA-AA-000-0000"
"0X4148","Site",0,5,0,0,0,"Analysis_kri0015",2025-04-01,"AA-AA-000-0000"
"0X4343","Site",0,7,0,0,0,"Analysis_kri0015",2025-04-01,"AA-AA-000-0000"
"0X4441","Site",0,2,0,0,0,"Analysis_kri0015",2025-04-01,"AA-AA-000-0000"
"0X4511","Site",0,2,0,0,0,"Analysis_kri0015",2025-04-01,"AA-AA-000-0000"
"0X4621","Site",0,16,0,0,0,"Analysis_kri0015",2025-04-01,"AA-AA-000-0000"
"0X4629","Site",0,4,0,0,0,"Analysis_kri0015",2025-04-01,"AA-AA-000-0000"
"0X4739","Site",0,3,0,0,0,"Analysis_kri0015",2025-04-01,"AA-AA-000-0000"
"0X4887","Site",0,3,0,0,0,"Analysis_kri0015",2025-04-01,"AA-AA-000-0000"
"0X492","Site",0,4,0,0,0,"Analysis_kri0015",2025-04-01,"AA-AA-000-0000"
"0X4935","Site",0,7,0,0,0,"Analysis_kri0015",2025-04-01,"AA-AA-000-0000"
"0X5053","Site",0,7,0,0,0,"Analysis_kri0015",2025-04-01,"AA-AA-000-0000"
"0X5111","Site",0,8,0,0,0,"Analysis_kri0015",2025-04-01,"AA-AA-000-0000"
"0X5171","Site",0,7,0,0,0,"Analysis_kri0015",2025-04-01,"AA-AA-000-0000"
"0X5224","Site",0,2,0,0,0,"Analysis_kri0015",2025-04-01,"AA-AA-000-0000"
"0X525","Site",0,3,0,0,0,"Analysis_kri0015",2025-04-01,"AA-AA-000-0000"
"0X5267","Site",0,1,0,0,0,"Analysis_kri0015",2025-04-01,"AA-AA-000-0000"
"0X5362","Site",0,2,0,0,0,"Analysis_kri0015",2025-04-01,"AA-AA-000-0000"
"0X5512","Site",0,6,0,0,0,"Analysis_kri0015",2025-04-01,"AA-AA-000-0000"
"0X5558","Site",0,8,0,0,0,"Analysis_kri0015",2025-04-01,"AA-AA-000-0000"
"0X5562","Site",0,8,0,0,0,"Analysis_kri0015",2025-04-01,"AA-AA-000-0000"
"0X5569","Site",0,11,0,0,0,"Analysis_kri0015",2025-04-01,"AA-AA-000-0000"
"0X5593","Site",0,9,0,0,0,"Analysis_kri0015",2025-04-01,"AA-AA-000-0000"
"0X5705","Site",0,10,0,0,0,"Analysis_kri0015",2025-04-01,"AA-AA-000-0000"
"0X5729","Site",0,8,0,0,0,"Analysis_kri0015",2025-04-01,"AA-AA-000-0000"
"0X5834","Site",0,3,0,0,0,"Analysis_kri0015",2025-04-01,"AA-AA-000-0000"
"0X5836","Site",0,4,0,0,0,"Analysis_kri0015",2025-04-01,"AA-AA-000-0000"
"0X5907","Site",0,5,0,0,0,"Analysis_kri0015",2025-04-01,"AA-AA-000-0000"
"0X6072","Site",0,2,0,0,0,"Analysis_kri0015",2025-04-01,"AA-AA-000-0000"
"0X6074","Site",0,1,0,0,0,"Analysis_kri0015",2025-04-01,"AA-AA-000-0000"
"0X6096","Site",0,5,0,0,0,"Analysis_kri0015",2025-04-01,"AA-AA-000-0000"
"0X6103","Site",0,3,0,0,0,"Analysis_kri0015",2025-04-01,"AA-AA-000-0000"
"0X6174","Site",0,10,0,0,0,"Analysis_kri0015",2025-04-01,"AA-AA-000-0000"
"0X6252","Site",0,1,0,0,0,"Analysis_kri0015",2025-04-01,"AA-AA-000-0000"
"0X6258","Site",0,2,0,0,0,"Analysis_kri0015",2025-04-01,"AA-AA-000-0000"
"0X6305","Site",0,1,0,0,0,"Analysis_kri0015",2025-04-01,"AA-AA-000-0000"
"0X6380","Site",0,9,0,0,0,"Analysis_kri0015",2025-04-01,"AA-AA-000-0000"
"0X6558","Site",0,2,0,0,0,"Analysis_kri0015",2025-04-01,"AA-AA-000-0000"
"0X6710","Site",0,4,0,0,0,"Analysis_kri0015",2025-04-01,"AA-AA-000-0000"
"0X6937","Site",0,6,0,0,0,"Analysis_kri0015",2025-04-01,"AA-AA-000-0000"
"0X6959","Site",0,1,0,0,0,"Analysis_kri0015",2025-04-01,"AA-AA-000-0000"
"0X7012","Site",0,2,0,0,0,"Analysis_kri0015",2025-04-01,"AA-AA-000-0000"
"0X707","Site",0,4,0,0,0,"Analysis_kri0015",2025-04-01,"AA-AA-000-0000"
"0X7206","Site",0,9,0,0,0,"Analysis_kri0015",2025-04-01,"AA-AA-000-0000"
"0X7271","Site",0,4,0,0,0,"Analysis_kri0015",2025-04-01,"AA-AA-000-0000"
"0X7356","Site",0,2,0,0,0,"Analysis_kri0015",2025-04-01,"AA-AA-000-0000"
"0X7452","Site",0,2,0,0,0,"Analysis_kri0015",2025-04-01,"AA-AA-000-0000"
"0X7472","Site",0,8,0,0,0,"Analysis_kri0015",2025-04-01,"AA-AA-000-0000"
"0X7543","Site",0,7,0,0,0,"Analysis_kri0015",2025-04-01,"AA-AA-000-0000"
"0X7567","Site",0,1,0,0,0,"Analysis_kri0015",2025-04-01,"AA-AA-000-0000"
"0X7604","Site",0,7,0,0,0,"Analysis_kri0015",2025-04-01,"AA-AA-000-0000"
"0X769","Site",0,3,0,0,0,"Analysis_kri0015",2025-04-01,"AA-AA-000-0000"
"0X7690","Site",0,7,0,0,0,"Analysis_kri0015",2025-04-01,"AA-AA-000-0000"
"0X7767","Site",0,3,0,0,0,"Analysis_kri0015",2025-04-01,"AA-AA-000-0000"
"0X7770","Site",0,5,0,0,0,"Analysis_kri0015",2025-04-01,"AA-AA-000-0000"
"0X7795","Site",0,7,0,0,0,"Analysis_kri0015",2025-04-01,"AA-AA-000-0000"
"0X8040","Site",0,7,0,0,0,"Analysis_kri0015",2025-04-01,"AA-AA-000-0000"
"0X805","Site",0,4,0,0,0,"Analysis_kri0015",2025-04-01,"AA-AA-000-0000"
"0X8058","Site",0,4,0,0,0,"Analysis_kri0015",2025-04-01,"AA-AA-000-0000"
"0X8084","Site",0,4,0,0,0,"Analysis_kri0015",2025-04-01,"AA-AA-000-0000"
"0X8085","Site",0,4,0,0,0,"Analysis_kri0015",2025-04-01,"AA-AA-000-0000"
"0X8149","Site",0,1,0,0,0,"Analysis_kri0015",2025-04-01,"AA-AA-000-0000"
"0X8213","Site",0,7,0,0,0,"Analysis_kri0015",2025-04-01,"AA-AA-000-0000"
"0X8400","Site",0,10,0,0,0,"Analysis_kri0015",2025-04-01,"AA-AA-000-0000"
"0X8454","Site",0,3,0,0,0,"Analysis_kri0015",2025-04-01,"AA-AA-000-0000"
"0X8504","Site",0,8,0,0,0,"Analysis_kri0015",2025-04-01,"AA-AA-000-0000"
"0X853","Site",0,12,0,0,0,"Analysis_kri0015",2025-04-01,"AA-AA-000-0000"
"0X8530","Site",0,8,0,0,0,"Analysis_kri0015",2025-04-01,"AA-AA-000-0000"
"0X8676","Site",0,4,0,0,0,"Analysis_kri0015",2025-04-01,"AA-AA-000-0000"
"0X8705","Site",0,2,0,0,0,"Analysis_kri0015",2025-04-01,"AA-AA-000-0000"
"0X8706","Site",0,7,0,0,0,"Analysis_kri0015",2025-04-01,"AA-AA-000-0000"
"0X8743","Site",0,5,0,0,0,"Analysis_kri0015",2025-04-01,"AA-AA-000-0000"
"0X8829","Site",0,11,0,0,0,"Analysis_kri0015",2025-04-01,"AA-AA-000-0000"
"0X8950","Site",0,9,0,0,0,"Analysis_kri0015",2025-04-01,"AA-AA-000-0000"
"0X8997","Site",0,2,0,0,0,"Analysis_kri0015",2025-04-01,"AA-AA-000-0000"
"0X9046","Site",0,6,0,0,0,"Analysis_kri0015",2025-04-01,"AA-AA-000-0000"
"0X9062","Site",0,9,0,0,0,"Analysis_kri0015",2025-04-01,"AA-AA-000-0000"
"0X9066","Site",0,11,0,0,0,"Analysis_kri0015",2025-04-01,"AA-AA-000-0000"
"0X9144","Site",0,2,0,0,0,"Analysis_kri0015",2025-04-01,"AA-AA-000-0000"
"0X9184","Site",0,11,0,0,0,"Analysis_kri0015",2025-04-01,"AA-AA-000-0000"
"0X930","Site",0,7,0,0,0,"Analysis_kri0015",2025-04-01,"AA-AA-000-0000"
"0X9417","Site",0,2,0,0,0,"Analysis_kri0015",2025-04-01,"AA-AA-000-0000"
"0X9433","Site",0,2,0,0,0,"Analysis_kri0015",2025-04-01,"AA-AA-000-0000"
"0X958","Site",0,3,0,0,0,"Analysis_kri0015",2025-04-01,"AA-AA-000-0000"
"0X9595","Site",0,10,0,0,0,"Analysis_kri0015",2025-04-01,"AA-AA-000-0000"
"0X9626","Site",0,6,0,0,0,"Analysis_kri0015",2025-04-01,"AA-AA-000-0000"
"0X9779","Site",0,11,0,0,0,"Analysis_kri0015",2025-04-01,"AA-AA-000-0000"
"0X978","Site",0,1,0,0,0,"Analysis_kri0015",2025-04-01,"AA-AA-000-0000"
"0X9913","Site",0,2,0,0,0,"Analysis_kri0015",2025-04-01,"AA-AA-000-0000"
"0X9943","Site",0,1,0,0,0,"Analysis_kri0015",2025-04-01,"AA-AA-000-0000"
"0X4148","Site",2,5,0.4,3.05267326850884,2,"Analysis_kri0019",2025-04-01,"AA-AA-000-0000"
"0X7770","Site",2,5,0.4,3.05267326850884,2,"Analysis_kri0019",2025-04-01,"AA-AA-000-0000"
"0X1185","Site",3,8,0.375,3.5725182881696,2,"Analysis_kri0019",2025-04-01,"AA-AA-000-0000"
"0X2106","Site",3,9,0.333333333333333,3.27862268842848,2,"Analysis_kri0019",2025-04-01,"AA-AA-000-0000"
"0X5593","Site",3,9,0.333333333333333,3.27862268842848,2,"Analysis_kri0019",2025-04-01,"AA-AA-000-0000"
"0X9046","Site",2,6,0.333333333333333,2.67698421525392,1,"Analysis_kri0019",2025-04-01,"AA-AA-000-0000"
"0X3959","Site",2,7,0.285714285714286,2.37683178533561,1,"Analysis_kri0019",2025-04-01,"AA-AA-000-0000"
"0X5558","Site",2,8,0.25,2.12830876742019,1,"Analysis_kri0019",2025-04-01,"AA-AA-000-0000"
"0X8950","Site",2,9,0.222222222222222,1.91700889432703,0,"Analysis_kri0019",2025-04-01,"AA-AA-000-0000"
"0X1903","Site",2,11,0.181818181818182,1.5719437329454,0,"Analysis_kri0019",2025-04-01,"AA-AA-000-0000"
"0X9066","Site",2,11,0.181818181818182,1.5719437329454,0,"Analysis_kri0019",2025-04-01,"AA-AA-000-0000"
"0X2283","Site",1,2,0.5,NA,NA,"Analysis_kri0019",2025-04-01,"AA-AA-000-0000"
"0X6072","Site",1,2,0.5,NA,NA,"Analysis_kri0019",2025-04-01,"AA-AA-000-0000"
"0X5834","Site",1,3,0.333333333333333,NA,NA,"Analysis_kri0019",2025-04-01,"AA-AA-000-0000"
"0X2913","Site",1,4,0.25,NA,NA,"Analysis_kri0019",2025-04-01,"AA-AA-000-0000"
"0X4629","Site",1,4,0.25,NA,NA,"Analysis_kri0019",2025-04-01,"AA-AA-000-0000"
"0X1570","Site",1,5,0.2,NA,NA,"Analysis_kri0019",2025-04-01,"AA-AA-000-0000"
"0X4067","Site",1,5,0.2,NA,NA,"Analysis_kri0019",2025-04-01,"AA-AA-000-0000"
"0X6096","Site",1,5,0.2,NA,NA,"Analysis_kri0019",2025-04-01,"AA-AA-000-0000"
"0X5171","Site",1,7,0.142857142857143,NA,NA,"Analysis_kri0019",2025-04-01,"AA-AA-000-0000"
"0X7543","Site",1,7,0.142857142857143,NA,NA,"Analysis_kri0019",2025-04-01,"AA-AA-000-0000"
"0X7690","Site",1,7,0.142857142857143,NA,NA,"Analysis_kri0019",2025-04-01,"AA-AA-000-0000"
"0X8040","Site",1,7,0.142857142857143,NA,NA,"Analysis_kri0019",2025-04-01,"AA-AA-000-0000"
"0X930","Site",1,7,0.142857142857143,NA,NA,"Analysis_kri0019",2025-04-01,"AA-AA-000-0000"
"0X5111","Site",1,8,0.125,NA,NA,"Analysis_kri0019",2025-04-01,"AA-AA-000-0000"
"0X5562","Site",1,8,0.125,NA,NA,"Analysis_kri0019",2025-04-01,"AA-AA-000-0000"
"0X1070","Site",1,9,0.111111111111111,NA,NA,"Analysis_kri0019",2025-04-01,"AA-AA-000-0000"
"0X6380","Site",1,9,0.111111111111111,NA,NA,"Analysis_kri0019",2025-04-01,"AA-AA-000-0000"
"0X9062","Site",1,9,0.111111111111111,NA,NA,"Analysis_kri0019",2025-04-01,"AA-AA-000-0000"
"0X5705","Site",1,10,0.1,NA,NA,"Analysis_kri0019",2025-04-01,"AA-AA-000-0000"
"0X8400","Site",1,10,0.1,NA,NA,"Analysis_kri0019",2025-04-01,"AA-AA-000-0000"
"0X9595","Site",1,10,0.1,NA,NA,"Analysis_kri0019",2025-04-01,"AA-AA-000-0000"
"0X9779","Site",1,11,0.0909090909090909,NA,NA,"Analysis_kri0019",2025-04-01,"AA-AA-000-0000"
"0X853","Site",1,12,0.0833333333333333,NA,NA,"Analysis_kri0019",2025-04-01,"AA-AA-000-0000"
"0X6774","Site",1,13,0.0769230769230769,NA,NA,"Analysis_kri0019",2025-04-01,"AA-AA-000-0000"
"0X4621","Site",1,16,0.0625,NA,NA,"Analysis_kri0019",2025-04-01,"AA-AA-000-0000"
"0X6533","Site",0,14,0,NA,NA,"Analysis_kri0019",2025-04-01,"AA-AA-000-0000"
"0X108","Site",0,12,0,NA,NA,"Analysis_kri0019",2025-04-01,"AA-AA-000-0000"
"0X5569","Site",0,11,0,NA,NA,"Analysis_kri0019",2025-04-01,"AA-AA-000-0000"
"0X8829","Site",0,11,0,NA,NA,"Analysis_kri0019",2025-04-01,"AA-AA-000-0000"
"0X9184","Site",0,11,0,NA,NA,"Analysis_kri0019",2025-04-01,"AA-AA-000-0000"
"0X9845","Site",0,11,0,NA,NA,"Analysis_kri0019",2025-04-01,"AA-AA-000-0000"
"0X6174","Site",0,10,0,NA,NA,"Analysis_kri0019",2025-04-01,"AA-AA-000-0000"
"0X1571","Site",0,9,0,NA,NA,"Analysis_kri0019",2025-04-01,"AA-AA-000-0000"
"0X2131","Site",0,9,0,NA,NA,"Analysis_kri0019",2025-04-01,"AA-AA-000-0000"
"0X7206","Site",0,9,0,NA,NA,"Analysis_kri0019",2025-04-01,"AA-AA-000-0000"
"0X1464","Site",0,8,0,NA,NA,"Analysis_kri0019",2025-04-01,"AA-AA-000-0000"
"0X1505","Site",0,8,0,NA,NA,"Analysis_kri0019",2025-04-01,"AA-AA-000-0000"
"0X2896","Site",0,8,0,NA,NA,"Analysis_kri0019",2025-04-01,"AA-AA-000-0000"
"0X3137","Site",0,8,0,NA,NA,"Analysis_kri0019",2025-04-01,"AA-AA-000-0000"
"0X4131","Site",0,8,0,NA,NA,"Analysis_kri0019",2025-04-01,"AA-AA-000-0000"
"0X5729","Site",0,8,0,NA,NA,"Analysis_kri0019",2025-04-01,"AA-AA-000-0000"
"0X7472","Site",0,8,0,NA,NA,"Analysis_kri0019",2025-04-01,"AA-AA-000-0000"
"0X8504","Site",0,8,0,NA,NA,"Analysis_kri0019",2025-04-01,"AA-AA-000-0000"
"0X8530","Site",0,8,0,NA,NA,"Analysis_kri0019",2025-04-01,"AA-AA-000-0000"
"0X1012","Site",0,7,0,NA,NA,"Analysis_kri0019",2025-04-01,"AA-AA-000-0000"
"0X1154","Site",0,7,0,NA,NA,"Analysis_kri0019",2025-04-01,"AA-AA-000-0000"
"0X1330","Site",0,7,0,NA,NA,"Analysis_kri0019",2025-04-01,"AA-AA-000-0000"
"0X2026","Site",0,7,0,NA,NA,"Analysis_kri0019",2025-04-01,"AA-AA-000-0000"
"0X2587","Site",0,7,0,NA,NA,"Analysis_kri0019",2025-04-01,"AA-AA-000-0000"
"0X2996","Site",0,7,0,NA,NA,"Analysis_kri0019",2025-04-01,"AA-AA-000-0000"
"0X4343","Site",0,7,0,NA,NA,"Analysis_kri0019",2025-04-01,"AA-AA-000-0000"
"0X4935","Site",0,7,0,NA,NA,"Analysis_kri0019",2025-04-01,"AA-AA-000-0000"
"0X5053","Site",0,7,0,NA,NA,"Analysis_kri0019",2025-04-01,"AA-AA-000-0000"
"0X7604","Site",0,7,0,NA,NA,"Analysis_kri0019",2025-04-01,"AA-AA-000-0000"
"0X7795","Site",0,7,0,NA,NA,"Analysis_kri0019",2025-04-01,"AA-AA-000-0000"
"0X8213","Site",0,7,0,NA,NA,"Analysis_kri0019",2025-04-01,"AA-AA-000-0000"
"0X8706","Site",0,7,0,NA,NA,"Analysis_kri0019",2025-04-01,"AA-AA-000-0000"
"0X2453","Site",0,6,0,NA,NA,"Analysis_kri0019",2025-04-01,"AA-AA-000-0000"
"0X2521","Site",0,6,0,NA,NA,"Analysis_kri0019",2025-04-01,"AA-AA-000-0000"
"0X2594","Site",0,6,0,NA,NA,"Analysis_kri0019",2025-04-01,"AA-AA-000-0000"
"0X5512","Site",0,6,0,NA,NA,"Analysis_kri0019",2025-04-01,"AA-AA-000-0000"
"0X6937","Site",0,6,0,NA,NA,"Analysis_kri0019",2025-04-01,"AA-AA-000-0000"
"0X9626","Site",0,6,0,NA,NA,"Analysis_kri0019",2025-04-01,"AA-AA-000-0000"
"0X2460","Site",0,5,0,NA,NA,"Analysis_kri0019",2025-04-01,"AA-AA-000-0000"
"0X3469","Site",0,5,0,NA,NA,"Analysis_kri0019",2025-04-01,"AA-AA-000-0000"
"0X5907","Site",0,5,0,NA,NA,"Analysis_kri0019",2025-04-01,"AA-AA-000-0000"
"0X8743","Site",0,5,0,NA,NA,"Analysis_kri0019",2025-04-01,"AA-AA-000-0000"
"0X1167","Site",0,4,0,NA,NA,"Analysis_kri0019",2025-04-01,"AA-AA-000-0000"
"0X1365","Site",0,4,0,NA,NA,"Analysis_kri0019",2025-04-01,"AA-AA-000-0000"
"0X2873","Site",0,4,0,NA,NA,"Analysis_kri0019",2025-04-01,"AA-AA-000-0000"
"0X492","Site",0,4,0,NA,NA,"Analysis_kri0019",2025-04-01,"AA-AA-000-0000"
"0X5836","Site",0,4,0,NA,NA,"Analysis_kri0019",2025-04-01,"AA-AA-000-0000"
"0X6710","Site",0,4,0,NA,NA,"Analysis_kri0019",2025-04-01,"AA-AA-000-0000"
"0X707","Site",0,4,0,NA,NA,"Analysis_kri0019",2025-04-01,"AA-AA-000-0000"
"0X7271","Site",0,4,0,NA,NA,"Analysis_kri0019",2025-04-01,"AA-AA-000-0000"
"0X805","Site",0,4,0,NA,NA,"Analysis_kri0019",2025-04-01,"AA-AA-000-0000"
"0X8058","Site",0,4,0,NA,NA,"Analysis_kri0019",2025-04-01,"AA-AA-000-0000"
"0X8084","Site",0,4,0,NA,NA,"Analysis_kri0019",2025-04-01,"AA-AA-000-0000"
"0X8085","Site",0,4,0,NA,NA,"Analysis_kri0019",2025-04-01,"AA-AA-000-0000"
"0X8676","Site",0,4,0,NA,NA,"Analysis_kri0019",2025-04-01,"AA-AA-000-0000"
"0X1175","Site",0,3,0,NA,NA,"Analysis_kri0019",2025-04-01,"AA-AA-000-0000"
"0X1319","Site",0,3,0,NA,NA,"Analysis_kri0019",2025-04-01,"AA-AA-000-0000"
"0X1713","Site",0,3,0,NA,NA,"Analysis_kri0019",2025-04-01,"AA-AA-000-0000"
"0X2779","Site",0,3,0,NA,NA,"Analysis_kri0019",2025-04-01,"AA-AA-000-0000"
"0X2967","Site",0,3,0,NA,NA,"Analysis_kri0019",2025-04-01,"AA-AA-000-0000"
"0X4046","Site",0,3,0,NA,NA,"Analysis_kri0019",2025-04-01,"AA-AA-000-0000"
"0X4739","Site",0,3,0,NA,NA,"Analysis_kri0019",2025-04-01,"AA-AA-000-0000"
"0X4887","Site",0,3,0,NA,NA,"Analysis_kri0019",2025-04-01,"AA-AA-000-0000"
"0X525","Site",0,3,0,NA,NA,"Analysis_kri0019",2025-04-01,"AA-AA-000-0000"
"0X6103","Site",0,3,0,NA,NA,"Analysis_kri0019",2025-04-01,"AA-AA-000-0000"
"0X769","Site",0,3,0,NA,NA,"Analysis_kri0019",2025-04-01,"AA-AA-000-0000"
"0X7767","Site",0,3,0,NA,NA,"Analysis_kri0019",2025-04-01,"AA-AA-000-0000"
"0X8454","Site",0,3,0,NA,NA,"Analysis_kri0019",2025-04-01,"AA-AA-000-0000"
"0X958","Site",0,3,0,NA,NA,"Analysis_kri0019",2025-04-01,"AA-AA-000-0000"
"0X020","Site",0,2,0,NA,NA,"Analysis_kri0019",2025-04-01,"AA-AA-000-0000"
"0X1958","Site",0,2,0,NA,NA,"Analysis_kri0019",2025-04-01,"AA-AA-000-0000"
"0X2004","Site",0,2,0,NA,NA,"Analysis_kri0019",2025-04-01,"AA-AA-000-0000"
"0X2614","Site",0,2,0,NA,NA,"Analysis_kri0019",2025-04-01,"AA-AA-000-0000"
"0X3028","Site",0,2,0,NA,NA,"Analysis_kri0019",2025-04-01,"AA-AA-000-0000"
"0X3333","Site",0,2,0,NA,NA,"Analysis_kri0019",2025-04-01,"AA-AA-000-0000"
"0X3375","Site",0,2,0,NA,NA,"Analysis_kri0019",2025-04-01,"AA-AA-000-0000"
"0X4441","Site",0,2,0,NA,NA,"Analysis_kri0019",2025-04-01,"AA-AA-000-0000"
"0X4511","Site",0,2,0,NA,NA,"Analysis_kri0019",2025-04-01,"AA-AA-000-0000"
"0X5224","Site",0,2,0,NA,NA,"Analysis_kri0019",2025-04-01,"AA-AA-000-0000"
"0X5362","Site",0,2,0,NA,NA,"Analysis_kri0019",2025-04-01,"AA-AA-000-0000"
"0X6258","Site",0,2,0,NA,NA,"Analysis_kri0019",2025-04-01,"AA-AA-000-0000"
"0X6558","Site",0,2,0,NA,NA,"Analysis_kri0019",2025-04-01,"AA-AA-000-0000"
"0X7012","Site",0,2,0,NA,NA,"Analysis_kri0019",2025-04-01,"AA-AA-000-0000"
"0X7356","Site",0,2,0,NA,NA,"Analysis_kri0019",2025-04-01,"AA-AA-000-0000"
"0X7452","Site",0,2,0,NA,NA,"Analysis_kri0019",2025-04-01,"AA-AA-000-0000"
"0X8705","Site",0,2,0,NA,NA,"Analysis_kri0019",2025-04-01,"AA-AA-000-0000"
"0X8997","Site",0,2,0,NA,NA,"Analysis_kri0019",2025-04-01,"AA-AA-000-0000"
"0X9144","Site",0,2,0,NA,NA,"Analysis_kri0019",2025-04-01,"AA-AA-000-0000"
"0X9417","Site",0,2,0,NA,NA,"Analysis_kri0019",2025-04-01,"AA-AA-000-0000"
"0X9433","Site",0,2,0,NA,NA,"Analysis_kri0019",2025-04-01,"AA-AA-000-0000"
"0X9913","Site",0,2,0,NA,NA,"Analysis_kri0019",2025-04-01,"AA-AA-000-0000"
"0X077","Site",0,1,0,NA,NA,"Analysis_kri0019",2025-04-01,"AA-AA-000-0000"
"0X1302","Site",0,1,0,NA,NA,"Analysis_kri0019",2025-04-01,"AA-AA-000-0000"
"0X1655","Site",0,1,0,NA,NA,"Analysis_kri0019",2025-04-01,"AA-AA-000-0000"
"0X1794","Site",0,1,0,NA,NA,"Analysis_kri0019",2025-04-01,"AA-AA-000-0000"
"0X181","Site",0,1,0,NA,NA,"Analysis_kri0019",2025-04-01,"AA-AA-000-0000"
"0X2256","Site",0,1,0,NA,NA,"Analysis_kri0019",2025-04-01,"AA-AA-000-0000"
"0X2258","Site",0,1,0,NA,NA,"Analysis_kri0019",2025-04-01,"AA-AA-000-0000"
"0X2547","Site",0,1,0,NA,NA,"Analysis_kri0019",2025-04-01,"AA-AA-000-0000"
"0X2884","Site",0,1,0,NA,NA,"Analysis_kri0019",2025-04-01,"AA-AA-000-0000"
"0X5267","Site",0,1,0,NA,NA,"Analysis_kri0019",2025-04-01,"AA-AA-000-0000"
"0X6074","Site",0,1,0,NA,NA,"Analysis_kri0019",2025-04-01,"AA-AA-000-0000"
"0X6252","Site",0,1,0,NA,NA,"Analysis_kri0019",2025-04-01,"AA-AA-000-0000"
"0X6305","Site",0,1,0,NA,NA,"Analysis_kri0019",2025-04-01,"AA-AA-000-0000"
"0X6959","Site",0,1,0,NA,NA,"Analysis_kri0019",2025-04-01,"AA-AA-000-0000"
"0X7567","Site",0,1,0,NA,NA,"Analysis_kri0019",2025-04-01,"AA-AA-000-0000"
"0X8149","Site",0,1,0,NA,NA,"Analysis_kri0019",2025-04-01,"AA-AA-000-0000"
"0X978","Site",0,1,0,NA,NA,"Analysis_kri0019",2025-04-01,"AA-AA-000-0000"
"0X9943","Site",0,1,0,NA,NA,"Analysis_kri0019",2025-04-01,"AA-AA-000-0000"
"0X020","Site",0,176,0,0,NA,"Analysis_srs0001",2025-04-01,"AA-AA-000-0000"
"0X077","Site",0,176,0,0,NA,"Analysis_srs0001",2025-04-01,"AA-AA-000-0000"
"0X1012","Site",8,176,4.54545454545455,4.54545454545455,NA,"Analysis_srs0001",2025-04-01,"AA-AA-000-0000"
"0X1070","Site",24,176,13.6363636363636,13.6363636363636,NA,"Analysis_srs0001",2025-04-01,"AA-AA-000-0000"
"0X108","Site",16,176,9.09090909090909,9.09090909090909,NA,"Analysis_srs0001",2025-04-01,"AA-AA-000-0000"
"0X1154","Site",16,176,9.09090909090909,9.09090909090909,NA,"Analysis_srs0001",2025-04-01,"AA-AA-000-0000"
"0X1167","Site",0,176,0,0,NA,"Analysis_srs0001",2025-04-01,"AA-AA-000-0000"
"0X1175","Site",8,176,4.54545454545455,4.54545454545455,NA,"Analysis_srs0001",2025-04-01,"AA-AA-000-0000"
"0X1185","Site",48,176,27.2727272727273,27.2727272727273,NA,"Analysis_srs0001",2025-04-01,"AA-AA-000-0000"
"0X1302","Site",0,176,0,0,NA,"Analysis_srs0001",2025-04-01,"AA-AA-000-0000"
"0X1319","Site",0,176,0,0,NA,"Analysis_srs0001",2025-04-01,"AA-AA-000-0000"
"0X1330","Site",0,176,0,0,NA,"Analysis_srs0001",2025-04-01,"AA-AA-000-0000"
"0X1365","Site",1,176,0.568181818181818,0.568181818181818,NA,"Analysis_srs0001",2025-04-01,"AA-AA-000-0000"
"0X1464","Site",16,176,9.09090909090909,9.09090909090909,NA,"Analysis_srs0001",2025-04-01,"AA-AA-000-0000"
"0X1505","Site",16,176,9.09090909090909,9.09090909090909,NA,"Analysis_srs0001",2025-04-01,"AA-AA-000-0000"
"0X1570","Site",16,176,9.09090909090909,9.09090909090909,NA,"Analysis_srs0001",2025-04-01,"AA-AA-000-0000"
"0X1571","Site",16,176,9.09090909090909,9.09090909090909,NA,"Analysis_srs0001",2025-04-01,"AA-AA-000-0000"
"0X1655","Site",0,176,0,0,NA,"Analysis_srs0001",2025-04-01,"AA-AA-000-0000"
"0X1713","Site",0,176,0,0,NA,"Analysis_srs0001",2025-04-01,"AA-AA-000-0000"
"0X1794","Site",0,176,0,0,NA,"Analysis_srs0001",2025-04-01,"AA-AA-000-0000"
"0X181","Site",0,176,0,0,NA,"Analysis_srs0001",2025-04-01,"AA-AA-000-0000"
"0X1903","Site",16,176,9.09090909090909,9.09090909090909,NA,"Analysis_srs0001",2025-04-01,"AA-AA-000-0000"
"0X1958","Site",0,176,0,0,NA,"Analysis_srs0001",2025-04-01,"AA-AA-000-0000"
"0X2004","Site",0,176,0,0,NA,"Analysis_srs0001",2025-04-01,"AA-AA-000-0000"
"0X2026","Site",1,176,0.568181818181818,0.568181818181818,NA,"Analysis_srs0001",2025-04-01,"AA-AA-000-0000"
"0X2106","Site",48,176,27.2727272727273,27.2727272727273,NA,"Analysis_srs0001",2025-04-01,"AA-AA-000-0000"
"0X2131","Site",16,176,9.09090909090909,9.09090909090909,NA,"Analysis_srs0001",2025-04-01,"AA-AA-000-0000"
"0X2256","Site",0,176,0,0,NA,"Analysis_srs0001",2025-04-01,"AA-AA-000-0000"
"0X2258","Site",0,176,0,0,NA,"Analysis_srs0001",2025-04-01,"AA-AA-000-0000"
"0X2283","Site",0,176,0,0,NA,"Analysis_srs0001",2025-04-01,"AA-AA-000-0000"
"0X2453","Site",8,176,4.54545454545455,4.54545454545455,NA,"Analysis_srs0001",2025-04-01,"AA-AA-000-0000"
"0X2460","Site",0,176,0,0,NA,"Analysis_srs0001",2025-04-01,"AA-AA-000-0000"
"0X2521","Site",32,176,18.1818181818182,18.1818181818182,NA,"Analysis_srs0001",2025-04-01,"AA-AA-000-0000"
"0X2547","Site",0,176,0,0,NA,"Analysis_srs0001",2025-04-01,"AA-AA-000-0000"
"0X2587","Site",16,176,9.09090909090909,9.09090909090909,NA,"Analysis_srs0001",2025-04-01,"AA-AA-000-0000"
"0X2594","Site",0,176,0,0,NA,"Analysis_srs0001",2025-04-01,"AA-AA-000-0000"
"0X2614","Site",8,176,4.54545454545455,4.54545454545455,NA,"Analysis_srs0001",2025-04-01,"AA-AA-000-0000"
"0X2779","Site",16,176,9.09090909090909,9.09090909090909,NA,"Analysis_srs0001",2025-04-01,"AA-AA-000-0000"
"0X2873","Site",8,176,4.54545454545455,4.54545454545455,NA,"Analysis_srs0001",2025-04-01,"AA-AA-000-0000"
"0X2884","Site",0,176,0,0,NA,"Analysis_srs0001",2025-04-01,"AA-AA-000-0000"
"0X2896","Site",24,176,13.6363636363636,13.6363636363636,NA,"Analysis_srs0001",2025-04-01,"AA-AA-000-0000"
"0X2913","Site",8,176,4.54545454545455,4.54545454545455,NA,"Analysis_srs0001",2025-04-01,"AA-AA-000-0000"
"0X2967","Site",0,176,0,0,NA,"Analysis_srs0001",2025-04-01,"AA-AA-000-0000"
"0X2996","Site",16,176,9.09090909090909,9.09090909090909,NA,"Analysis_srs0001",2025-04-01,"AA-AA-000-0000"
"0X3028","Site",0,176,0,0,NA,"Analysis_srs0001",2025-04-01,"AA-AA-000-0000"
"0X3137","Site",16,176,9.09090909090909,9.09090909090909,NA,"Analysis_srs0001",2025-04-01,"AA-AA-000-0000"
"0X3333","Site",0,176,0,0,NA,"Analysis_srs0001",2025-04-01,"AA-AA-000-0000"
"0X3375","Site",0,176,0,0,NA,"Analysis_srs0001",2025-04-01,"AA-AA-000-0000"
"0X3469","Site",0,176,0,0,NA,"Analysis_srs0001",2025-04-01,"AA-AA-000-0000"
"0X3959","Site",32,176,18.1818181818182,18.1818181818182,NA,"Analysis_srs0001",2025-04-01,"AA-AA-000-0000"
"0X4046","Site",0,176,0,0,NA,"Analysis_srs0001",2025-04-01,"AA-AA-000-0000"
"0X4067","Site",16,176,9.09090909090909,9.09090909090909,NA,"Analysis_srs0001",2025-04-01,"AA-AA-000-0000"
"0X4131","Site",16,176,9.09090909090909,9.09090909090909,NA,"Analysis_srs0001",2025-04-01,"AA-AA-000-0000"
"0X4148","Site",40,176,22.7272727272727,22.7272727272727,NA,"Analysis_srs0001",2025-04-01,"AA-AA-000-0000"
"0X4343","Site",0,176,0,0,NA,"Analysis_srs0001",2025-04-01,"AA-AA-000-0000"
"0X4441","Site",0,176,0,0,NA,"Analysis_srs0001",2025-04-01,"AA-AA-000-0000"
"0X4511","Site",16,176,9.09090909090909,9.09090909090909,NA,"Analysis_srs0001",2025-04-01,"AA-AA-000-0000"
"0X4621","Site",16,176,9.09090909090909,9.09090909090909,NA,"Analysis_srs0001",2025-04-01,"AA-AA-000-0000"
"0X4629","Site",8,176,4.54545454545455,4.54545454545455,NA,"Analysis_srs0001",2025-04-01,"AA-AA-000-0000"
"0X4739","Site",8,176,4.54545454545455,4.54545454545455,NA,"Analysis_srs0001",2025-04-01,"AA-AA-000-0000"
"0X4887","Site",0,176,0,0,NA,"Analysis_srs0001",2025-04-01,"AA-AA-000-0000"
"0X492","Site",0,176,0,0,NA,"Analysis_srs0001",2025-04-01,"AA-AA-000-0000"
"0X4935","Site",16,176,9.09090909090909,9.09090909090909,NA,"Analysis_srs0001",2025-04-01,"AA-AA-000-0000"
"0X5053","Site",8,176,4.54545454545455,4.54545454545455,NA,"Analysis_srs0001",2025-04-01,"AA-AA-000-0000"
"0X5111","Site",18,176,10.2272727272727,10.2272727272727,NA,"Analysis_srs0001",2025-04-01,"AA-AA-000-0000"
"0X5171","Site",16,176,9.09090909090909,9.09090909090909,NA,"Analysis_srs0001",2025-04-01,"AA-AA-000-0000"
"0X5224","Site",16,176,9.09090909090909,9.09090909090909,NA,"Analysis_srs0001",2025-04-01,"AA-AA-000-0000"
"0X525","Site",24,176,13.6363636363636,13.6363636363636,NA,"Analysis_srs0001",2025-04-01,"AA-AA-000-0000"
"0X5267","Site",0,176,0,0,NA,"Analysis_srs0001",2025-04-01,"AA-AA-000-0000"
"0X5362","Site",0,176,0,0,NA,"Analysis_srs0001",2025-04-01,"AA-AA-000-0000"
"0X5512","Site",16,176,9.09090909090909,9.09090909090909,NA,"Analysis_srs0001",2025-04-01,"AA-AA-000-0000"
"0X5558","Site",32,176,18.1818181818182,18.1818181818182,NA,"Analysis_srs0001",2025-04-01,"AA-AA-000-0000"
"0X5562","Site",32,176,18.1818181818182,18.1818181818182,NA,"Analysis_srs0001",2025-04-01,"AA-AA-000-0000"
"0X5569","Site",8,176,4.54545454545455,4.54545454545455,NA,"Analysis_srs0001",2025-04-01,"AA-AA-000-0000"
"0X5593","Site",40,176,22.7272727272727,22.7272727272727,NA,"Analysis_srs0001",2025-04-01,"AA-AA-000-0000"
"0X5705","Site",16,176,9.09090909090909,9.09090909090909,NA,"Analysis_srs0001",2025-04-01,"AA-AA-000-0000"
"0X5729","Site",0,176,0,0,NA,"Analysis_srs0001",2025-04-01,"AA-AA-000-0000"
"0X5834","Site",0,176,0,0,NA,"Analysis_srs0001",2025-04-01,"AA-AA-000-0000"
"0X5836","Site",0,176,0,0,NA,"Analysis_srs0001",2025-04-01,"AA-AA-000-0000"
"0X5907","Site",0,176,0,0,NA,"Analysis_srs0001",2025-04-01,"AA-AA-000-0000"
"0X6072","Site",0,176,0,0,NA,"Analysis_srs0001",2025-04-01,"AA-AA-000-0000"
"0X6074","Site",0,176,0,0,NA,"Analysis_srs0001",2025-04-01,"AA-AA-000-0000"
"0X6096","Site",16,176,9.09090909090909,9.09090909090909,NA,"Analysis_srs0001",2025-04-01,"AA-AA-000-0000"
"0X6103","Site",8,176,4.54545454545455,4.54545454545455,NA,"Analysis_srs0001",2025-04-01,"AA-AA-000-0000"
"0X6174","Site",16,176,9.09090909090909,9.09090909090909,NA,"Analysis_srs0001",2025-04-01,"AA-AA-000-0000"
"0X6252","Site",0,176,0,0,NA,"Analysis_srs0001",2025-04-01,"AA-AA-000-0000"
"0X6258","Site",0,176,0,0,NA,"Analysis_srs0001",2025-04-01,"AA-AA-000-0000"
"0X6305","Site",0,176,0,0,NA,"Analysis_srs0001",2025-04-01,"AA-AA-000-0000"
"0X6380","Site",16,176,9.09090909090909,9.09090909090909,NA,"Analysis_srs0001",2025-04-01,"AA-AA-000-0000"
"0X6533","Site",24,176,13.6363636363636,13.6363636363636,NA,"Analysis_srs0001",2025-04-01,"AA-AA-000-0000"
"0X6558","Site",0,176,0,0,NA,"Analysis_srs0001",2025-04-01,"AA-AA-000-0000"
"0X6710","Site",16,176,9.09090909090909,9.09090909090909,NA,"Analysis_srs0001",2025-04-01,"AA-AA-000-0000"
"0X6774","Site",24,176,13.6363636363636,13.6363636363636,NA,"Analysis_srs0001",2025-04-01,"AA-AA-000-0000"
"0X6937","Site",24,176,13.6363636363636,13.6363636363636,NA,"Analysis_srs0001",2025-04-01,"AA-AA-000-0000"
"0X6959","Site",0,176,0,0,NA,"Analysis_srs0001",2025-04-01,"AA-AA-000-0000"
"0X7012","Site",0,176,0,0,NA,"Analysis_srs0001",2025-04-01,"AA-AA-000-0000"
"0X707","Site",8,176,4.54545454545455,4.54545454545455,NA,"Analysis_srs0001",2025-04-01,"AA-AA-000-0000"
"0X7206","Site",16,176,9.09090909090909,9.09090909090909,NA,"Analysis_srs0001",2025-04-01,"AA-AA-000-0000"
"0X7271","Site",0,176,0,0,NA,"Analysis_srs0001",2025-04-01,"AA-AA-000-0000"
"0X7356","Site",0,176,0,0,NA,"Analysis_srs0001",2025-04-01,"AA-AA-000-0000"
"0X7452","Site",0,176,0,0,NA,"Analysis_srs0001",2025-04-01,"AA-AA-000-0000"
"0X7472","Site",16,176,9.09090909090909,9.09090909090909,NA,"Analysis_srs0001",2025-04-01,"AA-AA-000-0000"
"0X7543","Site",16,176,9.09090909090909,9.09090909090909,NA,"Analysis_srs0001",2025-04-01,"AA-AA-000-0000"
"0X7567","Site",0,176,0,0,NA,"Analysis_srs0001",2025-04-01,"AA-AA-000-0000"
"0X7604","Site",0,176,0,0,NA,"Analysis_srs0001",2025-04-01,"AA-AA-000-0000"
"0X769","Site",1,176,0.568181818181818,0.568181818181818,NA,"Analysis_srs0001",2025-04-01,"AA-AA-000-0000"
"0X7690","Site",0,176,0,0,NA,"Analysis_srs0001",2025-04-01,"AA-AA-000-0000"
"0X7767","Site",0,176,0,0,NA,"Analysis_srs0001",2025-04-01,"AA-AA-000-0000"
"0X7770","Site",48,176,27.2727272727273,27.2727272727273,NA,"Analysis_srs0001",2025-04-01,"AA-AA-000-0000"
"0X7795","Site",16,176,9.09090909090909,9.09090909090909,NA,"Analysis_srs0001",2025-04-01,"AA-AA-000-0000"
"0X8040","Site",9,176,5.11363636363636,5.11363636363636,NA,"Analysis_srs0001",2025-04-01,"AA-AA-000-0000"
"0X805","Site",0,176,0,0,NA,"Analysis_srs0001",2025-04-01,"AA-AA-000-0000"
"0X8058","Site",1,176,0.568181818181818,0.568181818181818,NA,"Analysis_srs0001",2025-04-01,"AA-AA-000-0000"
"0X8084","Site",0,176,0,0,NA,"Analysis_srs0001",2025-04-01,"AA-AA-000-0000"
"0X8085","Site",0,176,0,0,NA,"Analysis_srs0001",2025-04-01,"AA-AA-000-0000"
"0X8149","Site",0,176,0,0,NA,"Analysis_srs0001",2025-04-01,"AA-AA-000-0000"
"0X8213","Site",8,176,4.54545454545455,4.54545454545455,NA,"Analysis_srs0001",2025-04-01,"AA-AA-000-0000"
"0X8400","Site",16,176,9.09090909090909,9.09090909090909,NA,"Analysis_srs0001",2025-04-01,"AA-AA-000-0000"
"0X8454","Site",0,176,0,0,NA,"Analysis_srs0001",2025-04-01,"AA-AA-000-0000"
"0X8504","Site",8,176,4.54545454545455,4.54545454545455,NA,"Analysis_srs0001",2025-04-01,"AA-AA-000-0000"
"0X853","Site",16,176,9.09090909090909,9.09090909090909,NA,"Analysis_srs0001",2025-04-01,"AA-AA-000-0000"
"0X8530","Site",16,176,9.09090909090909,9.09090909090909,NA,"Analysis_srs0001",2025-04-01,"AA-AA-000-0000"
"0X8676","Site",16,176,9.09090909090909,9.09090909090909,NA,"Analysis_srs0001",2025-04-01,"AA-AA-000-0000"
"0X8705","Site",0,176,0,0,NA,"Analysis_srs0001",2025-04-01,"AA-AA-000-0000"
"0X8706","Site",16,176,9.09090909090909,9.09090909090909,NA,"Analysis_srs0001",2025-04-01,"AA-AA-000-0000"
"0X8743","Site",16,176,9.09090909090909,9.09090909090909,NA,"Analysis_srs0001",2025-04-01,"AA-AA-000-0000"
"0X8829","Site",16,176,9.09090909090909,9.09090909090909,NA,"Analysis_srs0001",2025-04-01,"AA-AA-000-0000"
"0X8950","Site",16,176,9.09090909090909,9.09090909090909,NA,"Analysis_srs0001",2025-04-01,"AA-AA-000-0000"
"0X8997","Site",0,176,0,0,NA,"Analysis_srs0001",2025-04-01,"AA-AA-000-0000"
"0X9046","Site",16,176,9.09090909090909,9.09090909090909,NA,"Analysis_srs0001",2025-04-01,"AA-AA-000-0000"
"0X9062","Site",16,176,9.09090909090909,9.09090909090909,NA,"Analysis_srs0001",2025-04-01,"AA-AA-000-0000"
"0X9066","Site",16,176,9.09090909090909,9.09090909090909,NA,"Analysis_srs0001",2025-04-01,"AA-AA-000-0000"
"0X9144","Site",0,176,0,0,NA,"Analysis_srs0001",2025-04-01,"AA-AA-000-0000"
"0X9184","Site",8,176,4.54545454545455,4.54545454545455,NA,"Analysis_srs0001",2025-04-01,"AA-AA-000-0000"
"0X930","Site",8,176,4.54545454545455,4.54545454545455,NA,"Analysis_srs0001",2025-04-01,"AA-AA-000-0000"
"0X9417","Site",0,176,0,0,NA,"Analysis_srs0001",2025-04-01,"AA-AA-000-0000"
"0X9433","Site",0,176,0,0,NA,"Analysis_srs0001",2025-04-01,"AA-AA-000-0000"
"0X958","Site",0,176,0,0,NA,"Analysis_srs0001",2025-04-01,"AA-AA-000-0000"
"0X9595","Site",32,176,18.1818181818182,18.1818181818182,NA,"Analysis_srs0001",2025-04-01,"AA-AA-000-0000"
"0X9626","Site",0,176,0,0,NA,"Analysis_srs0001",2025-04-01,"AA-AA-000-0000"
"0X9779","Site",16,176,9.09090909090909,9.09090909090909,NA,"Analysis_srs0001",2025-04-01,"AA-AA-000-0000"
"0X978","Site",0,176,0,0,NA,"Analysis_srs0001",2025-04-01,"AA-AA-000-0000"
"0X9845","Site",24,176,13.6363636363636,13.6363636363636,NA,"Analysis_srs0001",2025-04-01,"AA-AA-000-0000"
"0X9913","Site",0,176,0,0,NA,"Analysis_srs0001",2025-04-01,"AA-AA-000-0000"
"0X9943","Site",16,176,9.09090909090909,9.09090909090909,NA,"Analysis_srs0001",2025-04-01,"AA-AA-000-0000"
